condition_id	arm	tier	ptype	host	gem	n_units	is_control	citation	note	gene	element	target_mnxm	target_name	target_basis	expected_dir	essential_on_glucose_minimal	is_neg	obs_id	host_gem_is_proxy
LASER:Record1419611157.49:M1__S	gof	scored	add+del	MG1655	iML1515	14		LASER doi:http://dx.doi.org/10.1016/j.ymben.2012.08.008		fabD:del|fabZ:reg+|acyl-coa thioesterase:add	S	MNXM5959,MNXM727023,MNXM728588,MNXM728721,MNXM733048,MNXM733096,MNXM733304,MNXM733433,MNXM735180,MNXM738485,MNXM741741	Trans-3-cis-5-dodecenoyl-[acyl-carrier protein];Enoylpimeloyl-[acp] methyl ester;Trans-Oct-2-enoyl-[acyl-carrier protein];Trans-Tetradec-2-enoyl-[acyl-carrier protein];(R)-3-Hydroxyhexanoyl-[acyl-carrier protein];R-3-hydroxypalmitoyl-[acyl-carrier protein];(R)-3-Hydroxydodecanoyl-[acyl-carrier protein];trans-Dec-2-enoyl-[acp];(R)-3-Hydroxyoctadecanoyl-[acyl-carrier protein];(3R)-3-Hydroxyacyl-[acyl-carrier protein];3-Hydroxyglutaryl-[acp] methyl ester	mechanical	+			LASER:Record1419611157.49:M1	0
LASER:Record1419611157.49:M1__C	gof	scored	add+del	MG1655	iML1515	14		LASER doi:http://dx.doi.org/10.1016/j.ymben.2012.08.008		fabD:del|fabZ:reg+|acyl-coa thioesterase:add	C	MNXM5959,MNXM727023,MNXM728578,MNXM728588,MNXM728721,MNXM733048,MNXM733096,MNXM733304,MNXM733433,MNXM735180,MNXM738485,MNXM741741	Trans-3-cis-5-dodecenoyl-[acyl-carrier protein];Enoylpimeloyl-[acp] methyl ester;Fatty-Acids;Trans-Oct-2-enoyl-[acyl-carrier protein];Trans-Tetradec-2-enoyl-[acyl-carrier protein];(R)-3-Hydroxyhexanoyl-[acyl-carrier protein];R-3-hydroxypalmitoyl-[acyl-carrier protein];(R)-3-Hydroxydodecanoyl-[acyl-carrier protein];trans-Dec-2-enoyl-[acp];(R)-3-Hydroxyoctadecanoyl-[acyl-carrier protein];(3R)-3-Hydroxyacyl-[acyl-carrier protein];3-Hydroxyglutaryl-[acp] methyl ester	mechanical,resolved	+			LASER:Record1419611157.49:M1	0
LASER:Record1419611157.49:M1__N	gof	scored	add+del	MG1655	iML1515	14		LASER doi:http://dx.doi.org/10.1016/j.ymben.2012.08.008		fabD:del|fabZ:reg+|acyl-coa thioesterase:add	N	MNXM5959,MNXM728588,MNXM728721,MNXM733048,MNXM733096,MNXM733304,MNXM735180,MNXM738485	Trans-3-cis-5-dodecenoyl-[acyl-carrier protein];Trans-Oct-2-enoyl-[acyl-carrier protein];Trans-Tetradec-2-enoyl-[acyl-carrier protein];(R)-3-Hydroxyhexanoyl-[acyl-carrier protein];R-3-hydroxypalmitoyl-[acyl-carrier protein];(R)-3-Hydroxydodecanoyl-[acyl-carrier protein];(R)-3-Hydroxyoctadecanoyl-[acyl-carrier protein];(3R)-3-Hydroxyacyl-[acyl-carrier protein]	mechanical	+			LASER:Record1419611157.49:M1	0
LASER:Record1419611157.49:M1__P	gof	scored	add+del	MG1655	iML1515	14		LASER doi:http://dx.doi.org/10.1016/j.ymben.2012.08.008		fabD:del|fabZ:reg+|acyl-coa thioesterase:add	P	MNXM5959,MNXM728588,MNXM728721,MNXM733048,MNXM733096,MNXM733304,MNXM735180,MNXM738485	Trans-3-cis-5-dodecenoyl-[acyl-carrier protein];Trans-Oct-2-enoyl-[acyl-carrier protein];Trans-Tetradec-2-enoyl-[acyl-carrier protein];(R)-3-Hydroxyhexanoyl-[acyl-carrier protein];R-3-hydroxypalmitoyl-[acyl-carrier protein];(R)-3-Hydroxydodecanoyl-[acyl-carrier protein];(R)-3-Hydroxyoctadecanoyl-[acyl-carrier protein];(3R)-3-Hydroxyacyl-[acyl-carrier protein]	mechanical	+			LASER:Record1419611157.49:M1	0
LASER:Record1419612180.15:M1__C	gof	scored	add	K-12	iML1515	3		LASER doi:10.1007/s00253-011-3199-1		ispS:add|dxr:add|dxs:add	C	MNXM132,MNXM3288,MNXM5,MNXM622,MNXM730435	dimethylallyl diphosphate;isoprene;NADP(+);1-deoxy-D-xylulose 5-phosphate;2-C-methyl-D-erythritol 4-phosphate	mechanical,resolved	+			LASER:Record1419612180.15:M1	0
LASER:Record1419612180.15:M1__P	gof	scored	add	K-12	iML1515	3		LASER doi:10.1007/s00253-011-3199-1		ispS:add|dxr:add|dxs:add	P	MNXM132,MNXM5,MNXM622,MNXM730435	dimethylallyl diphosphate;NADP(+);1-deoxy-D-xylulose 5-phosphate;2-C-methyl-D-erythritol 4-phosphate	mechanical	+			LASER:Record1419612180.15:M1	0
LASER:Record1419612180.15:M1__N	gof	scored	add	K-12	iML1515	3		LASER doi:10.1007/s00253-011-3199-1		ispS:add|dxr:add|dxs:add	N	MNXM5	NADP(+)	mechanical	+			LASER:Record1419612180.15:M1	0
LASER:Record1419612292.57:M1__C	gof	scored	add	K-12	iML1515	3		LASER doi:10.1007/s00253-011-3199-1		ispS:add|dxr:add|dxs:add	C	MNXM132,MNXM3288,MNXM5,MNXM622,MNXM730435	dimethylallyl diphosphate;isoprene;NADP(+);1-deoxy-D-xylulose 5-phosphate;2-C-methyl-D-erythritol 4-phosphate	mechanical,resolved	+			LASER:Record1419612292.57:M1	0
LASER:Record1419612292.57:M1__P	gof	scored	add	K-12	iML1515	3		LASER doi:10.1007/s00253-011-3199-1		ispS:add|dxr:add|dxs:add	P	MNXM132,MNXM5,MNXM622,MNXM730435	dimethylallyl diphosphate;NADP(+);1-deoxy-D-xylulose 5-phosphate;2-C-methyl-D-erythritol 4-phosphate	mechanical	+			LASER:Record1419612292.57:M1	0
LASER:Record1419612292.57:M1__N	gof	scored	add	K-12	iML1515	3		LASER doi:10.1007/s00253-011-3199-1		ispS:add|dxr:add|dxs:add	N	MNXM5	NADP(+)	mechanical	+			LASER:Record1419612292.57:M1	0
LASER:Record1419612901.79:M1__C	gof	scored	add	MG1655	iML1515	10		LASER doi:10.1073/pnas.1006138107		idi:reg+|ispF:reg+|ispD:reg+|dxs:reg+|TPS-LAS:add|GGPPS:add	C	MNXM1363833,MNXM1641,MNXM622,MNXM730948,MNXM738940,MNXM83	(2E,6E)-farnesyl diphosphate;4-CDP-2-C-methyl-D-erythritol 2-phosphate;1-deoxy-D-xylulose 5-phosphate;4-CDP-2-C-methyl-D-erythritol;(+)-copalyl diphosphate;isopentenyl diphosphate	mechanical	+			LASER:Record1419612901.79:M1	0
LASER:Record1419612901.79:M1__P	gof	scored	add	MG1655	iML1515	10		LASER doi:10.1073/pnas.1006138107		idi:reg+|ispF:reg+|ispD:reg+|dxs:reg+|TPS-LAS:add|GGPPS:add	P	MNXM1363833,MNXM1641,MNXM622,MNXM730948,MNXM738940,MNXM83	(2E,6E)-farnesyl diphosphate;4-CDP-2-C-methyl-D-erythritol 2-phosphate;1-deoxy-D-xylulose 5-phosphate;4-CDP-2-C-methyl-D-erythritol;(+)-copalyl diphosphate;isopentenyl diphosphate	mechanical	+			LASER:Record1419612901.79:M1	0
LASER:Record1419612901.79:M1__N	gof	scored	add	MG1655	iML1515	10		LASER doi:10.1073/pnas.1006138107		idi:reg+|ispF:reg+|ispD:reg+|dxs:reg+|TPS-LAS:add|GGPPS:add	N	MNXM1641,MNXM730948	4-CDP-2-C-methyl-D-erythritol 2-phosphate;4-CDP-2-C-methyl-D-erythritol	mechanical	+			LASER:Record1419612901.79:M1	0
LASER:Record1419614251.13:M1__N	gof	scored	add+del	MG1655	iML1515	1		LASER doi:10.1134/S000368381008003X		atoC:mut|atoB:reg+|ldhA:del|fadR:del|adhE:mut	N	MNXM1104266	acetyl-CoA	mechanical	+			LASER:Record1419614251.13:M1	0
LASER:Record1419614251.13:M1__S	gof	scored	add+del	MG1655	iML1515	1		LASER doi:10.1134/S000368381008003X		atoC:mut|atoB:reg+|ldhA:del|fadR:del|adhE:mut	S	MNXM1104266	acetyl-CoA	mechanical	+			LASER:Record1419614251.13:M1	0
LASER:Record1419614251.13:M1__C	gof	scored	add+del	MG1655	iML1515	1		LASER doi:10.1134/S000368381008003X		atoC:mut|atoB:reg+|ldhA:del|fadR:del|adhE:mut	C	MNXM1104266,MNXM458	acetyl-CoA;butanoate	mechanical,resolved	+			LASER:Record1419614251.13:M1	0
LASER:Record1419614251.13:M1__P	gof	scored	add+del	MG1655	iML1515	1		LASER doi:10.1134/S000368381008003X		atoC:mut|atoB:reg+|ldhA:del|fadR:del|adhE:mut	P	MNXM1104266	acetyl-CoA	mechanical	+			LASER:Record1419614251.13:M1	0
LASER:Record1419616868.41:M1__C	gof	scored	add+del	W	iML1515	2		LASER doi:10.1007/s10529-009-0011-8		mgsA:del|ldhA:del|ackA:del|frdA:del|adhE:del|adhB:add|pdc:add|frdB:del|frdC:del|frdD:del	C	MNXM1108092,MNXM23,MNXM8	ethanol;pyruvate;NAD(+)	mechanical	+			LASER:Record1419616868.41:M1	1
LASER:Record1419616868.41:M1__N	gof	scored	add+del	W	iML1515	2		LASER doi:10.1007/s10529-009-0011-8		mgsA:del|ldhA:del|ackA:del|frdA:del|adhE:del|adhB:add|pdc:add|frdB:del|frdC:del|frdD:del	N	MNXM8	NAD(+)	mechanical	+			LASER:Record1419616868.41:M1	1
LASER:Record1419616868.41:M1__P	gof	scored	add+del	W	iML1515	2		LASER doi:10.1007/s10529-009-0011-8		mgsA:del|ldhA:del|ackA:del|frdA:del|adhE:del|adhB:add|pdc:add|frdB:del|frdC:del|frdD:del	P	MNXM8	NAD(+)	mechanical	+			LASER:Record1419616868.41:M1	1
LASER:Record1419618019.85:M1__C	gof	scored	add+del	DH10B	iECDH10B	12		LASER doi:doi:10.1038/nbt.2149		tesA:del|fadR:mut|fadD:reg+|atfA:reg+|adhB:add|pdc:add	C	MNXM1092836,MNXM1106160,MNXM1108092,MNXM1364251,MNXM1364393,MNXM1364443,MNXM1653,MNXM23,MNXM236,MNXM314,MNXM402,MNXM750,MNXM8	decanoyl-CoA;hexadecanoyl-CoA;ethanol;(9Z)-hexadecenoyl-CoA;(9Z)-octadecenoate;(9E)-tetradecenoic acid;hexanoate;pyruvate;octadecanoate;tetradecanoate;dodecanoate;octanoate;NAD(+)	mechanical	+			LASER:Record1419618019.85:M1	0
LASER:Record1419618019.85:M1__N	gof	scored	add+del	DH10B	iECDH10B	12		LASER doi:doi:10.1038/nbt.2149		tesA:del|fadR:mut|fadD:reg+|atfA:reg+|adhB:add|pdc:add	N	MNXM1092836,MNXM1106160,MNXM1364251,MNXM8	decanoyl-CoA;hexadecanoyl-CoA;(9Z)-hexadecenoyl-CoA;NAD(+)	mechanical	+			LASER:Record1419618019.85:M1	0
LASER:Record1419618019.85:M1__S	gof	scored	add+del	DH10B	iECDH10B	12		LASER doi:doi:10.1038/nbt.2149		tesA:del|fadR:mut|fadD:reg+|atfA:reg+|adhB:add|pdc:add	S	MNXM1092836,MNXM1106160,MNXM1364251	decanoyl-CoA;hexadecanoyl-CoA;(9Z)-hexadecenoyl-CoA	mechanical	+			LASER:Record1419618019.85:M1	0
LASER:Record1419618019.85:M1__P	gof	scored	add+del	DH10B	iECDH10B	12		LASER doi:doi:10.1038/nbt.2149		tesA:del|fadR:mut|fadD:reg+|atfA:reg+|adhB:add|pdc:add	P	MNXM1092836,MNXM1106160,MNXM1364251,MNXM8	decanoyl-CoA;hexadecanoyl-CoA;(9Z)-hexadecenoyl-CoA;NAD(+)	mechanical	+			LASER:Record1419618019.85:M1	0
LASER:Record1419618777.21:M1__C	gof	scored	add+del	MG1655	iML1515	12		LASER doi:10.1128/AEM.03034-10		frdB:del|atoB:reg+|frdC:del|ldhA:del|pta:del|adhE:del|crt:add|fdh:add|adhE2:add|hbd:add|ter:add|frdA:del|frdD:del	C	MNXM1103616,MNXM1104266,MNXM1104300,MNXM1104721,MNXM1105912,MNXM1363936,MNXM18358,MNXM3230,MNXM39,MNXM8	hexanoyl-CoA;acetyl-CoA;butanoyl-CoA;(3S)-hydroxyhexanoyl-CoA;(3S)-3-hydroxybutanoyl-CoA;(2E)-butenoyl-CoA;hexan-1-ol;butan-1-ol;formate;NAD(+)	mechanical	+			LASER:Record1419618777.21:M1	0
LASER:Record1419618777.21:M1__N	gof	scored	add+del	MG1655	iML1515	12		LASER doi:10.1128/AEM.03034-10		frdB:del|atoB:reg+|frdC:del|ldhA:del|pta:del|adhE:del|crt:add|fdh:add|adhE2:add|hbd:add|ter:add|frdA:del|frdD:del	N	MNXM1103616,MNXM1104266,MNXM1104300,MNXM1104721,MNXM1105912,MNXM1363936,MNXM8	hexanoyl-CoA;acetyl-CoA;butanoyl-CoA;(3S)-hydroxyhexanoyl-CoA;(3S)-3-hydroxybutanoyl-CoA;(2E)-butenoyl-CoA;NAD(+)	mechanical	+			LASER:Record1419618777.21:M1	0
LASER:Record1419618777.21:M1__P	gof	scored	add+del	MG1655	iML1515	12		LASER doi:10.1128/AEM.03034-10		frdB:del|atoB:reg+|frdC:del|ldhA:del|pta:del|adhE:del|crt:add|fdh:add|adhE2:add|hbd:add|ter:add|frdA:del|frdD:del	P	MNXM1103616,MNXM1104266,MNXM1104300,MNXM1104721,MNXM1105912,MNXM1363936,MNXM8	hexanoyl-CoA;acetyl-CoA;butanoyl-CoA;(3S)-hydroxyhexanoyl-CoA;(3S)-3-hydroxybutanoyl-CoA;(2E)-butenoyl-CoA;NAD(+)	mechanical	+			LASER:Record1419618777.21:M1	0
LASER:Record1419618777.21:M1__S	gof	scored	add+del	MG1655	iML1515	12		LASER doi:10.1128/AEM.03034-10		frdB:del|atoB:reg+|frdC:del|ldhA:del|pta:del|adhE:del|crt:add|fdh:add|adhE2:add|hbd:add|ter:add|frdA:del|frdD:del	S	MNXM1103616,MNXM1104266,MNXM1104300,MNXM1104721,MNXM1105912,MNXM1363936	hexanoyl-CoA;acetyl-CoA;butanoyl-CoA;(3S)-hydroxyhexanoyl-CoA;(3S)-3-hydroxybutanoyl-CoA;(2E)-butenoyl-CoA	mechanical	+			LASER:Record1419618777.21:M1	0
LASER:Record1419619800.99:M1__C	gof	scored	add+del	BW25113	iML1515	1		LASER doi:10.1039/b913501d		fnr:del|frdB:del|frdC:del|ldhA:del|pflB:del|pta:del|adhE:del|adh:add	C	MNXM3085,MNXM5	propan-2-ol;NADP(+)	mechanical	+			LASER:Record1419619800.99:M1	0
LASER:Record1419619800.99:M1__N	gof	scored	add+del	BW25113	iML1515	1		LASER doi:10.1039/b913501d		fnr:del|frdB:del|frdC:del|ldhA:del|pflB:del|pta:del|adhE:del|adh:add	N	MNXM5	NADP(+)	mechanical	+			LASER:Record1419619800.99:M1	0
LASER:Record1419619800.99:M1__P	gof	scored	add+del	BW25113	iML1515	1		LASER doi:10.1039/b913501d		fnr:del|frdB:del|frdC:del|ldhA:del|pflB:del|pta:del|adhE:del|adh:add	P	MNXM5	NADP(+)	mechanical	+			LASER:Record1419619800.99:M1	0
LASER:Record1419620881.8:M1__N	gof	scored	add+del	MG1655	iML1515	6		LASER doi:10.1016/j.ymben.2011.02.004		fnr:del|frdB:del|frdC:del|ilvD:reg+|ldhA:del|ilvC:mut|pntA:reg+|pflB:del|pta:del|adhE:del|adhA:add|kivD:add|acetolactate synthase:add|pntA:reg+|frdA:del|frdD:del	N	MNXM8	NAD(+)	mechanical	+			LASER:Record1419620881.8:M1	0
LASER:Record1419620881.8:M1__C	gof	scored	add+del	MG1655	iML1515	6		LASER doi:10.1016/j.ymben.2011.02.004		fnr:del|frdB:del|frdC:del|ilvD:reg+|ldhA:del|ilvC:mut|pntA:reg+|pflB:del|pta:del|adhE:del|adhA:add|kivD:add|acetolactate synthase:add|pntA:reg+|frdA:del|frdD:del	C	MNXM1363844,MNXM23,MNXM404,MNXM5188,MNXM734,MNXM8	3-methyl-2-oxopentanoate;pyruvate;4-methyl-2-oxopentanoate;isobutanol;(2R)-2,3-dihydroxy-3-methylbutanoate;NAD(+)	mechanical,resolved	+			LASER:Record1419620881.8:M1	0
LASER:Record1419620881.8:M1__P	gof	scored	add+del	MG1655	iML1515	6		LASER doi:10.1016/j.ymben.2011.02.004		fnr:del|frdB:del|frdC:del|ilvD:reg+|ldhA:del|ilvC:mut|pntA:reg+|pflB:del|pta:del|adhE:del|adhA:add|kivD:add|acetolactate synthase:add|pntA:reg+|frdA:del|frdD:del	P	MNXM8	NAD(+)	mechanical	+			LASER:Record1419620881.8:M1	0
LASER:Record1419621892.51:M1__C	gof	scored	add+del	MG1655	iML1515	1		LASER doi:10.1038/nature10333		atoC:mut|frdA:del|crp:mut|fadR:del|yqhD:del|arcA:del|fucO:reg+|yqeF:reg+|acetaldehyde dehydrogenase:del|pta:del|adhE:del	C	MNXM1255,MNXM8	(S)-propane-1,2-diol;NAD(+)	mechanical	+			LASER:Record1419621892.51:M1	0
LASER:Record1419621892.51:M1__N	gof	scored	add+del	MG1655	iML1515	1		LASER doi:10.1038/nature10333		atoC:mut|frdA:del|crp:mut|fadR:del|yqhD:del|arcA:del|fucO:reg+|yqeF:reg+|acetaldehyde dehydrogenase:del|pta:del|adhE:del	N	MNXM8	NAD(+)	mechanical	+			LASER:Record1419621892.51:M1	0
LASER:Record1419621892.51:M1__P	gof	scored	add+del	MG1655	iML1515	1		LASER doi:10.1038/nature10333		atoC:mut|frdA:del|crp:mut|fadR:del|yqhD:del|arcA:del|fucO:reg+|yqeF:reg+|acetaldehyde dehydrogenase:del|pta:del|adhE:del	P	MNXM8	NAD(+)	mechanical	+			LASER:Record1419621892.51:M1	0
LASER:Record1419622531.88:M1__N	gof	scored	add	MG1655	iML1515	7		LASER doi:10.1128/AEM.01140-07		atoB:reg+|atoA:reg+|atoD:reg+|thl:add|ctfA:add|ctfB:add|adh:add|adc:add	N	MNXM1104266,MNXM1104300,MNXM5	acetyl-CoA;butanoyl-CoA;NADP(+)	mechanical	+			LASER:Record1419622531.88:M1	0
LASER:Record1419622531.88:M1__S	gof	scored	add	MG1655	iML1515	7		LASER doi:10.1128/AEM.01140-07		atoB:reg+|atoA:reg+|atoD:reg+|thl:add|ctfA:add|ctfB:add|adh:add|adc:add	S	MNXM1104266,MNXM1104300	acetyl-CoA;butanoyl-CoA	mechanical	+			LASER:Record1419622531.88:M1	0
LASER:Record1419622531.88:M1__C	gof	scored	add	MG1655	iML1515	7		LASER doi:10.1128/AEM.01140-07		atoB:reg+|atoA:reg+|atoD:reg+|thl:add|ctfA:add|ctfB:add|adh:add|adc:add	C	MNXM1104266,MNXM1104300,MNXM1653,MNXM26,MNXM3085,MNXM5,MNXM729595	acetyl-CoA;butanoyl-CoA;hexanoate;acetate;propan-2-ol;NADP(+);acetoacetate	mechanical	+			LASER:Record1419622531.88:M1	0
LASER:Record1419622531.88:M1__P	gof	scored	add	MG1655	iML1515	7		LASER doi:10.1128/AEM.01140-07		atoB:reg+|atoA:reg+|atoD:reg+|thl:add|ctfA:add|ctfB:add|adh:add|adc:add	P	MNXM1104266,MNXM1104300,MNXM5	acetyl-CoA;butanoyl-CoA;NADP(+)	mechanical	+			LASER:Record1419622531.88:M1	0
LASER:Record1419649319.67:M1__C	gof	scored	add+del	MG1655	iML1515	6		LASER doi:10.1038/nbt833		idi:reg+|atoB:reg+|ispA:reg+|3-hydroxy-3-methylglutaryl-coenzyme A reductase:del|HMGS:add|amorpha-4,11-diene synthase:add	C	MNXM1104235,MNXM1104266,MNXM132,MNXM1363833,MNXM1363834,MNXM83	(3S)-3-hydroxy-3-methylglutaryl-CoA;acetyl-CoA;dimethylallyl diphosphate;(2E,6E)-farnesyl diphosphate;farnesyl diphosphate;isopentenyl diphosphate	mechanical	+			LASER:Record1419649319.67:M1	0
LASER:Record1419649319.67:M1__P	gof	scored	add+del	MG1655	iML1515	6		LASER doi:10.1038/nbt833		idi:reg+|atoB:reg+|ispA:reg+|3-hydroxy-3-methylglutaryl-coenzyme A reductase:del|HMGS:add|amorpha-4,11-diene synthase:add	P	MNXM1104235,MNXM1104266,MNXM132,MNXM1363833,MNXM1363834,MNXM83	(3S)-3-hydroxy-3-methylglutaryl-CoA;acetyl-CoA;dimethylallyl diphosphate;(2E,6E)-farnesyl diphosphate;farnesyl diphosphate;isopentenyl diphosphate	mechanical	+			LASER:Record1419649319.67:M1	0
LASER:Record1419649319.67:M1__N	gof	scored	add+del	MG1655	iML1515	6		LASER doi:10.1038/nbt833		idi:reg+|atoB:reg+|ispA:reg+|3-hydroxy-3-methylglutaryl-coenzyme A reductase:del|HMGS:add|amorpha-4,11-diene synthase:add	N	MNXM1104235,MNXM1104266	(3S)-3-hydroxy-3-methylglutaryl-CoA;acetyl-CoA	mechanical	+			LASER:Record1419649319.67:M1	0
LASER:Record1419649319.67:M1__S	gof	scored	add+del	MG1655	iML1515	6		LASER doi:10.1038/nbt833		idi:reg+|atoB:reg+|ispA:reg+|3-hydroxy-3-methylglutaryl-coenzyme A reductase:del|HMGS:add|amorpha-4,11-diene synthase:add	S	MNXM1104235,MNXM1104266	(3S)-3-hydroxy-3-methylglutaryl-CoA;acetyl-CoA	mechanical	+			LASER:Record1419649319.67:M1	0
LASER:Record1419698709.04:M1__N	gof	scored	add+del	MG1655	iML1515	1		LASER doi:10.1007/s00253-014-5882-5		fadD:del|acetolactate synthase:del|rph:del|rfbA:del|acyl-ACP thioesterase:add|prpE:add|rfbB:del|rfbC:del|rfbD:del|wzxB:del	N	MNXM1364266	propanoyl-CoA	mechanical	+			LASER:Record1419698709.04:M1	0
LASER:Record1419698709.04:M1__S	gof	scored	add+del	MG1655	iML1515	1		LASER doi:10.1007/s00253-014-5882-5		fadD:del|acetolactate synthase:del|rph:del|rfbA:del|acyl-ACP thioesterase:add|prpE:add|rfbB:del|rfbC:del|rfbD:del|wzxB:del	S	MNXM1364266	propanoyl-CoA	mechanical	+			LASER:Record1419698709.04:M1	0
LASER:Record1419698709.04:M1__C	gof	scored	add+del	MG1655	iML1515	1		LASER doi:10.1007/s00253-014-5882-5		fadD:del|acetolactate synthase:del|rph:del|rfbA:del|acyl-ACP thioesterase:add|prpE:add|rfbB:del|rfbC:del|rfbD:del|wzxB:del	C	MNXM1364266,MNXM728578	propanoyl-CoA;Fatty-Acids	mechanical,resolved	+			LASER:Record1419698709.04:M1	0
LASER:Record1419698709.04:M1__P	gof	scored	add+del	MG1655	iML1515	1		LASER doi:10.1007/s00253-014-5882-5		fadD:del|acetolactate synthase:del|rph:del|rfbA:del|acyl-ACP thioesterase:add|prpE:add|rfbB:del|rfbC:del|rfbD:del|wzxB:del	P	MNXM1364266	propanoyl-CoA	mechanical	+			LASER:Record1419698709.04:M1	0
LASER:Record1419700122.69:M1__C	gof	scored	add+del	MG1655	iML1515	2		LASER doi:10.1016/j.ymben.2014.09.006i		fadE:del|ldhA:del|maeA:del|poxB:del|frdA:del|zwf:del|maeB:del|ndh:del|pta:del|adhB:add|pdc:add	C	MNXM1108092,MNXM23,MNXM8	ethanol;pyruvate;NAD(+)	mechanical	+			LASER:Record1419700122.69:M1	0
LASER:Record1419700122.69:M1__N	gof	scored	add+del	MG1655	iML1515	2		LASER doi:10.1016/j.ymben.2014.09.006i		fadE:del|ldhA:del|maeA:del|poxB:del|frdA:del|zwf:del|maeB:del|ndh:del|pta:del|adhB:add|pdc:add	N	MNXM8	NAD(+)	mechanical	+			LASER:Record1419700122.69:M1	0
LASER:Record1419700122.69:M1__P	gof	scored	add+del	MG1655	iML1515	2		LASER doi:10.1016/j.ymben.2014.09.006i		fadE:del|ldhA:del|maeA:del|poxB:del|frdA:del|zwf:del|maeB:del|ndh:del|pta:del|adhB:add|pdc:add	P	MNXM8	NAD(+)	mechanical	+			LASER:Record1419700122.69:M1	0
LASER:Record1419702544.12:M1__C	gof	scored	add	MG1655(DE3)	iML1515	16		LASER doi:10.1038/NChemBio.537		aceF:reg+|aceE:reg+|lpd:reg+|crt:add|phaA:add|ccr:add|adhE2:add|hbd:add|ter:add	C	MNXM1103616,MNXM1103936,MNXM1104266,MNXM1104300,MNXM1104721,MNXM1105912,MNXM1363936,MNXM1368744,MNXM18358,MNXM23,MNXM29,MNXM3230,MNXM8	hexanoyl-CoA;(6S)-5,6,7,8-tetrahydrofolate;acetyl-CoA;butanoyl-CoA;(3S)-hydroxyhexanoyl-CoA;(3S)-3-hydroxybutanoyl-CoA;(2E)-butenoyl-CoA;2-oxoglutarate;hexan-1-ol;pyruvate;glycine;butan-1-ol;NAD(+)	mechanical	+			LASER:Record1419702544.12:M1	0
LASER:Record1419702544.12:M1__N	gof	scored	add	MG1655(DE3)	iML1515	16		LASER doi:10.1038/NChemBio.537		aceF:reg+|aceE:reg+|lpd:reg+|crt:add|phaA:add|ccr:add|adhE2:add|hbd:add|ter:add	N	MNXM1103616,MNXM1103936,MNXM1104266,MNXM1104300,MNXM1104721,MNXM1105912,MNXM1363936,MNXM29,MNXM8	hexanoyl-CoA;(6S)-5,6,7,8-tetrahydrofolate;acetyl-CoA;butanoyl-CoA;(3S)-hydroxyhexanoyl-CoA;(3S)-3-hydroxybutanoyl-CoA;(2E)-butenoyl-CoA;glycine;NAD(+)	mechanical	+			LASER:Record1419702544.12:M1	0
LASER:Record1419702544.12:M1__P	gof	scored	add	MG1655(DE3)	iML1515	16		LASER doi:10.1038/NChemBio.537		aceF:reg+|aceE:reg+|lpd:reg+|crt:add|phaA:add|ccr:add|adhE2:add|hbd:add|ter:add	P	MNXM1103616,MNXM1104266,MNXM1104300,MNXM1104721,MNXM1105912,MNXM1363936,MNXM8	hexanoyl-CoA;acetyl-CoA;butanoyl-CoA;(3S)-hydroxyhexanoyl-CoA;(3S)-3-hydroxybutanoyl-CoA;(2E)-butenoyl-CoA;NAD(+)	mechanical	+			LASER:Record1419702544.12:M1	0
LASER:Record1419702544.12:M1__S	gof	scored	add	MG1655(DE3)	iML1515	16		LASER doi:10.1038/NChemBio.537		aceF:reg+|aceE:reg+|lpd:reg+|crt:add|phaA:add|ccr:add|adhE2:add|hbd:add|ter:add	S	MNXM1103616,MNXM1104266,MNXM1104300,MNXM1104721,MNXM1105912,MNXM1363936	hexanoyl-CoA;acetyl-CoA;butanoyl-CoA;(3S)-hydroxyhexanoyl-CoA;(3S)-3-hydroxybutanoyl-CoA;(2E)-butenoyl-CoA	mechanical	+			LASER:Record1419702544.12:M1	0
LASER:Record1419793323.41:M1__C	gof	scored	add	MG1655	iML1515	8		LASER doi:10.1371/journal.pone.0004489		idi:reg+|atoB:reg+|ispA:mut|ERG19:add|MVK:add|amorpha-4,11-diene synthase:add|mvaS:add|PMVK:add|mvaA:add	C	MNXM1104235,MNXM1104266,MNXM1105057,MNXM1363833,MNXM5,MNXM733934,MNXM738283,MNXM83	(3S)-3-hydroxy-3-methylglutaryl-CoA;acetyl-CoA;(R)-mevalonate;(2E,6E)-farnesyl diphosphate;NADP(+);(R)-5-diphosphomevalonate;(R)-5-phosphomevalonate;isopentenyl diphosphate	mechanical	+			LASER:Record1419793323.41:M1	0
LASER:Record1419793323.41:M1__P	gof	scored	add	MG1655	iML1515	8		LASER doi:10.1371/journal.pone.0004489		idi:reg+|atoB:reg+|ispA:mut|ERG19:add|MVK:add|amorpha-4,11-diene synthase:add|mvaS:add|PMVK:add|mvaA:add	P	MNXM1104235,MNXM1104266,MNXM1363833,MNXM5,MNXM733934,MNXM738283,MNXM83	(3S)-3-hydroxy-3-methylglutaryl-CoA;acetyl-CoA;(2E,6E)-farnesyl diphosphate;NADP(+);(R)-5-diphosphomevalonate;(R)-5-phosphomevalonate;isopentenyl diphosphate	mechanical	+			LASER:Record1419793323.41:M1	0
LASER:Record1419793323.41:M1__N	gof	scored	add	MG1655	iML1515	8		LASER doi:10.1371/journal.pone.0004489		idi:reg+|atoB:reg+|ispA:mut|ERG19:add|MVK:add|amorpha-4,11-diene synthase:add|mvaS:add|PMVK:add|mvaA:add	N	MNXM1104235,MNXM1104266,MNXM5	(3S)-3-hydroxy-3-methylglutaryl-CoA;acetyl-CoA;NADP(+)	mechanical	+			LASER:Record1419793323.41:M1	0
LASER:Record1419793323.41:M1__S	gof	scored	add	MG1655	iML1515	8		LASER doi:10.1371/journal.pone.0004489		idi:reg+|atoB:reg+|ispA:mut|ERG19:add|MVK:add|amorpha-4,11-diene synthase:add|mvaS:add|PMVK:add|mvaA:add	S	MNXM1104235,MNXM1104266	(3S)-3-hydroxy-3-methylglutaryl-CoA;acetyl-CoA	mechanical	+			LASER:Record1419793323.41:M1	0
LASER:Record1419794824.74:M1__C	gof	scored	add+del	MG1655	iML1515	8		LASER doi:10.1038/ncomms1494		idi:reg+|atoB:mut|ispA:reg+|ERG19:add|MVK:add|TPS-Bis:add|3-hydroxy-3-methylglutaryl-coenzyme A reductase:del|PMVK:add|HMGS:add	C	MNXM1104235,MNXM132,MNXM1363833,MNXM1363834,MNXM733934,MNXM738283,MNXM83	(3S)-3-hydroxy-3-methylglutaryl-CoA;dimethylallyl diphosphate;(2E,6E)-farnesyl diphosphate;farnesyl diphosphate;(R)-5-diphosphomevalonate;(R)-5-phosphomevalonate;isopentenyl diphosphate	mechanical	+			LASER:Record1419794824.74:M1	0
LASER:Record1419794824.74:M1__P	gof	scored	add+del	MG1655	iML1515	8		LASER doi:10.1038/ncomms1494		idi:reg+|atoB:mut|ispA:reg+|ERG19:add|MVK:add|TPS-Bis:add|3-hydroxy-3-methylglutaryl-coenzyme A reductase:del|PMVK:add|HMGS:add	P	MNXM1104235,MNXM132,MNXM1363833,MNXM1363834,MNXM733934,MNXM738283,MNXM83	(3S)-3-hydroxy-3-methylglutaryl-CoA;dimethylallyl diphosphate;(2E,6E)-farnesyl diphosphate;farnesyl diphosphate;(R)-5-diphosphomevalonate;(R)-5-phosphomevalonate;isopentenyl diphosphate	mechanical	+			LASER:Record1419794824.74:M1	0
LASER:Record1419794824.74:M1__N	gof	scored	add+del	MG1655	iML1515	8		LASER doi:10.1038/ncomms1494		idi:reg+|atoB:mut|ispA:reg+|ERG19:add|MVK:add|TPS-Bis:add|3-hydroxy-3-methylglutaryl-coenzyme A reductase:del|PMVK:add|HMGS:add	N	MNXM1104235	(3S)-3-hydroxy-3-methylglutaryl-CoA	mechanical	+			LASER:Record1419794824.74:M1	0
LASER:Record1419794824.74:M1__S	gof	scored	add+del	MG1655	iML1515	8		LASER doi:10.1038/ncomms1494		idi:reg+|atoB:mut|ispA:reg+|ERG19:add|MVK:add|TPS-Bis:add|3-hydroxy-3-methylglutaryl-coenzyme A reductase:del|PMVK:add|HMGS:add	S	MNXM1104235	(3S)-3-hydroxy-3-methylglutaryl-CoA	mechanical	+			LASER:Record1419794824.74:M1	0
LASER:Record1419795505.77:M1__C	gof	scored	add+del	MG1655	iML1515	11		LASER doi:10.1016/j.ymben.2004.12.003		aceF:del|gdhA:del|fdhF:del|crtI:add|crtE:add|crtB:add|dxs:reg+|idi:reg+|ispD:reg+|ispF:reg+	C	MNXM1363833,MNXM1370262,MNXM1641,MNXM622,MNXM728266,MNXM730948,MNXM83	(2E,6E)-farnesyl diphosphate;15-cis-phytoene;4-CDP-2-C-methyl-D-erythritol 2-phosphate;1-deoxy-D-xylulose 5-phosphate;(2E,6E,10E)-geranylgeranyl diphosphate;4-CDP-2-C-methyl-D-erythritol;isopentenyl diphosphate	mechanical	+			LASER:Record1419795505.77:M1	0
LASER:Record1419795505.77:M1__P	gof	scored	add+del	MG1655	iML1515	11		LASER doi:10.1016/j.ymben.2004.12.003		aceF:del|gdhA:del|fdhF:del|crtI:add|crtE:add|crtB:add|dxs:reg+|idi:reg+|ispD:reg+|ispF:reg+	P	MNXM1363833,MNXM1641,MNXM622,MNXM728266,MNXM730948,MNXM83	(2E,6E)-farnesyl diphosphate;4-CDP-2-C-methyl-D-erythritol 2-phosphate;1-deoxy-D-xylulose 5-phosphate;(2E,6E,10E)-geranylgeranyl diphosphate;4-CDP-2-C-methyl-D-erythritol;isopentenyl diphosphate	mechanical	+			LASER:Record1419795505.77:M1	0
LASER:Record1419795505.77:M1__N	gof	scored	add+del	MG1655	iML1515	11		LASER doi:10.1016/j.ymben.2004.12.003		aceF:del|gdhA:del|fdhF:del|crtI:add|crtE:add|crtB:add|dxs:reg+|idi:reg+|ispD:reg+|ispF:reg+	N	MNXM1641,MNXM730948	4-CDP-2-C-methyl-D-erythritol 2-phosphate;4-CDP-2-C-methyl-D-erythritol	mechanical	+			LASER:Record1419795505.77:M1	0
LASER:Record1419820798.43:M1__N	gof	scored	del	MG1655	iML1515	0		LASER doi:10.1016/j.ymben.2009.07.003		pldA:del|ppc:del|pgi:del	N	MNXM738702	NADPH	resolved	+			LASER:Record1419820798.43:M1	0
LASER:Record1419820798.43:M1__C	gof	scored	del	MG1655	iML1515	0		LASER doi:10.1016/j.ymben.2009.07.003		pldA:del|ppc:del|pgi:del	C	MNXM738702	NADPH	resolved	+			LASER:Record1419820798.43:M1	0
LASER:Record1419820798.43:M1__P	gof	scored	del	MG1655	iML1515	0		LASER doi:10.1016/j.ymben.2009.07.003		pldA:del|ppc:del|pgi:del	P	MNXM738702	NADPH	resolved	+			LASER:Record1419820798.43:M1	0
LASER:Record1419821789.3:M1__C	gof	scored	add+del	MG1655	iML1515	3		LASER doi:10.1002/bit.25470		gudD:del|zwf:del|uxaC:del|recA:del|endA:del|pgi:del|myo-inositol oxygenase:add|Ino1:add|udh:add	C	MNXM1364686,MNXM728682,MNXM8	1D-myo-inositol 3-phosphate;beta-D-glucuronate;NAD(+)	mechanical	+			LASER:Record1419821789.3:M1	0
LASER:Record1419821789.3:M1__N	gof	scored	add+del	MG1655	iML1515	3		LASER doi:10.1002/bit.25470		gudD:del|zwf:del|uxaC:del|recA:del|endA:del|pgi:del|myo-inositol oxygenase:add|Ino1:add|udh:add	N	MNXM8	NAD(+)	mechanical	+			LASER:Record1419821789.3:M1	0
LASER:Record1419821789.3:M1__P	gof	scored	add+del	MG1655	iML1515	3		LASER doi:10.1002/bit.25470		gudD:del|zwf:del|uxaC:del|recA:del|endA:del|pgi:del|myo-inositol oxygenase:add|Ino1:add|udh:add	P	MNXM1364686,MNXM8	1D-myo-inositol 3-phosphate;NAD(+)	mechanical	+			LASER:Record1419821789.3:M1	0
LASER:Record1419871302.73:M1__C	gof	scored	add	C41 Overexpress	iML1515	6		LASER doi:10.1007/s00253-009-2219-x		ERG12:add|ERG8:add|MVD1:add|idi:reg+|abietadiene synthase:add|GGPPS:add	C	MNXM1363833,MNXM733934,MNXM738283,MNXM83	(2E,6E)-farnesyl diphosphate;(R)-5-diphosphomevalonate;(R)-5-phosphomevalonate;isopentenyl diphosphate	mechanical	+			LASER:Record1419871302.73:M1	1
LASER:Record1419871302.73:M1__P	gof	scored	add	C41 Overexpress	iML1515	6		LASER doi:10.1007/s00253-009-2219-x		ERG12:add|ERG8:add|MVD1:add|idi:reg+|abietadiene synthase:add|GGPPS:add	P	MNXM1363833,MNXM733934,MNXM738283,MNXM83	(2E,6E)-farnesyl diphosphate;(R)-5-diphosphomevalonate;(R)-5-phosphomevalonate;isopentenyl diphosphate	mechanical	+			LASER:Record1419871302.73:M1	1
LASER:Record1419872698.65:M1__C	gof	scored	add	MG1655	iML1515	6		LASER doi:10.1126/science.1191652		idi:reg+|ispF:reg+|ispD:reg+|dxs:reg+|GGPPS:add|taxadiene synthase:add	C	MNXM1363833,MNXM1641,MNXM622,MNXM728266,MNXM730948,MNXM83	(2E,6E)-farnesyl diphosphate;4-CDP-2-C-methyl-D-erythritol 2-phosphate;1-deoxy-D-xylulose 5-phosphate;(2E,6E,10E)-geranylgeranyl diphosphate;4-CDP-2-C-methyl-D-erythritol;isopentenyl diphosphate	mechanical	+			LASER:Record1419872698.65:M1	0
LASER:Record1419872698.65:M1__P	gof	scored	add	MG1655	iML1515	6		LASER doi:10.1126/science.1191652		idi:reg+|ispF:reg+|ispD:reg+|dxs:reg+|GGPPS:add|taxadiene synthase:add	P	MNXM1363833,MNXM1641,MNXM622,MNXM728266,MNXM730948,MNXM83	(2E,6E)-farnesyl diphosphate;4-CDP-2-C-methyl-D-erythritol 2-phosphate;1-deoxy-D-xylulose 5-phosphate;(2E,6E,10E)-geranylgeranyl diphosphate;4-CDP-2-C-methyl-D-erythritol;isopentenyl diphosphate	mechanical	+			LASER:Record1419872698.65:M1	0
LASER:Record1419872698.65:M1__N	gof	scored	add	MG1655	iML1515	6		LASER doi:10.1126/science.1191652		idi:reg+|ispF:reg+|ispD:reg+|dxs:reg+|GGPPS:add|taxadiene synthase:add	N	MNXM1641,MNXM730948	4-CDP-2-C-methyl-D-erythritol 2-phosphate;4-CDP-2-C-methyl-D-erythritol	mechanical	+			LASER:Record1419872698.65:M1	0
LASER:Record1419875667.49:M1__C	gof	scored	del	MG1655	iML1515	0		LASER doi:10.1186/1475-2859-11-79		csrB:reg+|tyrA:mut|tesA:del|aroF:mut|pheL:del|tyrR:del|pheA:del	C	MNXM728578	Fatty-Acids	resolved	+			LASER:Record1419875667.49:M1	0
LASER:Record1419875667.49:M2__C	gof	scored	add+del	MG1655	iML1515	10		LASER doi:10.1186/1475-2859-11-79		idi:reg+|atoB:reg+|csrB:reg+|tyrA:mut|aroF:mut|pheL:del|tyrR:del|pheA:del|ispA:reg+|ERG19:add|MVK:add|mvaS:add|PMVK:add|mvaA:add|amorpha-4,11-diene synthase:add	C	MNXM1104235,MNXM1104266,MNXM1105057,MNXM132,MNXM1363833,MNXM1363834,MNXM5,MNXM733934,MNXM738283,MNXM83	(3S)-3-hydroxy-3-methylglutaryl-CoA;acetyl-CoA;(R)-mevalonate;dimethylallyl diphosphate;(2E,6E)-farnesyl diphosphate;farnesyl diphosphate;NADP(+);(R)-5-diphosphomevalonate;(R)-5-phosphomevalonate;isopentenyl diphosphate	mechanical	+			LASER:Record1419875667.49:M2	0
LASER:Record1419875667.49:M2__P	gof	scored	add+del	MG1655	iML1515	10		LASER doi:10.1186/1475-2859-11-79		idi:reg+|atoB:reg+|csrB:reg+|tyrA:mut|aroF:mut|pheL:del|tyrR:del|pheA:del|ispA:reg+|ERG19:add|MVK:add|mvaS:add|PMVK:add|mvaA:add|amorpha-4,11-diene synthase:add	P	MNXM1104235,MNXM1104266,MNXM132,MNXM1363833,MNXM1363834,MNXM5,MNXM733934,MNXM738283,MNXM83	(3S)-3-hydroxy-3-methylglutaryl-CoA;acetyl-CoA;dimethylallyl diphosphate;(2E,6E)-farnesyl diphosphate;farnesyl diphosphate;NADP(+);(R)-5-diphosphomevalonate;(R)-5-phosphomevalonate;isopentenyl diphosphate	mechanical	+			LASER:Record1419875667.49:M2	0
LASER:Record1419875667.49:M2__N	gof	scored	add+del	MG1655	iML1515	10		LASER doi:10.1186/1475-2859-11-79		idi:reg+|atoB:reg+|csrB:reg+|tyrA:mut|aroF:mut|pheL:del|tyrR:del|pheA:del|ispA:reg+|ERG19:add|MVK:add|mvaS:add|PMVK:add|mvaA:add|amorpha-4,11-diene synthase:add	N	MNXM1104235,MNXM1104266,MNXM5	(3S)-3-hydroxy-3-methylglutaryl-CoA;acetyl-CoA;NADP(+)	mechanical	+			LASER:Record1419875667.49:M2	0
LASER:Record1419875667.49:M2__S	gof	scored	add+del	MG1655	iML1515	10		LASER doi:10.1186/1475-2859-11-79		idi:reg+|atoB:reg+|csrB:reg+|tyrA:mut|aroF:mut|pheL:del|tyrR:del|pheA:del|ispA:reg+|ERG19:add|MVK:add|mvaS:add|PMVK:add|mvaA:add|amorpha-4,11-diene synthase:add	S	MNXM1104235,MNXM1104266	(3S)-3-hydroxy-3-methylglutaryl-CoA;acetyl-CoA	mechanical	+			LASER:Record1419875667.49:M2	0
LASER:Record1419875667.49:M3__N	gof	scored	add+del	MG1655	iML1515	9		LASER doi:10.1186/1475-2859-11-79		atoB:reg+|csrB:reg+|tyrA:mut|aroF:mut|pheL:del|tyrR:del|pheA:del|crt:add|etfB:add|etfA:add|bcd:add|adhE2:add|hbd:add	N	MNXM1104266,MNXM1104721,MNXM1105912,MNXM1363936,MNXM2229,MNXM8	acetyl-CoA;(3S)-hydroxyhexanoyl-CoA;(3S)-3-hydroxybutanoyl-CoA;(2E)-butenoyl-CoA;a reduced electron-transfer flavoprotein;NAD(+)	mechanical	+			LASER:Record1419875667.49:M3	0
LASER:Record1419875667.49:M3__S	gof	scored	add+del	MG1655	iML1515	9		LASER doi:10.1186/1475-2859-11-79		atoB:reg+|csrB:reg+|tyrA:mut|aroF:mut|pheL:del|tyrR:del|pheA:del|crt:add|etfB:add|etfA:add|bcd:add|adhE2:add|hbd:add	S	MNXM1104266,MNXM1104721,MNXM1105912,MNXM1363936	acetyl-CoA;(3S)-hydroxyhexanoyl-CoA;(3S)-3-hydroxybutanoyl-CoA;(2E)-butenoyl-CoA	mechanical	+			LASER:Record1419875667.49:M3	0
LASER:Record1419875667.49:M3__C	gof	scored	add+del	MG1655	iML1515	9		LASER doi:10.1186/1475-2859-11-79		atoB:reg+|csrB:reg+|tyrA:mut|aroF:mut|pheL:del|tyrR:del|pheA:del|crt:add|etfB:add|etfA:add|bcd:add|adhE2:add|hbd:add	C	MNXM1104266,MNXM1104721,MNXM1105912,MNXM1363936,MNXM18358,MNXM2229,MNXM3230,MNXM8	acetyl-CoA;(3S)-hydroxyhexanoyl-CoA;(3S)-3-hydroxybutanoyl-CoA;(2E)-butenoyl-CoA;hexan-1-ol;a reduced electron-transfer flavoprotein;butan-1-ol;NAD(+)	mechanical	+			LASER:Record1419875667.49:M3	0
LASER:Record1419875667.49:M3__P	gof	scored	add+del	MG1655	iML1515	9		LASER doi:10.1186/1475-2859-11-79		atoB:reg+|csrB:reg+|tyrA:mut|aroF:mut|pheL:del|tyrR:del|pheA:del|crt:add|etfB:add|etfA:add|bcd:add|adhE2:add|hbd:add	P	MNXM1104266,MNXM1104721,MNXM1105912,MNXM1363936,MNXM8	acetyl-CoA;(3S)-hydroxyhexanoyl-CoA;(3S)-3-hydroxybutanoyl-CoA;(2E)-butenoyl-CoA;NAD(+)	mechanical	+			LASER:Record1419875667.49:M3	0
LASER:Record1419876193.51:M1__N	gof	scored	add+del	JM101	iML1515	4		LASER doi:10.1186/1475-2859-9-21		aroL:del|aroK:del|tktA:reg+|ptsI:del|aroG:mut|crr:del|ptsH:del|aroE:reg+|aroB:reg+	N	MNXM5	NADP(+)	mechanical	+			LASER:Record1419876193.51:M1	0
LASER:Record1419876193.51:M1__C	gof	scored	add+del	JM101	iML1515	4		LASER doi:10.1186/1475-2859-9-21		aroL:del|aroK:del|tktA:reg+|ptsI:del|aroG:mut|crr:del|ptsH:del|aroE:reg+|aroB:reg+	C	MNXM1372044,MNXM186,MNXM258,MNXM5,MNXM602,MNXM733314,MNXM736874	glyceraldehyde 3-phosphate;D-xylulose 5-phosphate;D-erythrose 4-phosphate;NADP(+);shikimate;D-sedoheptulose 7-phosphate;3-dehydroquinate	mechanical	+			LASER:Record1419876193.51:M1	0
LASER:Record1419876193.51:M1__P	gof	scored	add+del	JM101	iML1515	4		LASER doi:10.1186/1475-2859-9-21		aroL:del|aroK:del|tktA:reg+|ptsI:del|aroG:mut|crr:del|ptsH:del|aroE:reg+|aroB:reg+	P	MNXM1372044,MNXM186,MNXM258,MNXM5,MNXM733314	glyceraldehyde 3-phosphate;D-xylulose 5-phosphate;D-erythrose 4-phosphate;NADP(+);D-sedoheptulose 7-phosphate	mechanical	+			LASER:Record1419876193.51:M1	0
LASER:Record1419878974.42:M1__N	gof	scored	add	MG1655	iML1515	5		LASER doi:10.1016/j.ymben.2012.11.009		aroF:mut|pheA:mut|phenylalanine ammonia lyase:add|chalcone synthase:add|EC-6.2.1.3:add|matC:add|chalcone isomerase:add|4-coumarate-CoA ligase:add	N	MNXM741664	L-phenylalanine	mechanical	+			LASER:Record1419878974.42:M1	0
LASER:Record1419878974.42:M1__C	gof	scored	add	MG1655	iML1515	5		LASER doi:10.1016/j.ymben.2012.11.009		aroF:mut|pheA:mut|phenylalanine ammonia lyase:add|chalcone synthase:add|EC-6.2.1.3:add|matC:add|chalcone isomerase:add|4-coumarate-CoA ligase:add	C	MNXM1370019,MNXM5901,MNXM738152,MNXM741664	(E)-4-coumarate;pinocembrin chalcone;(2S)-naringenin;L-phenylalanine	mechanical	+			LASER:Record1419878974.42:M1	0
LASER:Record1419880094.39:M1__N	gof	scored	add+del	BW25113	iML1515	17		LASER doi:10.1016/j.ymben.2008.08.001		leuA:reg+|tdh:del|leuB:reg+|leuC:reg+|ilvI:del|leuD:reg+|adhE:del|thrA:mut|thrB:reg+|thrC:reg+|metA:del|ilvA:reg+|ilvB:del|ADH2:add|kivD:add	N	MNXM142,MNXM1686,MNXM353,MNXM729302,MNXM759,MNXM8	L-threonine;indole-3-ethanol;L-homoserine;NH4(+);4-(phosphooxy)-L-threonine;NAD(+)	mechanical	+			LASER:Record1419880094.39:M1	0
LASER:Record1419880094.39:M1__C	gof	scored	add+del	BW25113	iML1515	17		LASER doi:10.1016/j.ymben.2008.08.001		leuA:reg+|tdh:del|leuB:reg+|leuC:reg+|ilvI:del|leuD:reg+|adhE:del|thrA:mut|thrB:reg+|thrC:reg+|metA:del|ilvA:reg+|ilvB:del|ADH2:add|kivD:add	C	MNXM1108092,MNXM142,MNXM159,MNXM1670,MNXM1686,MNXM2476,MNXM353,MNXM404,MNXM4964,MNXM5188,MNXM5476,MNXM6396,MNXM730929,MNXM741109,MNXM759,MNXM8	ethanol;L-threonine;2-oxobutanoate;3-methylbutanol;indole-3-ethanol;2-phenylethanol;L-homoserine;4-methyl-2-oxopentanoate;4-tyrosol;isobutanol;2-methylbutan-1-ol;1-propanol;(2S)-2-isopropylmalate;(2R,3S)-3-isopropylmalate;4-(phosphooxy)-L-threonine;NAD(+)	mechanical,resolved	+			LASER:Record1419880094.39:M1	0
LASER:Record1419880094.39:M1__P	gof	scored	add+del	BW25113	iML1515	17		LASER doi:10.1016/j.ymben.2008.08.001		leuA:reg+|tdh:del|leuB:reg+|leuC:reg+|ilvI:del|leuD:reg+|adhE:del|thrA:mut|thrB:reg+|thrC:reg+|metA:del|ilvA:reg+|ilvB:del|ADH2:add|kivD:add	P	MNXM759,MNXM8	4-(phosphooxy)-L-threonine;NAD(+)	mechanical	+			LASER:Record1419880094.39:M1	0
LASER:Record1419880094.39:M2__N	gof	scored	add+del	BW25113	iML1515	17		LASER doi:10.1016/j.ymben.2008.08.001		leuA:reg+|tdh:del|leuB:reg+|leuC:reg+|ilvI:del|leuD:reg+|adhE:del|thrA:mut|thrB:reg+|thrC:reg+|metA:del|ilvA:reg+|ilvB:del|ADH2:add|kivD:add	N	MNXM142,MNXM1686,MNXM353,MNXM729302,MNXM759,MNXM8	L-threonine;indole-3-ethanol;L-homoserine;NH4(+);4-(phosphooxy)-L-threonine;NAD(+)	mechanical	+			LASER:Record1419880094.39:M2	0
LASER:Record1419880094.39:M2__C	gof	scored	add+del	BW25113	iML1515	17		LASER doi:10.1016/j.ymben.2008.08.001		leuA:reg+|tdh:del|leuB:reg+|leuC:reg+|ilvI:del|leuD:reg+|adhE:del|thrA:mut|thrB:reg+|thrC:reg+|metA:del|ilvA:reg+|ilvB:del|ADH2:add|kivD:add	C	MNXM1108092,MNXM142,MNXM159,MNXM1670,MNXM1686,MNXM2476,MNXM353,MNXM404,MNXM4964,MNXM5188,MNXM5476,MNXM6396,MNXM730929,MNXM741109,MNXM759,MNXM8	ethanol;L-threonine;2-oxobutanoate;3-methylbutanol;indole-3-ethanol;2-phenylethanol;L-homoserine;4-methyl-2-oxopentanoate;4-tyrosol;isobutanol;2-methylbutan-1-ol;1-propanol;(2S)-2-isopropylmalate;(2R,3S)-3-isopropylmalate;4-(phosphooxy)-L-threonine;NAD(+)	mechanical,resolved	+			LASER:Record1419880094.39:M2	0
LASER:Record1419880094.39:M2__P	gof	scored	add+del	BW25113	iML1515	17		LASER doi:10.1016/j.ymben.2008.08.001		leuA:reg+|tdh:del|leuB:reg+|leuC:reg+|ilvI:del|leuD:reg+|adhE:del|thrA:mut|thrB:reg+|thrC:reg+|metA:del|ilvA:reg+|ilvB:del|ADH2:add|kivD:add	P	MNXM759,MNXM8	4-(phosphooxy)-L-threonine;NAD(+)	mechanical	+			LASER:Record1419880094.39:M2	0
LASER:Record1419881312.59:M1__N	gof	scored	add+del	MG1655	iML1515	13		LASER doi:10.1038/NChemBio.580		ldhA:del|gltA:mut|sucD:reg+|sucC:reg+|arcA:del|mdh:del|pflB:del|adhE:del|4-hydroxybutyryl-CoA transferase:add|sucA:add|lpd:add|sucD:add|adhE2:add|hbd:add	N	MNXM12830,MNXM17283,MNXM2334,MNXM4426,MNXM727564,MNXM8	a [pyruvate dehydrogenase E2 protein] N6-dihydrolipoyl-L-lysine;N(6)-[(R)-dihydrolipoyl]-L-lysine residue;4-hydroxybutanoyl-CoA;N(6)-dihydrolipoyl-L-lysine residue;an [apo BCAA dehydrogenase E2 protein] N6-dihydrolipoyl-L-lysine;NAD(+)	mechanical	+			LASER:Record1419881312.59:M1	0
LASER:Record1419881312.59:M1__S	gof	scored	add+del	MG1655	iML1515	13		LASER doi:10.1038/NChemBio.580		ldhA:del|gltA:mut|sucD:reg+|sucC:reg+|arcA:del|mdh:del|pflB:del|adhE:del|4-hydroxybutyryl-CoA transferase:add|sucA:add|lpd:add|sucD:add|adhE2:add|hbd:add	S	MNXM12830,MNXM17283,MNXM2334,MNXM4426,MNXM727564	a [pyruvate dehydrogenase E2 protein] N6-dihydrolipoyl-L-lysine;N(6)-[(R)-dihydrolipoyl]-L-lysine residue;4-hydroxybutanoyl-CoA;N(6)-dihydrolipoyl-L-lysine residue;an [apo BCAA dehydrogenase E2 protein] N6-dihydrolipoyl-L-lysine	mechanical	+			LASER:Record1419881312.59:M1	0
LASER:Record1419881312.59:M1__C	gof	scored	add+del	MG1655	iML1515	13		LASER doi:10.1038/NChemBio.580		ldhA:del|gltA:mut|sucD:reg+|sucC:reg+|arcA:del|mdh:del|pflB:del|adhE:del|4-hydroxybutyryl-CoA transferase:add|sucA:add|lpd:add|sucD:add|adhE2:add|hbd:add	C	MNXM12830,MNXM17283,MNXM18358,MNXM2334,MNXM25,MNXM26,MNXM3230,MNXM4426,MNXM727564,MNXM728793,MNXM8	a [pyruvate dehydrogenase E2 protein] N6-dihydrolipoyl-L-lysine;N(6)-[(R)-dihydrolipoyl]-L-lysine residue;hexan-1-ol;4-hydroxybutanoyl-CoA;succinate;acetate;butan-1-ol;N(6)-dihydrolipoyl-L-lysine residue;an [apo BCAA dehydrogenase E2 protein] N6-dihydrolipoyl-L-lysine;4-hydroxybutanoate;NAD(+)	mechanical	+			LASER:Record1419881312.59:M1	0
LASER:Record1419881312.59:M1__P	gof	scored	add+del	MG1655	iML1515	13		LASER doi:10.1038/NChemBio.580		ldhA:del|gltA:mut|sucD:reg+|sucC:reg+|arcA:del|mdh:del|pflB:del|adhE:del|4-hydroxybutyryl-CoA transferase:add|sucA:add|lpd:add|sucD:add|adhE2:add|hbd:add	P	MNXM2334,MNXM8	4-hydroxybutanoyl-CoA;NAD(+)	mechanical	+			LASER:Record1419881312.59:M1	0
LASER:Record1419881987.32:M1__N	gof	scored	add+del	MG1655	iML1515	16		LASER doi:10.1016/j.ymben.2014.06.009		fabR:del|pntB:reg+|pntA:reg+|sucC:del|fadD:del|acetolactate synthase:del|fabZ:reg+|nadK:reg+|rph:del|rfbA:del|acyl-CoA thioesterase:add|rfbB:del|rfbC:del|rfbD:del|wzxB:del	N	MNXM5959,MNXM728588,MNXM728721,MNXM733048,MNXM733096,MNXM733304,MNXM735180,MNXM738485,MNXM8	Trans-3-cis-5-dodecenoyl-[acyl-carrier protein];Trans-Oct-2-enoyl-[acyl-carrier protein];Trans-Tetradec-2-enoyl-[acyl-carrier protein];(R)-3-Hydroxyhexanoyl-[acyl-carrier protein];R-3-hydroxypalmitoyl-[acyl-carrier protein];(R)-3-Hydroxydodecanoyl-[acyl-carrier protein];(R)-3-Hydroxyoctadecanoyl-[acyl-carrier protein];(3R)-3-Hydroxyacyl-[acyl-carrier protein];NAD(+)	mechanical	+			LASER:Record1419881987.32:M1	0
LASER:Record1419881987.32:M1__C	gof	scored	add+del	MG1655	iML1515	16		LASER doi:10.1016/j.ymben.2014.06.009		fabR:del|pntB:reg+|pntA:reg+|sucC:del|fadD:del|acetolactate synthase:del|fabZ:reg+|nadK:reg+|rph:del|rfbA:del|acyl-CoA thioesterase:add|rfbB:del|rfbC:del|rfbD:del|wzxB:del	C	MNXM5959,MNXM727023,MNXM728578,MNXM728588,MNXM728721,MNXM733048,MNXM733096,MNXM733304,MNXM733433,MNXM735180,MNXM738485,MNXM741741,MNXM8	Trans-3-cis-5-dodecenoyl-[acyl-carrier protein];Enoylpimeloyl-[acp] methyl ester;Fatty-Acids;Trans-Oct-2-enoyl-[acyl-carrier protein];Trans-Tetradec-2-enoyl-[acyl-carrier protein];(R)-3-Hydroxyhexanoyl-[acyl-carrier protein];R-3-hydroxypalmitoyl-[acyl-carrier protein];(R)-3-Hydroxydodecanoyl-[acyl-carrier protein];trans-Dec-2-enoyl-[acp];(R)-3-Hydroxyoctadecanoyl-[acyl-carrier protein];(3R)-3-Hydroxyacyl-[acyl-carrier protein];3-Hydroxyglutaryl-[acp] methyl ester;NAD(+)	mechanical,resolved	+			LASER:Record1419881987.32:M1	0
LASER:Record1419881987.32:M1__P	gof	scored	add+del	MG1655	iML1515	16		LASER doi:10.1016/j.ymben.2014.06.009		fabR:del|pntB:reg+|pntA:reg+|sucC:del|fadD:del|acetolactate synthase:del|fabZ:reg+|nadK:reg+|rph:del|rfbA:del|acyl-CoA thioesterase:add|rfbB:del|rfbC:del|rfbD:del|wzxB:del	P	MNXM5959,MNXM728588,MNXM728721,MNXM733048,MNXM733096,MNXM733304,MNXM735180,MNXM738485,MNXM8	Trans-3-cis-5-dodecenoyl-[acyl-carrier protein];Trans-Oct-2-enoyl-[acyl-carrier protein];Trans-Tetradec-2-enoyl-[acyl-carrier protein];(R)-3-Hydroxyhexanoyl-[acyl-carrier protein];R-3-hydroxypalmitoyl-[acyl-carrier protein];(R)-3-Hydroxydodecanoyl-[acyl-carrier protein];(R)-3-Hydroxyoctadecanoyl-[acyl-carrier protein];(3R)-3-Hydroxyacyl-[acyl-carrier protein];NAD(+)	mechanical	+			LASER:Record1419881987.32:M1	0
LASER:Record1419881987.32:M1__S	gof	scored	add+del	MG1655	iML1515	16		LASER doi:10.1016/j.ymben.2014.06.009		fabR:del|pntB:reg+|pntA:reg+|sucC:del|fadD:del|acetolactate synthase:del|fabZ:reg+|nadK:reg+|rph:del|rfbA:del|acyl-CoA thioesterase:add|rfbB:del|rfbC:del|rfbD:del|wzxB:del	S	MNXM5959,MNXM727023,MNXM728588,MNXM728721,MNXM733048,MNXM733096,MNXM733304,MNXM733433,MNXM735180,MNXM738485,MNXM741741	Trans-3-cis-5-dodecenoyl-[acyl-carrier protein];Enoylpimeloyl-[acp] methyl ester;Trans-Oct-2-enoyl-[acyl-carrier protein];Trans-Tetradec-2-enoyl-[acyl-carrier protein];(R)-3-Hydroxyhexanoyl-[acyl-carrier protein];R-3-hydroxypalmitoyl-[acyl-carrier protein];(R)-3-Hydroxydodecanoyl-[acyl-carrier protein];trans-Dec-2-enoyl-[acp];(R)-3-Hydroxyoctadecanoyl-[acyl-carrier protein];(3R)-3-Hydroxyacyl-[acyl-carrier protein];3-Hydroxyglutaryl-[acp] methyl ester	mechanical	+			LASER:Record1419881987.32:M1	0
LASER:Record1419882895.74:M1__C	gof	scored	add+del	W3110	iML1515	6		LASER doi:10.1007/s10295-011-0973-0		lacI:del|galP:reg+|ptsI:del|arogenate dehydrogenase:del|ptsH:del|crr:del|aroG:mut|hpaB:reg+|hpaC:reg+|tktA:reg+|tyrR:del|lacZ:del|pheA:reg+	C	MNXM1364061,MNXM1364488,MNXM1372044,MNXM186,MNXM258,MNXM279,MNXM733314,MNXM737312	D-glucose;D-Galactose;glyceraldehyde 3-phosphate;D-xylulose 5-phosphate;D-erythrose 4-phosphate;L-dopa;D-sedoheptulose 7-phosphate;prephenate	mechanical,resolved	+			LASER:Record1419882895.74:M1	0
LASER:Record1419882895.74:M1__P	gof	scored	add+del	W3110	iML1515	6		LASER doi:10.1007/s10295-011-0973-0		lacI:del|galP:reg+|ptsI:del|arogenate dehydrogenase:del|ptsH:del|crr:del|aroG:mut|hpaB:reg+|hpaC:reg+|tktA:reg+|tyrR:del|lacZ:del|pheA:reg+	P	MNXM1372044,MNXM186,MNXM258,MNXM733314	glyceraldehyde 3-phosphate;D-xylulose 5-phosphate;D-erythrose 4-phosphate;D-sedoheptulose 7-phosphate	mechanical	+			LASER:Record1419882895.74:M1	0
LASER:Record1419882895.74:M1__N	gof	scored	add+del	W3110	iML1515	6		LASER doi:10.1007/s10295-011-0973-0		lacI:del|galP:reg+|ptsI:del|arogenate dehydrogenase:del|ptsH:del|crr:del|aroG:mut|hpaB:reg+|hpaC:reg+|tktA:reg+|tyrR:del|lacZ:del|pheA:reg+	N	MNXM279	L-dopa	resolved	+			LASER:Record1419882895.74:M1	0
LASER:Record1419894789.9:M1__C	gof	scored	add+del	DH1	iECDH10B	8		LASER doi:10.1016/j.ymben.2013.05.004		idi:reg+|atoB:reg+|gyrA:del|endA:del|ERG19:add|MVK:add|limonene synthase:del|P450:add|PMVK:add|mvaS:add|mvaA:add|GPPS:add	C	MNXM1104235,MNXM1104266,MNXM1105057,MNXM132,MNXM5,MNXM731537,MNXM733934,MNXM738283,MNXM83	(3S)-3-hydroxy-3-methylglutaryl-CoA;acetyl-CoA;(R)-mevalonate;dimethylallyl diphosphate;NADP(+);(4S)-perillyl alcohol;(R)-5-diphosphomevalonate;(R)-5-phosphomevalonate;isopentenyl diphosphate	mechanical,resolved	+			LASER:Record1419894789.9:M1	0
LASER:Record1419894789.9:M1__P	gof	scored	add+del	DH1	iECDH10B	8		LASER doi:10.1016/j.ymben.2013.05.004		idi:reg+|atoB:reg+|gyrA:del|endA:del|ERG19:add|MVK:add|limonene synthase:del|P450:add|PMVK:add|mvaS:add|mvaA:add|GPPS:add	P	MNXM1104235,MNXM1104266,MNXM132,MNXM5,MNXM733934,MNXM738283,MNXM83	(3S)-3-hydroxy-3-methylglutaryl-CoA;acetyl-CoA;dimethylallyl diphosphate;NADP(+);(R)-5-diphosphomevalonate;(R)-5-phosphomevalonate;isopentenyl diphosphate	mechanical	+			LASER:Record1419894789.9:M1	0
LASER:Record1419894789.9:M1__N	gof	scored	add+del	DH1	iECDH10B	8		LASER doi:10.1016/j.ymben.2013.05.004		idi:reg+|atoB:reg+|gyrA:del|endA:del|ERG19:add|MVK:add|limonene synthase:del|P450:add|PMVK:add|mvaS:add|mvaA:add|GPPS:add	N	MNXM1104235,MNXM1104266,MNXM5	(3S)-3-hydroxy-3-methylglutaryl-CoA;acetyl-CoA;NADP(+)	mechanical	+			LASER:Record1419894789.9:M1	0
LASER:Record1419894789.9:M1__S	gof	scored	add+del	DH1	iECDH10B	8		LASER doi:10.1016/j.ymben.2013.05.004		idi:reg+|atoB:reg+|gyrA:del|endA:del|ERG19:add|MVK:add|limonene synthase:del|P450:add|PMVK:add|mvaS:add|mvaA:add|GPPS:add	S	MNXM1104235,MNXM1104266	(3S)-3-hydroxy-3-methylglutaryl-CoA;acetyl-CoA	mechanical	+			LASER:Record1419894789.9:M1	0
LASER:Record1419895342.52:M1__N	gof	scored	add	JM109(DE3)	iML1515	7		LASER doi:10.1007/s10529-014-1600-8		panD:reg+|panM:reg+|ydfG:reg+|prpE:reg+|phaC:add|&beta;-alanine transaminase:add	N	MNXM1364266,MNXM144,MNXM2125,MNXM5,MNXM694,MNXM737787	propanoyl-CoA;beta-alanine;L-allo-threonine;NADP(+);D-serine;L-serine	mechanical	+			LASER:Record1419895342.52:M1	0
LASER:Record1419895342.52:M1__C	gof	scored	add	JM109(DE3)	iML1515	7		LASER doi:10.1007/s10529-014-1600-8		panD:reg+|panM:reg+|ydfG:reg+|prpE:reg+|phaC:add|&beta;-alanine transaminase:add	C	MNXM1364266,MNXM144,MNXM2125,MNXM5,MNXM694,MNXM737787,MNXM872	propanoyl-CoA;beta-alanine;L-allo-threonine;NADP(+);D-serine;L-serine;3-hydroxypropanoate	mechanical	+			LASER:Record1419895342.52:M1	0
LASER:Record1419895342.52:M1__P	gof	scored	add	JM109(DE3)	iML1515	7		LASER doi:10.1007/s10529-014-1600-8		panD:reg+|panM:reg+|ydfG:reg+|prpE:reg+|phaC:add|&beta;-alanine transaminase:add	P	MNXM1364266,MNXM5	propanoyl-CoA;NADP(+)	mechanical	+			LASER:Record1419895342.52:M1	0
LASER:Record1419895342.52:M1__S	gof	scored	add	JM109(DE3)	iML1515	7		LASER doi:10.1007/s10529-014-1600-8		panD:reg+|panM:reg+|ydfG:reg+|prpE:reg+|phaC:add|&beta;-alanine transaminase:add	S	MNXM1364266	propanoyl-CoA	mechanical	+			LASER:Record1419895342.52:M1	0
LASER:Record1419895893.83:M1__N	gof	scored	add+del	MG1655	iML1515	9		LASER doi:10.1002/bit.22993		dhaK:del|mgsA:reg+|ldhA:del|ackA:del|yqhD:reg+|gldA:reg+|pta:del|dhaK:add	N	MNXM1107675,MNXM5,MNXM8	1-aminopropan-2-ol;NADP(+);NAD(+)	mechanical	+			LASER:Record1419895893.83:M1	0
LASER:Record1419895893.83:M1__C	gof	scored	add+del	MG1655	iML1515	9		LASER doi:10.1002/bit.22993		dhaK:del|mgsA:reg+|ldhA:del|ackA:del|yqhD:reg+|gldA:reg+|pta:del|dhaK:add	C	MNXM1107675,MNXM2861,MNXM5,MNXM75,MNXM77,MNXM8,MNXM821,MNXM89612,MNXM909	1-aminopropan-2-ol;propane-1,3-diol;NADP(+);acetaldehyde;dihydroxyacetone phosphate;NAD(+);propanal;glycerol;(R)-lactaldehyde	mechanical	+			LASER:Record1419895893.83:M1	0
LASER:Record1419895893.83:M1__P	gof	scored	add+del	MG1655	iML1515	9		LASER doi:10.1002/bit.22993		dhaK:del|mgsA:reg+|ldhA:del|ackA:del|yqhD:reg+|gldA:reg+|pta:del|dhaK:add	P	MNXM5,MNXM77,MNXM8	NADP(+);dihydroxyacetone phosphate;NAD(+)	mechanical	+			LASER:Record1419895893.83:M1	0
LASER:Record1419961348.75:M1__C	gof	scored	add+del	MG1655	iML1515	3		LASER doi:10.1016/j.ymben.2012.07.006		ilvH:del|ilvN:del|rpoS:del|adhE:mut|thrA:mut|yiaY:del|metA:del|ackA:reg+|lysC:mut|ppc:reg+|ilvA:mut|lysA:del|ilvB:del|iclR:del|cimA:add	C	MNXM1107724,MNXM280,MNXM46,MNXM6396	(3R)-citramalate;acetyl phosphate;oxaloacetate;1-propanol	mechanical,resolved	+			LASER:Record1419961348.75:M1	0
LASER:Record1419961348.75:M1__P	gof	scored	add+del	MG1655	iML1515	3		LASER doi:10.1016/j.ymben.2012.07.006		ilvH:del|ilvN:del|rpoS:del|adhE:mut|thrA:mut|yiaY:del|metA:del|ackA:reg+|lysC:mut|ppc:reg+|ilvA:mut|lysA:del|ilvB:del|iclR:del|cimA:add	P	MNXM280	acetyl phosphate	mechanical	+			LASER:Record1419961348.75:M1	0
LASER:Record1419961937.08:M1__C	gof	scored	add+del	W3110	iML1515	1		LASER doi:10.1002/bit.22918		puuP:del|lacI:del|cadA:mut|speE:del|patA:del|speG:del|dapA:reg+|puuA:del	C	MNXM23,MNXM361,MNXM943	pyruvate;L-aspartate 4-semialdehyde;cadaverine	mechanical,resolved	+			LASER:Record1419961937.08:M1	0
LASER:Record1419961937.08:M1__N	gof	scored	add+del	W3110	iML1515	1		LASER doi:10.1002/bit.22918		puuP:del|lacI:del|cadA:mut|speE:del|patA:del|speG:del|dapA:reg+|puuA:del	N	MNXM361,MNXM943	L-aspartate 4-semialdehyde;cadaverine	mechanical,resolved	+			LASER:Record1419961937.08:M1	0
LASER:Record1419962624.37:M1__C	gof	scored	add+del	W3110	iML1515	13		LASER doi:10.1073/pnas.0702609104		ilvE:reg+|ilvD:reg+|aceF:del|ilvC:reg+|ygaZ:reg+|ygaH:reg+|ilvN:reg+|mdh:del|pfkA:del|lrp:reg+|ilvB:reg+|ilvH:mut|ilvA:del|panB:del|leuA:del	C	MNXM1363844,MNXM1368744,MNXM153,MNXM159,MNXM199,MNXM23,MNXM404,MNXM5,MNXM593,MNXM726902,MNXM728337,MNXM730221,MNXM732866,MNXM734,MNXM741173	3-methyl-2-oxopentanoate;2-oxoglutarate;3-(4-hydroxyphenyl)pyruvate;2-oxobutanoate;L-valine;pyruvate;4-methyl-2-oxopentanoate;NADP(+);(R)-pantoate;(S)-2-ethyl-2-hydroxy-3-oxobutanoate;L-isoleucine;3-phenylpyruvate;3-methyl-2-oxobutanoate;(2R)-2,3-dihydroxy-3-methylbutanoate;L-glutamate	mechanical	+			LASER:Record1419962624.37:M1	0
LASER:Record1419962624.37:M1__N	gof	scored	add+del	W3110	iML1515	13		LASER doi:10.1073/pnas.0702609104		ilvE:reg+|ilvD:reg+|aceF:del|ilvC:reg+|ygaZ:reg+|ygaH:reg+|ilvN:reg+|mdh:del|pfkA:del|lrp:reg+|ilvB:reg+|ilvH:mut|ilvA:del|panB:del|leuA:del	N	MNXM199,MNXM5,MNXM728337,MNXM741173	L-valine;NADP(+);L-isoleucine;L-glutamate	mechanical	+			LASER:Record1419962624.37:M1	0
LASER:Record1419962624.37:M1__P	gof	scored	add+del	W3110	iML1515	13		LASER doi:10.1073/pnas.0702609104		ilvE:reg+|ilvD:reg+|aceF:del|ilvC:reg+|ygaZ:reg+|ygaH:reg+|ilvN:reg+|mdh:del|pfkA:del|lrp:reg+|ilvB:reg+|ilvH:mut|ilvA:del|panB:del|leuA:del	P	MNXM5	NADP(+)	mechanical	+			LASER:Record1419962624.37:M1	0
LASER:Record1419966947.93:M1__C	gof	scored	add+del	MG1655	iML1515	1		LASER doi:10.1016/j.ymben.2010.06.002		ldhA:del|poxB:del|pta:del|adhE:del|pyruvate_carboxylase:add	C	MNXM25,MNXM46	succinate;oxaloacetate	mechanical,resolved	+			LASER:Record1419966947.93:M1	0
LASER:Record1419967666.69:M1__C	gof	scored	add	DH5alpha	iECDH10B	6		LASER doi:10.1016/j.ymben.2011.08.001		idi:reg+|mvaS:add|mevalonate kinase:add|mevalonate kinase:add|alpha-farnesene synthase:mut|mvaE:add|mvaD:add	C	MNXM1104235,MNXM1104266,MNXM1105057,MNXM1368127,MNXM5,MNXM733934,MNXM738283,MNXM83	(3S)-3-hydroxy-3-methylglutaryl-CoA;acetyl-CoA;(R)-mevalonate;(3E,6E)-alpha-farnesene;NADP(+);(R)-5-diphosphomevalonate;(R)-5-phosphomevalonate;isopentenyl diphosphate	mechanical,resolved	+			LASER:Record1419967666.69:M1	0
LASER:Record1419967666.69:M1__P	gof	scored	add	DH5alpha	iECDH10B	6		LASER doi:10.1016/j.ymben.2011.08.001		idi:reg+|mvaS:add|mevalonate kinase:add|mevalonate kinase:add|alpha-farnesene synthase:mut|mvaE:add|mvaD:add	P	MNXM1104235,MNXM1104266,MNXM5,MNXM733934,MNXM738283,MNXM83	(3S)-3-hydroxy-3-methylglutaryl-CoA;acetyl-CoA;NADP(+);(R)-5-diphosphomevalonate;(R)-5-phosphomevalonate;isopentenyl diphosphate	mechanical	+			LASER:Record1419967666.69:M1	0
LASER:Record1419967666.69:M1__N	gof	scored	add	DH5alpha	iECDH10B	6		LASER doi:10.1016/j.ymben.2011.08.001		idi:reg+|mvaS:add|mevalonate kinase:add|mevalonate kinase:add|alpha-farnesene synthase:mut|mvaE:add|mvaD:add	N	MNXM1104235,MNXM1104266,MNXM5	(3S)-3-hydroxy-3-methylglutaryl-CoA;acetyl-CoA;NADP(+)	mechanical	+			LASER:Record1419967666.69:M1	0
LASER:Record1419967666.69:M1__S	gof	scored	add	DH5alpha	iECDH10B	6		LASER doi:10.1016/j.ymben.2011.08.001		idi:reg+|mvaS:add|mevalonate kinase:add|mevalonate kinase:add|alpha-farnesene synthase:mut|mvaE:add|mvaD:add	S	MNXM1104235,MNXM1104266	(3S)-3-hydroxy-3-methylglutaryl-CoA;acetyl-CoA	mechanical	+			LASER:Record1419967666.69:M1	0
LASER:Record1419970134.81:M1__C	gof	scored	add+del	W3110	iML1515	1		LASER doi:10.1038/nbt.2461		murE:reg-|puuP:del|lacI:del|cadA:mut|speE:del|patA:del|speG:del|puuA:del|dapA:reg+	C	MNXM23,MNXM361,MNXM943	pyruvate;L-aspartate 4-semialdehyde;cadaverine	mechanical,resolved	+			LASER:Record1419970134.81:M1	0
LASER:Record1419970134.81:M1__N	gof	scored	add+del	W3110	iML1515	1		LASER doi:10.1038/nbt.2461		murE:reg-|puuP:del|lacI:del|cadA:mut|speE:del|patA:del|speG:del|puuA:del|dapA:reg+	N	MNXM361,MNXM943	L-aspartate 4-semialdehyde;cadaverine	mechanical,resolved	+			LASER:Record1419970134.81:M1	0
LASER:Record1419970134.81:M2__C	gof	scored	add+del	W3110	iML1515	1		LASER doi:10.1038/nbt.2461		puuP:del|lacI:del|cadA:mut|speE:del|patA:del|speG:del|puuA:del|dapA:reg+|pdhR:reg-	C	MNXM23,MNXM361,MNXM943	pyruvate;L-aspartate 4-semialdehyde;cadaverine	mechanical,resolved	+			LASER:Record1419970134.81:M2	0
LASER:Record1419970134.81:M2__N	gof	scored	add+del	W3110	iML1515	1		LASER doi:10.1038/nbt.2461		puuP:del|lacI:del|cadA:mut|speE:del|patA:del|speG:del|puuA:del|dapA:reg+|pdhR:reg-	N	MNXM361,MNXM943	L-aspartate 4-semialdehyde;cadaverine	mechanical,resolved	+			LASER:Record1419970134.81:M2	0
LASER:Record1419970134.81:M3__C	gof	scored	add+del	W3110	iML1515	1		LASER doi:10.1038/nbt.2461		puuP:del|lacI:del|cadA:mut|speE:del|patA:del|speG:del|ackA:reg-|puuA:del|dapA:reg+	C	MNXM23,MNXM361,MNXM943	pyruvate;L-aspartate 4-semialdehyde;cadaverine	mechanical,resolved	+			LASER:Record1419970134.81:M3	0
LASER:Record1419970134.81:M3__N	gof	scored	add+del	W3110	iML1515	1		LASER doi:10.1038/nbt.2461		puuP:del|lacI:del|cadA:mut|speE:del|patA:del|speG:del|ackA:reg-|puuA:del|dapA:reg+	N	MNXM361,MNXM943	L-aspartate 4-semialdehyde;cadaverine	mechanical,resolved	+			LASER:Record1419970134.81:M3	0
LASER:Record1419971010.72:M1__C	gof	scored	add+del	MG1655	iML1515	2		LASER doi:10.1128/AEM.02708-07		ldhA:del|maeA:del|poxB:del|frdA:del|zwf:del|maeB:del|ndh:del|pta:del|adhB:add|pdc:add	C	MNXM1108092,MNXM23,MNXM8	ethanol;pyruvate;NAD(+)	mechanical	+			LASER:Record1419971010.72:M1	0
LASER:Record1419971010.72:M1__N	gof	scored	add+del	MG1655	iML1515	2		LASER doi:10.1128/AEM.02708-07		ldhA:del|maeA:del|poxB:del|frdA:del|zwf:del|maeB:del|ndh:del|pta:del|adhB:add|pdc:add	N	MNXM8	NAD(+)	mechanical	+			LASER:Record1419971010.72:M1	0
LASER:Record1419971010.72:M1__P	gof	scored	add+del	MG1655	iML1515	2		LASER doi:10.1128/AEM.02708-07		ldhA:del|maeA:del|poxB:del|frdA:del|zwf:del|maeB:del|ndh:del|pta:del|adhB:add|pdc:add	P	MNXM8	NAD(+)	mechanical	+			LASER:Record1419971010.72:M1	0
LASER:Record1419972199.27:M1__C	gof	scored	add	MG1655	iML1515	5		LASER doi:10.1128/AEM.06017-11		tktA:reg+|aroG:mut|aroD:reg+|aroE:reg+|aroB:mut|ppsA:reg+	C	MNXM1372044,MNXM186,MNXM23,MNXM258,MNXM5,MNXM602,MNXM733314,MNXM736874	glyceraldehyde 3-phosphate;D-xylulose 5-phosphate;pyruvate;D-erythrose 4-phosphate;NADP(+);shikimate;D-sedoheptulose 7-phosphate;3-dehydroquinate	mechanical	+			LASER:Record1419972199.27:M1	0
LASER:Record1419972199.27:M1__N	gof	scored	add	MG1655	iML1515	5		LASER doi:10.1128/AEM.06017-11		tktA:reg+|aroG:mut|aroD:reg+|aroE:reg+|aroB:mut|ppsA:reg+	N	MNXM5	NADP(+)	mechanical	+			LASER:Record1419972199.27:M1	0
LASER:Record1419972199.27:M1__P	gof	scored	add	MG1655	iML1515	5		LASER doi:10.1128/AEM.06017-11		tktA:reg+|aroG:mut|aroD:reg+|aroE:reg+|aroB:mut|ppsA:reg+	P	MNXM1372044,MNXM186,MNXM258,MNXM5,MNXM733314	glyceraldehyde 3-phosphate;D-xylulose 5-phosphate;D-erythrose 4-phosphate;NADP(+);D-sedoheptulose 7-phosphate	mechanical	+			LASER:Record1419972199.27:M1	0
LASER:Record1419972199.27:M2__C	gof	scored	add	MG1655	iML1515	12		LASER doi:10.1128/AEM.06017-11		aroL:reg+|tyrA:mut|tktA:reg+|tyrB:reg+|aroG:mut|aroD:reg+|aroE:reg+|aroB:mut|aroC:reg+|ppsA:reg+|aroA:reg+	C	MNXM1365,MNXM1372044,MNXM153,MNXM186,MNXM23,MNXM258,MNXM337,MNXM404,MNXM46,MNXM5,MNXM602,MNXM730221,MNXM733314,MNXM736874,MNXM741173,MNXM76	5-O-(1-carboxyvinyl)-3-phosphoshikimate;glyceraldehyde 3-phosphate;3-(4-hydroxyphenyl)pyruvate;D-xylulose 5-phosphate;pyruvate;D-erythrose 4-phosphate;chorismate;4-methyl-2-oxopentanoate;oxaloacetate;NADP(+);shikimate;3-phenylpyruvate;D-sedoheptulose 7-phosphate;3-dehydroquinate;L-glutamate;L-tyrosine	mechanical,resolved	+			LASER:Record1419972199.27:M2	0
LASER:Record1419972199.27:M2__P	gof	scored	add	MG1655	iML1515	12		LASER doi:10.1128/AEM.06017-11		aroL:reg+|tyrA:mut|tktA:reg+|tyrB:reg+|aroG:mut|aroD:reg+|aroE:reg+|aroB:mut|aroC:reg+|ppsA:reg+|aroA:reg+	P	MNXM1365,MNXM1372044,MNXM186,MNXM258,MNXM5,MNXM733314	5-O-(1-carboxyvinyl)-3-phosphoshikimate;glyceraldehyde 3-phosphate;D-xylulose 5-phosphate;D-erythrose 4-phosphate;NADP(+);D-sedoheptulose 7-phosphate	mechanical	+			LASER:Record1419972199.27:M2	0
LASER:Record1419972199.27:M2__N	gof	scored	add	MG1655	iML1515	12		LASER doi:10.1128/AEM.06017-11		aroL:reg+|tyrA:mut|tktA:reg+|tyrB:reg+|aroG:mut|aroD:reg+|aroE:reg+|aroB:mut|aroC:reg+|ppsA:reg+|aroA:reg+	N	MNXM5,MNXM741173,MNXM76	NADP(+);L-glutamate;L-tyrosine	mechanical,resolved	+			LASER:Record1419972199.27:M2	0
LASER:Record1419973694.76:M1__N	gof	scored	add	JM109	iML1515	3		LASER doi:10.1007/s00253-007-1246-8		thl:add|ctfA:add|ctfB:add|AF157307:add|acetoacetate decarboxylase:add	N	MNXM1104266,MNXM5	acetyl-CoA;NADP(+)	mechanical	+			LASER:Record1419973694.76:M1	0
LASER:Record1419973694.76:M1__S	gof	scored	add	JM109	iML1515	3		LASER doi:10.1007/s00253-007-1246-8		thl:add|ctfA:add|ctfB:add|AF157307:add|acetoacetate decarboxylase:add	S	MNXM1104266	acetyl-CoA	mechanical	+			LASER:Record1419973694.76:M1	0
LASER:Record1419973694.76:M1__C	gof	scored	add	JM109	iML1515	3		LASER doi:10.1007/s00253-007-1246-8		thl:add|ctfA:add|ctfB:add|AF157307:add|acetoacetate decarboxylase:add	C	MNXM1104266,MNXM3085,MNXM5	acetyl-CoA;propan-2-ol;NADP(+)	mechanical	+			LASER:Record1419973694.76:M1	0
LASER:Record1419973694.76:M1__P	gof	scored	add	JM109	iML1515	3		LASER doi:10.1007/s00253-007-1246-8		thl:add|ctfA:add|ctfB:add|AF157307:add|acetoacetate decarboxylase:add	P	MNXM1104266,MNXM5	acetyl-CoA;NADP(+)	mechanical	+			LASER:Record1419973694.76:M1	0
LASER:Record1419984843.51:M1__S	gof	scored	add+del	BL21(DE3)	iML1515	28		LASER doi:10.1016/j.ymben.2010.02.003		tesA:del|fadD:del|sfp:add|acpP:reg+|accC:reg+|accD:reg+|accA:reg+|accB:reg+|plant thioesterase:add	S	MNXM1089660,MNXM1106093,MNXM162426,MNXM3075,MNXM726234,MNXM727672,MNXM728536,MNXM728548,MNXM731937,MNXM740692,MNXM89949,MNXM89950	all holo-acyl carrier proteins;malonyl-CoA;Cis-tetradec-7-enoyl-[acyl-carrier protein] (n-C14:1);Octadecanoyl-ACP (n-C18:0ACP);Dodecanoyl-[acyl-carrier protein];Acetyl-[pcp];palmitoyl-[acyl-carrier protein];myristoyl-[acyl-carrier protein];carboxyacetyl-[acyl-carrier protein];sulfaniumyl group;Cis-hexadec-9-enoyl-[acyl-carrier protein] (n-C16:1);Cis-octadec-11-enoyl-[acyl-carrier protein] (n-C18:1)	mechanical	+			LASER:Record1419984843.51:M1	1
LASER:Record1419984843.51:M1__C	gof	scored	add+del	BL21(DE3)	iML1515	28		LASER doi:10.1016/j.ymben.2010.02.003		tesA:del|fadD:del|sfp:add|acpP:reg+|accC:reg+|accD:reg+|accA:reg+|accB:reg+|plant thioesterase:add	C	MNXM1089660,MNXM1103458,MNXM1106093,MNXM1107760,MNXM1364393,MNXM1364443,MNXM162426,MNXM236,MNXM3075,MNXM314,MNXM402,MNXM66,MNXM726234,MNXM727672,MNXM728536,MNXM728548,MNXM728578,MNXM731937,MNXM732145,MNXM732965,MNXM734212,MNXM750,MNXM89949,MNXM89950,MNXM91053	all holo-acyl carrier proteins;adenosine 3',5'-bisphosphate;malonyl-CoA;UDP-3-O-(3-hydroxytetradecanoyl)-N-acetylglucosamine;(9Z)-octadecenoate;(9E)-tetradecenoic acid;Cis-tetradec-7-enoyl-[acyl-carrier protein] (n-C14:1);octadecanoate;Octadecanoyl-ACP (n-C18:0ACP);tetradecanoate;dodecanoate;sn-glycerol 3-phosphate;Dodecanoyl-[acyl-carrier protein];Acetyl-[pcp];palmitoyl-[acyl-carrier protein];myristoyl-[acyl-carrier protein];Fatty-Acids;carboxyacetyl-[acyl-carrier protein];1-(11E-octadecenoyl)-sn-glycero-3-phosphate;1-hexadecanoyl-sn-glycero-3-phosphate;1-octadecanoyl-sn-glycero-3-phosphate;octanoate;Cis-hexadec-9-enoyl-[acyl-carrier protein] (n-C16:1);Cis-octadec-11-enoyl-[acyl-carrier protein] (n-C18:1);1-(7Z-tetradecenoyl)-sn-glycero-3-phosphate(2-)	mechanical,resolved	+			LASER:Record1419984843.51:M1	1
LASER:Record1419984843.51:M1__N	gof	scored	add+del	BL21(DE3)	iML1515	28		LASER doi:10.1016/j.ymben.2010.02.003		tesA:del|fadD:del|sfp:add|acpP:reg+|accC:reg+|accD:reg+|accA:reg+|accB:reg+|plant thioesterase:add	N	MNXM1089660,MNXM1103458,MNXM1106093,MNXM1107760,MNXM3075,MNXM89949,MNXM89950	all holo-acyl carrier proteins;adenosine 3',5'-bisphosphate;malonyl-CoA;UDP-3-O-(3-hydroxytetradecanoyl)-N-acetylglucosamine;Octadecanoyl-ACP (n-C18:0ACP);Cis-hexadec-9-enoyl-[acyl-carrier protein] (n-C16:1);Cis-octadec-11-enoyl-[acyl-carrier protein] (n-C18:1)	mechanical	+			LASER:Record1419984843.51:M1	1
LASER:Record1419984843.51:M1__P	gof	scored	add+del	BL21(DE3)	iML1515	28		LASER doi:10.1016/j.ymben.2010.02.003		tesA:del|fadD:del|sfp:add|acpP:reg+|accC:reg+|accD:reg+|accA:reg+|accB:reg+|plant thioesterase:add	P	MNXM1089660,MNXM1103458,MNXM1106093,MNXM1107760,MNXM3075,MNXM66,MNXM732145,MNXM732965,MNXM734212,MNXM89949,MNXM89950,MNXM91053	all holo-acyl carrier proteins;adenosine 3',5'-bisphosphate;malonyl-CoA;UDP-3-O-(3-hydroxytetradecanoyl)-N-acetylglucosamine;Octadecanoyl-ACP (n-C18:0ACP);sn-glycerol 3-phosphate;1-(11E-octadecenoyl)-sn-glycero-3-phosphate;1-hexadecanoyl-sn-glycero-3-phosphate;1-octadecanoyl-sn-glycero-3-phosphate;Cis-hexadec-9-enoyl-[acyl-carrier protein] (n-C16:1);Cis-octadec-11-enoyl-[acyl-carrier protein] (n-C18:1);1-(7Z-tetradecenoyl)-sn-glycero-3-phosphate(2-)	mechanical	+			LASER:Record1419984843.51:M1	1
LASER:Record1419990077.57:M1__N	gof	scored	del	K-12	iML1515	0		LASER doi:10.1073/pnas.1206346109		tyrA:mut|tyrR:del|rpoA:mut|aroG:mut|hisH:mut|pheA:del	N	MNXM76	L-tyrosine	resolved	+			LASER:Record1419990077.57:M1	0
LASER:Record1419990077.57:M1__C	gof	scored	del	K-12	iML1515	0		LASER doi:10.1073/pnas.1206346109		tyrA:mut|tyrR:del|rpoA:mut|aroG:mut|hisH:mut|pheA:del	C	MNXM76	L-tyrosine	resolved	+			LASER:Record1419990077.57:M1	0
LASER:Record1419990077.57:M2__N	gof	scored	del	K-12	iML1515	0		LASER doi:10.1073/pnas.1206346109		purF:mut|rpoD:mut|tyrA:mut|tyrR:del|aroG:mut|pheA:del	N	MNXM76	L-tyrosine	resolved	+			LASER:Record1419990077.57:M2	0
LASER:Record1419990077.57:M2__C	gof	scored	del	K-12	iML1515	0		LASER doi:10.1073/pnas.1206346109		purF:mut|rpoD:mut|tyrA:mut|tyrR:del|aroG:mut|pheA:del	C	MNXM76	L-tyrosine	resolved	+			LASER:Record1419990077.57:M2	0
LASER:Record1420064034.84:M1__C	gof	scored	add+del	BL21(DE3)	iML1515	11		LASER doi:10.1128/AEM.00382-11		ilvD:reg+|ldhA:del|ilvC:reg+|poxB:del|frdA:del|zwf:del|mdh:del|ndh:del|adhE:reg+|pta:del|kivD:add|acetolactate synthase:add	C	MNXM1108092,MNXM1363844,MNXM23,MNXM404,MNXM5,MNXM5188,MNXM593,MNXM726902,MNXM734,MNXM75,MNXM8,MNXM89612	ethanol;3-methyl-2-oxopentanoate;pyruvate;4-methyl-2-oxopentanoate;NADP(+);isobutanol;(R)-pantoate;(S)-2-ethyl-2-hydroxy-3-oxobutanoate;(2R)-2,3-dihydroxy-3-methylbutanoate;acetaldehyde;NAD(+);glycerol	mechanical,resolved	+			LASER:Record1420064034.84:M1	1
LASER:Record1420064034.84:M1__N	gof	scored	add+del	BL21(DE3)	iML1515	11		LASER doi:10.1128/AEM.00382-11		ilvD:reg+|ldhA:del|ilvC:reg+|poxB:del|frdA:del|zwf:del|mdh:del|ndh:del|adhE:reg+|pta:del|kivD:add|acetolactate synthase:add	N	MNXM5,MNXM8	NADP(+);NAD(+)	mechanical	+			LASER:Record1420064034.84:M1	1
LASER:Record1420064034.84:M1__P	gof	scored	add+del	BL21(DE3)	iML1515	11		LASER doi:10.1128/AEM.00382-11		ilvD:reg+|ldhA:del|ilvC:reg+|poxB:del|frdA:del|zwf:del|mdh:del|ndh:del|adhE:reg+|pta:del|kivD:add|acetolactate synthase:add	P	MNXM5,MNXM8	NADP(+);NAD(+)	mechanical	+			LASER:Record1420064034.84:M1	1
LASER:Record1420065439.92:M1__C	gof	scored	add+del	W	iML1515	4		LASER doi:10.1007/s10529-008-9821-3		ldhA:del|ackA:del|focA:del|adhE:del|casA:add|adhA:add|casB:add|adhB:add|pdc:add|cellulase:add	C	MNXM1108092,MNXM23,MNXM733743,MNXM8	ethanol;pyruvate;cellulose;NAD(+)	mechanical	+			LASER:Record1420065439.92:M1	1
LASER:Record1420065439.92:M1__N	gof	scored	add+del	W	iML1515	4		LASER doi:10.1007/s10529-008-9821-3		ldhA:del|ackA:del|focA:del|adhE:del|casA:add|adhA:add|casB:add|adhB:add|pdc:add|cellulase:add	N	MNXM8	NAD(+)	mechanical	+			LASER:Record1420065439.92:M1	1
LASER:Record1420065439.92:M1__P	gof	scored	add+del	W	iML1515	4		LASER doi:10.1007/s10529-008-9821-3		ldhA:del|ackA:del|focA:del|adhE:del|casA:add|adhA:add|casB:add|adhB:add|pdc:add|cellulase:add	P	MNXM8	NAD(+)	mechanical	+			LASER:Record1420065439.92:M1	1
LASER:Record1420070785.47:M1__C	gof	scored	add	MG1655	iML1515	11		LASER doi:10.1038/nbt.1555		idi:reg+|ispD:reg+|ispF:reg+|recA:del|dxs:reg+|crtE:add|crtB:add|crtI:add	C	MNXM1363833,MNXM1370262,MNXM1641,MNXM622,MNXM728266,MNXM730948,MNXM83	(2E,6E)-farnesyl diphosphate;15-cis-phytoene;4-CDP-2-C-methyl-D-erythritol 2-phosphate;1-deoxy-D-xylulose 5-phosphate;(2E,6E,10E)-geranylgeranyl diphosphate;4-CDP-2-C-methyl-D-erythritol;isopentenyl diphosphate	mechanical	+			LASER:Record1420070785.47:M1	0
LASER:Record1420070785.47:M1__P	gof	scored	add	MG1655	iML1515	11		LASER doi:10.1038/nbt.1555		idi:reg+|ispD:reg+|ispF:reg+|recA:del|dxs:reg+|crtE:add|crtB:add|crtI:add	P	MNXM1363833,MNXM1641,MNXM622,MNXM728266,MNXM730948,MNXM83	(2E,6E)-farnesyl diphosphate;4-CDP-2-C-methyl-D-erythritol 2-phosphate;1-deoxy-D-xylulose 5-phosphate;(2E,6E,10E)-geranylgeranyl diphosphate;4-CDP-2-C-methyl-D-erythritol;isopentenyl diphosphate	mechanical	+			LASER:Record1420070785.47:M1	0
LASER:Record1420070785.47:M1__N	gof	scored	add	MG1655	iML1515	11		LASER doi:10.1038/nbt.1555		idi:reg+|ispD:reg+|ispF:reg+|recA:del|dxs:reg+|crtE:add|crtB:add|crtI:add	N	MNXM1641,MNXM730948	4-CDP-2-C-methyl-D-erythritol 2-phosphate;4-CDP-2-C-methyl-D-erythritol	mechanical	+			LASER:Record1420070785.47:M1	0
LASER:Record1420071627.26:M1__C	gof	scored	add+del	MG1655	iML1515	13		LASER doi:10.1073/pnas.1106958108		fadE:del|beta-glucosidase:add|cel3A:add|gly43F:add|Cel7:add|Xyn10B:add|fadD:reg+|atfA:reg+|pdc:add|adhB:add|tesA:del	C	MNXM1092836,MNXM1106160,MNXM1108092,MNXM1364251,MNXM1364393,MNXM1364443,MNXM1653,MNXM23,MNXM236,MNXM314,MNXM402,MNXM728578,MNXM729755,MNXM750,MNXM8	decanoyl-CoA;hexadecanoyl-CoA;ethanol;(9Z)-hexadecenoyl-CoA;(9Z)-octadecenoate;(9E)-tetradecenoic acid;hexanoate;pyruvate;octadecanoate;tetradecanoate;dodecanoate;Fatty-Acids;Glycoside of aldohexose;octanoate;NAD(+)	mechanical,resolved	+			LASER:Record1420071627.26:M1	0
LASER:Record1420071627.26:M1__N	gof	scored	add+del	MG1655	iML1515	13		LASER doi:10.1073/pnas.1106958108		fadE:del|beta-glucosidase:add|cel3A:add|gly43F:add|Cel7:add|Xyn10B:add|fadD:reg+|atfA:reg+|pdc:add|adhB:add|tesA:del	N	MNXM1092836,MNXM1106160,MNXM1364251,MNXM8	decanoyl-CoA;hexadecanoyl-CoA;(9Z)-hexadecenoyl-CoA;NAD(+)	mechanical	+			LASER:Record1420071627.26:M1	0
LASER:Record1420071627.26:M1__S	gof	scored	add+del	MG1655	iML1515	13		LASER doi:10.1073/pnas.1106958108		fadE:del|beta-glucosidase:add|cel3A:add|gly43F:add|Cel7:add|Xyn10B:add|fadD:reg+|atfA:reg+|pdc:add|adhB:add|tesA:del	S	MNXM1092836,MNXM1106160,MNXM1364251	decanoyl-CoA;hexadecanoyl-CoA;(9Z)-hexadecenoyl-CoA	mechanical	+			LASER:Record1420071627.26:M1	0
LASER:Record1420071627.26:M1__P	gof	scored	add+del	MG1655	iML1515	13		LASER doi:10.1073/pnas.1106958108		fadE:del|beta-glucosidase:add|cel3A:add|gly43F:add|Cel7:add|Xyn10B:add|fadD:reg+|atfA:reg+|pdc:add|adhB:add|tesA:del	P	MNXM1092836,MNXM1106160,MNXM1364251,MNXM8	decanoyl-CoA;hexadecanoyl-CoA;(9Z)-hexadecenoyl-CoA;NAD(+)	mechanical	+			LASER:Record1420071627.26:M1	0
LASER:Record1420072418.09:M1__C	gof	scored	add	K-12	iML1515	3		LASER doi:10.1038/nbt.1557		myo-inositol oxygenase:add|Ino1:add|udh:add|ProteinBindingDomainPolymer:mut	C	MNXM1364686,MNXM728682,MNXM8	1D-myo-inositol 3-phosphate;beta-D-glucuronate;NAD(+)	mechanical	+			LASER:Record1420072418.09:M1	0
LASER:Record1420072418.09:M1__N	gof	scored	add	K-12	iML1515	3		LASER doi:10.1038/nbt.1557		myo-inositol oxygenase:add|Ino1:add|udh:add|ProteinBindingDomainPolymer:mut	N	MNXM8	NAD(+)	mechanical	+			LASER:Record1420072418.09:M1	0
LASER:Record1420072418.09:M1__P	gof	scored	add	K-12	iML1515	3		LASER doi:10.1038/nbt.1557		myo-inositol oxygenase:add|Ino1:add|udh:add|ProteinBindingDomainPolymer:mut	P	MNXM1364686,MNXM8	1D-myo-inositol 3-phosphate;NAD(+)	mechanical	+			LASER:Record1420072418.09:M1	0
LASER:Record1420427157.34:M1__N	gof	scored	add+del	W3110	iML1515	8		LASER doi:10.1038/msb4100196		lacI:del|tdh:del|thrA:mut|thrB:reg+|thrC:reg+|tdcC:del|metA:del|rhtA:reg+|lysC:mut|ppc:reg+|rhtB:reg+|ilvA:mut|rhtC:reg+|lysA:del|thrL:del|acs:reg+|iclR:del	N	MNXM1364266,MNXM142,MNXM353,MNXM759	propanoyl-CoA;L-threonine;L-homoserine;4-(phosphooxy)-L-threonine	mechanical	+			LASER:Record1420427157.34:M1	0
LASER:Record1420427157.34:M1__C	gof	scored	add+del	W3110	iML1515	8		LASER doi:10.1038/msb4100196		lacI:del|tdh:del|thrA:mut|thrB:reg+|thrC:reg+|tdcC:del|metA:del|rhtA:reg+|lysC:mut|ppc:reg+|rhtB:reg+|ilvA:mut|rhtC:reg+|lysA:del|thrL:del|acs:reg+|iclR:del	C	MNXM1364266,MNXM142,MNXM26,MNXM353,MNXM46,MNXM759	propanoyl-CoA;L-threonine;acetate;L-homoserine;oxaloacetate;4-(phosphooxy)-L-threonine	mechanical	+			LASER:Record1420427157.34:M1	0
LASER:Record1420427157.34:M1__S	gof	scored	add+del	W3110	iML1515	8		LASER doi:10.1038/msb4100196		lacI:del|tdh:del|thrA:mut|thrB:reg+|thrC:reg+|tdcC:del|metA:del|rhtA:reg+|lysC:mut|ppc:reg+|rhtB:reg+|ilvA:mut|rhtC:reg+|lysA:del|thrL:del|acs:reg+|iclR:del	S	MNXM1364266	propanoyl-CoA	mechanical	+			LASER:Record1420427157.34:M1	0
LASER:Record1420427157.34:M1__P	gof	scored	add+del	W3110	iML1515	8		LASER doi:10.1038/msb4100196		lacI:del|tdh:del|thrA:mut|thrB:reg+|thrC:reg+|tdcC:del|metA:del|rhtA:reg+|lysC:mut|ppc:reg+|rhtB:reg+|ilvA:mut|rhtC:reg+|lysA:del|thrL:del|acs:reg+|iclR:del	P	MNXM1364266,MNXM759	propanoyl-CoA;4-(phosphooxy)-L-threonine	mechanical	+			LASER:Record1420427157.34:M1	0
LASER:Record1420480571.45:M1__C	gof	scored	add	HB101	iML1515	1		LASER doi:10.1016/j.ymben.2012.08.001		thioesterase:add|acetoacetate decarboxylase:add|thiolase:add	C	MNXM398	acetone	resolved	+			LASER:Record1420480571.45:M1	1
LASER:Record1420481324.26:M1__N	gof	scored	add+del	MG1655	iML1515	1		LASER doi:doi:10.1002/bit.22660		accC:reg+|accD:reg+|accA:reg+|araD:del|accB:reg+|araB:del|araA:del|fadD:del|acyl-ACP thioesterase:add	N	MNXM1106093	malonyl-CoA	mechanical	+			LASER:Record1420481324.26:M1	0
LASER:Record1420481324.26:M1__S	gof	scored	add+del	MG1655	iML1515	1		LASER doi:doi:10.1002/bit.22660		accC:reg+|accD:reg+|accA:reg+|araD:del|accB:reg+|araB:del|araA:del|fadD:del|acyl-ACP thioesterase:add	S	MNXM1106093	malonyl-CoA	mechanical	+			LASER:Record1420481324.26:M1	0
LASER:Record1420481324.26:M1__C	gof	scored	add+del	MG1655	iML1515	1		LASER doi:doi:10.1002/bit.22660		accC:reg+|accD:reg+|accA:reg+|araD:del|accB:reg+|araB:del|araA:del|fadD:del|acyl-ACP thioesterase:add	C	MNXM1106093,MNXM728578	malonyl-CoA;Fatty-Acids	mechanical,resolved	+			LASER:Record1420481324.26:M1	0
LASER:Record1420481324.26:M1__P	gof	scored	add+del	MG1655	iML1515	1		LASER doi:doi:10.1002/bit.22660		accC:reg+|accD:reg+|accA:reg+|araD:del|accB:reg+|araB:del|araA:del|fadD:del|acyl-ACP thioesterase:add	P	MNXM1106093	malonyl-CoA	mechanical	+			LASER:Record1420481324.26:M1	0
LASER:Record1420482048.36:M1__N	gof	scored	add+del	BW25113	iML1515	2		LASER doi:10.1016/j.ymben.2012.07.002		frdB:del|frdC:del|ldhA:del|pta:del|adhE:del|crt1:add|hydroxybutyryl-coA dehydrogenase:add|acyl-CoA hydrolase:add	N	MNXM1363936,MNXM1364140,MNXM5	(2E)-butenoyl-CoA;(3R)-3-hydroxybutanoyl-CoA;NADP(+)	mechanical	+			LASER:Record1420482048.36:M1	0
LASER:Record1420482048.36:M1__S	gof	scored	add+del	BW25113	iML1515	2		LASER doi:10.1016/j.ymben.2012.07.002		frdB:del|frdC:del|ldhA:del|pta:del|adhE:del|crt1:add|hydroxybutyryl-coA dehydrogenase:add|acyl-CoA hydrolase:add	S	MNXM1363936,MNXM1364140	(2E)-butenoyl-CoA;(3R)-3-hydroxybutanoyl-CoA	mechanical	+			LASER:Record1420482048.36:M1	0
LASER:Record1420482048.36:M1__C	gof	scored	add+del	BW25113	iML1515	2		LASER doi:10.1016/j.ymben.2012.07.002		frdB:del|frdC:del|ldhA:del|pta:del|adhE:del|crt1:add|hydroxybutyryl-coA dehydrogenase:add|acyl-CoA hydrolase:add	C	MNXM1363936,MNXM1364140,MNXM5	(2E)-butenoyl-CoA;(3R)-3-hydroxybutanoyl-CoA;NADP(+)	mechanical	+			LASER:Record1420482048.36:M1	0
LASER:Record1420482048.36:M1__P	gof	scored	add+del	BW25113	iML1515	2		LASER doi:10.1016/j.ymben.2012.07.002		frdB:del|frdC:del|ldhA:del|pta:del|adhE:del|crt1:add|hydroxybutyryl-coA dehydrogenase:add|acyl-CoA hydrolase:add	P	MNXM1363936,MNXM1364140,MNXM5	(2E)-butenoyl-CoA;(3R)-3-hydroxybutanoyl-CoA;NADP(+)	mechanical	+			LASER:Record1420482048.36:M1	0
LASER:Record1420483083.91:M1__N	gof	scored	add+del	MG1655	iML1515	7		LASER doi:10.1016/j.ymben.2012.11.008		pntB:reg+|ilvD:reg+|ldhA:del|tdcE:del|nadK:reg+|pntA:reg+|tdcD:del|ackA:del|frdA:del|pflB:del|adhE:del|pta:del|adhA:add|kivD:add|acetolactate synthase:add|frdB:del|frdC:del|frdD:del	N	MNXM8	NAD(+)	mechanical	+			LASER:Record1420483083.91:M1	0
LASER:Record1420483083.91:M1__C	gof	scored	add+del	MG1655	iML1515	7		LASER doi:10.1016/j.ymben.2012.11.008		pntB:reg+|ilvD:reg+|ldhA:del|tdcE:del|nadK:reg+|pntA:reg+|tdcD:del|ackA:del|frdA:del|pflB:del|adhE:del|pta:del|adhA:add|kivD:add|acetolactate synthase:add|frdB:del|frdC:del|frdD:del	C	MNXM1363844,MNXM23,MNXM404,MNXM5188,MNXM734,MNXM8	3-methyl-2-oxopentanoate;pyruvate;4-methyl-2-oxopentanoate;isobutanol;(2R)-2,3-dihydroxy-3-methylbutanoate;NAD(+)	mechanical,resolved	+			LASER:Record1420483083.91:M1	0
LASER:Record1420483083.91:M1__P	gof	scored	add+del	MG1655	iML1515	7		LASER doi:10.1016/j.ymben.2012.11.008		pntB:reg+|ilvD:reg+|ldhA:del|tdcE:del|nadK:reg+|pntA:reg+|tdcD:del|ackA:del|frdA:del|pflB:del|adhE:del|pta:del|adhA:add|kivD:add|acetolactate synthase:add|frdB:del|frdC:del|frdD:del	P	MNXM8	NAD(+)	mechanical	+			LASER:Record1420483083.91:M1	0
LASER:Record1420483763.95:M1__N	gof	scored	add+del	B	iML1515	3		LASER doi:10.1007/s10295-010-0920-5		frdB:del|frdC:del|aceF:reg+|ldhA:del|aceE:reg+|ackA:del|pflB:del|lpd:reg+	N	MNXM1103936,MNXM29,MNXM8	(6S)-5,6,7,8-tetrahydrofolate;glycine;NAD(+)	mechanical	+			LASER:Record1420483763.95:M1	1
LASER:Record1420483763.95:M1__C	gof	scored	add+del	B	iML1515	3		LASER doi:10.1007/s10295-010-0920-5		frdB:del|frdC:del|aceF:reg+|ldhA:del|aceE:reg+|ackA:del|pflB:del|lpd:reg+	C	MNXM1103936,MNXM1108092,MNXM1368744,MNXM23,MNXM29,MNXM8	(6S)-5,6,7,8-tetrahydrofolate;ethanol;2-oxoglutarate;pyruvate;glycine;NAD(+)	mechanical,resolved	+			LASER:Record1420483763.95:M1	1
LASER:Record1420483763.95:M1__P	gof	scored	add+del	B	iML1515	3		LASER doi:10.1007/s10295-010-0920-5		frdB:del|frdC:del|aceF:reg+|ldhA:del|aceE:reg+|ackA:del|pflB:del|lpd:reg+	P	MNXM8	NAD(+)	mechanical	+			LASER:Record1420483763.95:M1	1
LASER:Record1420484294.11:M1__S	gof	scored	add	BL21(DE3)	iML1515	7		LASER doi:10.1016/j.ymben.2012.06.001		plsC:reg+|MG517:add	S	MNXM740692,MNXM89949	sulfaniumyl group;Cis-hexadec-9-enoyl-[acyl-carrier protein] (n-C16:1)	mechanical	+			LASER:Record1420484294.11:M1	1
LASER:Record1420484294.11:M1__C	gof	scored	add	BL21(DE3)	iML1515	7		LASER doi:10.1016/j.ymben.2012.06.001		plsC:reg+|MG517:add	C	MNXM731668,MNXM737414,MNXM737489,MNXM89949,MNXM90509,MNXM90511,MNXM90512	1,2-dihexadecanoyl-sn-glycero-3-phosphate;dimyristoyl phosphatidic acid;3-(Phosphonooxy)-1,2-propanediyl dioctadecanoate;Cis-hexadec-9-enoyl-[acyl-carrier protein] (n-C16:1);1,2-didodecanoyl-sn-glycerol 3-phosphate;1,2-dioctadec-11-enoyl-sn-glycerol 3-phosphate;1,2-ditetradec-7-enoyl-sn-glycerol 3-phosphate	mechanical	+			LASER:Record1420484294.11:M1	1
LASER:Record1420484294.11:M1__P	gof	scored	add	BL21(DE3)	iML1515	7		LASER doi:10.1016/j.ymben.2012.06.001		plsC:reg+|MG517:add	P	MNXM731668,MNXM737414,MNXM737489,MNXM89949,MNXM90509,MNXM90511,MNXM90512	1,2-dihexadecanoyl-sn-glycero-3-phosphate;dimyristoyl phosphatidic acid;3-(Phosphonooxy)-1,2-propanediyl dioctadecanoate;Cis-hexadec-9-enoyl-[acyl-carrier protein] (n-C16:1);1,2-didodecanoyl-sn-glycerol 3-phosphate;1,2-dioctadec-11-enoyl-sn-glycerol 3-phosphate;1,2-ditetradec-7-enoyl-sn-glycerol 3-phosphate	mechanical	+			LASER:Record1420484294.11:M1	1
LASER:Record1420484294.11:M1__N	gof	scored	add	BL21(DE3)	iML1515	7		LASER doi:10.1016/j.ymben.2012.06.001		plsC:reg+|MG517:add	N	MNXM89949	Cis-hexadec-9-enoyl-[acyl-carrier protein] (n-C16:1)	mechanical	+			LASER:Record1420484294.11:M1	1
LASER:Record1420484655.86:M1__C	gof	scored	del	BW25113	iML1515	0		LASER doi:10.1016/j.bbrc.2009.12.013		frdC:del	C	MNXM1108092	ethanol	resolved	+			LASER:Record1420484655.86:M1	0
LASER:Record1420489880.3:M1__N	gof	scored	add	C41(DE3)	iML1515	1		LASER doi:10.1186/1475-2859-11-153		tyrA:mut|tyrR:del|aroG:mut|tyrosine ammonia-lyase:add	N	MNXM76	L-tyrosine	mechanical	+			LASER:Record1420489880.3:M1	1
LASER:Record1420489880.3:M1__C	gof	scored	add	C41(DE3)	iML1515	1		LASER doi:10.1186/1475-2859-11-153		tyrA:mut|tyrR:del|aroG:mut|tyrosine ammonia-lyase:add	C	MNXM76	L-tyrosine	mechanical	+			LASER:Record1420489880.3:M1	1
LASER:Record1420489880.3:M2__C	gof	scored	add	C41(DE3)	iML1515	2		LASER doi:10.1186/1475-2859-11-153		tyrA:mut|tyrR:del|aroG:mut|tyrosine ammonia-lyase:add|4-hydroxyphenylacetate 3-monooxygenase:add	C	MNXM1370996,MNXM645,MNXM76	caffeic acid;3,4-dihydroxyphenylacetate;L-tyrosine	mechanical,resolved	+			LASER:Record1420489880.3:M2	1
LASER:Record1420489880.3:M2__N	gof	scored	add	C41(DE3)	iML1515	2		LASER doi:10.1186/1475-2859-11-153		tyrA:mut|tyrR:del|aroG:mut|tyrosine ammonia-lyase:add|4-hydroxyphenylacetate 3-monooxygenase:add	N	MNXM76	L-tyrosine	mechanical	+			LASER:Record1420489880.3:M2	1
LASER:Record1420489880.3:M3__N	gof	scored	add	C41(DE3)	iML1515	1		LASER doi:10.1186/1475-2859-11-153		tyrA:mut|tyrR:del|aroG:mut|4-coumarate 3-hydroxylase:add|tyrosine ammonia-lyase:add|caffeic acid methyltransferase:add	N	MNXM76	L-tyrosine	mechanical	+			LASER:Record1420489880.3:M3	1
LASER:Record1420489880.3:M3__C	gof	scored	add	C41(DE3)	iML1515	1		LASER doi:10.1186/1475-2859-11-153		tyrA:mut|tyrR:del|aroG:mut|4-coumarate 3-hydroxylase:add|tyrosine ammonia-lyase:add|caffeic acid methyltransferase:add	C	MNXM573,MNXM76	(E)-ferulate;L-tyrosine	mechanical,resolved	+			LASER:Record1420489880.3:M3	1
LASER:Record1420490889.88:M1__N	gof	scored	add+del	MG1655(DE3)	iML1515	20		LASER doi:10.1186/1475-2859-9-96		tdh:del|atoA:del|thrA:reg+|poxB:del|thrB:reg+|thrC:reg+|metA:del|ackA:del|tesB:reg+|endA:del|atoD:del|pta:del|bktB:add|phaB:add|ilvA:add|ptb:add|buk1:add	N	MNXM1092836,MNXM1104699,MNXM1106160,MNXM1364140,MNXM1364251,MNXM1364497,MNXM142,MNXM2290,MNXM353,MNXM5,MNXM759	decanoyl-CoA;3-oxohexanoyl-CoA;hexadecanoyl-CoA;(3R)-3-hydroxybutanoyl-CoA;(9Z)-hexadecenoyl-CoA;L-aspartate;L-threonine;a tetradecenoyl-CoA (n-C14:1CoA);L-homoserine;NADP(+);4-(phosphooxy)-L-threonine	mechanical	+			LASER:Record1420490889.88:M1	0
LASER:Record1420490889.88:M1__C	gof	scored	add+del	MG1655(DE3)	iML1515	20		LASER doi:10.1186/1475-2859-9-96		tdh:del|atoA:del|thrA:reg+|poxB:del|thrB:reg+|thrC:reg+|metA:del|ackA:del|tesB:reg+|endA:del|atoD:del|pta:del|bktB:add|phaB:add|ilvA:add|ptb:add|buk1:add	C	MNXM1092836,MNXM1104699,MNXM1106160,MNXM1364140,MNXM1364251,MNXM1364393,MNXM1364497,MNXM142,MNXM1653,MNXM2105,MNXM2290,MNXM236,MNXM314,MNXM353,MNXM402,MNXM458,MNXM5,MNXM750,MNXM759	decanoyl-CoA;3-oxohexanoyl-CoA;hexadecanoyl-CoA;(3R)-3-hydroxybutanoyl-CoA;(9Z)-hexadecenoyl-CoA;(9Z)-octadecenoate;L-aspartate;L-threonine;hexanoate;butanoyl phosphate;a tetradecenoyl-CoA (n-C14:1CoA);octadecanoate;tetradecanoate;L-homoserine;dodecanoate;butanoate;NADP(+);octanoate;4-(phosphooxy)-L-threonine	mechanical	+			LASER:Record1420490889.88:M1	0
LASER:Record1420490889.88:M1__P	gof	scored	add+del	MG1655(DE3)	iML1515	20		LASER doi:10.1186/1475-2859-9-96		tdh:del|atoA:del|thrA:reg+|poxB:del|thrB:reg+|thrC:reg+|metA:del|ackA:del|tesB:reg+|endA:del|atoD:del|pta:del|bktB:add|phaB:add|ilvA:add|ptb:add|buk1:add	P	MNXM1092836,MNXM1104699,MNXM1106160,MNXM1364140,MNXM1364251,MNXM2105,MNXM2290,MNXM5,MNXM759	decanoyl-CoA;3-oxohexanoyl-CoA;hexadecanoyl-CoA;(3R)-3-hydroxybutanoyl-CoA;(9Z)-hexadecenoyl-CoA;butanoyl phosphate;a tetradecenoyl-CoA (n-C14:1CoA);NADP(+);4-(phosphooxy)-L-threonine	mechanical	+			LASER:Record1420490889.88:M1	0
LASER:Record1420490889.88:M1__S	gof	scored	add+del	MG1655(DE3)	iML1515	20		LASER doi:10.1186/1475-2859-9-96		tdh:del|atoA:del|thrA:reg+|poxB:del|thrB:reg+|thrC:reg+|metA:del|ackA:del|tesB:reg+|endA:del|atoD:del|pta:del|bktB:add|phaB:add|ilvA:add|ptb:add|buk1:add	S	MNXM1092836,MNXM1104699,MNXM1106160,MNXM1364140,MNXM1364251,MNXM2290	decanoyl-CoA;3-oxohexanoyl-CoA;hexadecanoyl-CoA;(3R)-3-hydroxybutanoyl-CoA;(9Z)-hexadecenoyl-CoA;a tetradecenoyl-CoA (n-C14:1CoA)	mechanical	+			LASER:Record1420490889.88:M1	0
LASER:Record1420490889.88:M2__N	gof	scored	add+del	MG1655(DE3)	iML1515	20		LASER doi:10.1186/1475-2859-9-96		tdh:del|atoA:del|thrA:reg+|poxB:del|thrB:reg+|thrC:reg+|metA:del|ackA:del|tesB:reg+|endA:del|atoD:del|pta:del|bktB:add|ilvA:add|ptb:add|hbd:add|buk1:add	N	MNXM1092836,MNXM1104699,MNXM1105912,MNXM1106160,MNXM1364251,MNXM1364497,MNXM142,MNXM2290,MNXM353,MNXM5,MNXM759,MNXM8	decanoyl-CoA;3-oxohexanoyl-CoA;(3S)-3-hydroxybutanoyl-CoA;hexadecanoyl-CoA;(9Z)-hexadecenoyl-CoA;L-aspartate;L-threonine;a tetradecenoyl-CoA (n-C14:1CoA);L-homoserine;NADP(+);4-(phosphooxy)-L-threonine;NAD(+)	mechanical	+			LASER:Record1420490889.88:M2	0
LASER:Record1420490889.88:M2__C	gof	scored	add+del	MG1655(DE3)	iML1515	20		LASER doi:10.1186/1475-2859-9-96		tdh:del|atoA:del|thrA:reg+|poxB:del|thrB:reg+|thrC:reg+|metA:del|ackA:del|tesB:reg+|endA:del|atoD:del|pta:del|bktB:add|ilvA:add|ptb:add|hbd:add|buk1:add	C	MNXM1092836,MNXM1104699,MNXM1105912,MNXM1106160,MNXM1364251,MNXM1364393,MNXM1364497,MNXM142,MNXM1653,MNXM2105,MNXM2290,MNXM236,MNXM314,MNXM353,MNXM402,MNXM458,MNXM5,MNXM750,MNXM759,MNXM8	decanoyl-CoA;3-oxohexanoyl-CoA;(3S)-3-hydroxybutanoyl-CoA;hexadecanoyl-CoA;(9Z)-hexadecenoyl-CoA;(9Z)-octadecenoate;L-aspartate;L-threonine;hexanoate;butanoyl phosphate;a tetradecenoyl-CoA (n-C14:1CoA);octadecanoate;tetradecanoate;L-homoserine;dodecanoate;butanoate;NADP(+);octanoate;4-(phosphooxy)-L-threonine;NAD(+)	mechanical	+			LASER:Record1420490889.88:M2	0
LASER:Record1420490889.88:M2__P	gof	scored	add+del	MG1655(DE3)	iML1515	20		LASER doi:10.1186/1475-2859-9-96		tdh:del|atoA:del|thrA:reg+|poxB:del|thrB:reg+|thrC:reg+|metA:del|ackA:del|tesB:reg+|endA:del|atoD:del|pta:del|bktB:add|ilvA:add|ptb:add|hbd:add|buk1:add	P	MNXM1092836,MNXM1104699,MNXM1105912,MNXM1106160,MNXM1364251,MNXM2105,MNXM2290,MNXM5,MNXM759,MNXM8	decanoyl-CoA;3-oxohexanoyl-CoA;(3S)-3-hydroxybutanoyl-CoA;hexadecanoyl-CoA;(9Z)-hexadecenoyl-CoA;butanoyl phosphate;a tetradecenoyl-CoA (n-C14:1CoA);NADP(+);4-(phosphooxy)-L-threonine;NAD(+)	mechanical	+			LASER:Record1420490889.88:M2	0
LASER:Record1420490889.88:M2__S	gof	scored	add+del	MG1655(DE3)	iML1515	20		LASER doi:10.1186/1475-2859-9-96		tdh:del|atoA:del|thrA:reg+|poxB:del|thrB:reg+|thrC:reg+|metA:del|ackA:del|tesB:reg+|endA:del|atoD:del|pta:del|bktB:add|ilvA:add|ptb:add|hbd:add|buk1:add	S	MNXM1092836,MNXM1104699,MNXM1105912,MNXM1106160,MNXM1364251,MNXM2290	decanoyl-CoA;3-oxohexanoyl-CoA;(3S)-3-hydroxybutanoyl-CoA;hexadecanoyl-CoA;(9Z)-hexadecenoyl-CoA;a tetradecenoyl-CoA (n-C14:1CoA)	mechanical	+			LASER:Record1420490889.88:M2	0
LASER:Record1420492799.27:M1__N	gof	scored	add+del	MG1655(DE3)	iML1515	17		LASER doi:10.1002/bit.24925		atoB:reg+|ldhA:del|frdA:del|tesB:reg+|adhE:del|pta:del|crt:add|hbd:add|ter:add|ProteinBindingDomainPolymer:mut	N	MNXM1092836,MNXM1103616,MNXM1104266,MNXM1104300,MNXM1104721,MNXM1105912,MNXM1106160,MNXM1363936,MNXM1364251,MNXM2290,MNXM8	decanoyl-CoA;hexanoyl-CoA;acetyl-CoA;butanoyl-CoA;(3S)-hydroxyhexanoyl-CoA;(3S)-3-hydroxybutanoyl-CoA;hexadecanoyl-CoA;(2E)-butenoyl-CoA;(9Z)-hexadecenoyl-CoA;a tetradecenoyl-CoA (n-C14:1CoA);NAD(+)	mechanical	+			LASER:Record1420492799.27:M1	0
LASER:Record1420492799.27:M1__S	gof	scored	add+del	MG1655(DE3)	iML1515	17		LASER doi:10.1002/bit.24925		atoB:reg+|ldhA:del|frdA:del|tesB:reg+|adhE:del|pta:del|crt:add|hbd:add|ter:add|ProteinBindingDomainPolymer:mut	S	MNXM1092836,MNXM1103616,MNXM1104266,MNXM1104300,MNXM1104721,MNXM1105912,MNXM1106160,MNXM1363936,MNXM1364251,MNXM2290	decanoyl-CoA;hexanoyl-CoA;acetyl-CoA;butanoyl-CoA;(3S)-hydroxyhexanoyl-CoA;(3S)-3-hydroxybutanoyl-CoA;hexadecanoyl-CoA;(2E)-butenoyl-CoA;(9Z)-hexadecenoyl-CoA;a tetradecenoyl-CoA (n-C14:1CoA)	mechanical	+			LASER:Record1420492799.27:M1	0
LASER:Record1420492799.27:M1__C	gof	scored	add+del	MG1655(DE3)	iML1515	17		LASER doi:10.1002/bit.24925		atoB:reg+|ldhA:del|frdA:del|tesB:reg+|adhE:del|pta:del|crt:add|hbd:add|ter:add|ProteinBindingDomainPolymer:mut	C	MNXM1092836,MNXM1103616,MNXM1104266,MNXM1104300,MNXM1104721,MNXM1105912,MNXM1106160,MNXM1363936,MNXM1364251,MNXM1364393,MNXM1653,MNXM2290,MNXM236,MNXM314,MNXM402,MNXM458,MNXM750,MNXM8	decanoyl-CoA;hexanoyl-CoA;acetyl-CoA;butanoyl-CoA;(3S)-hydroxyhexanoyl-CoA;(3S)-3-hydroxybutanoyl-CoA;hexadecanoyl-CoA;(2E)-butenoyl-CoA;(9Z)-hexadecenoyl-CoA;(9Z)-octadecenoate;hexanoate;a tetradecenoyl-CoA (n-C14:1CoA);octadecanoate;tetradecanoate;dodecanoate;butanoate;octanoate;NAD(+)	mechanical,resolved	+			LASER:Record1420492799.27:M1	0
LASER:Record1420492799.27:M1__P	gof	scored	add+del	MG1655(DE3)	iML1515	17		LASER doi:10.1002/bit.24925		atoB:reg+|ldhA:del|frdA:del|tesB:reg+|adhE:del|pta:del|crt:add|hbd:add|ter:add|ProteinBindingDomainPolymer:mut	P	MNXM1092836,MNXM1103616,MNXM1104266,MNXM1104300,MNXM1104721,MNXM1105912,MNXM1106160,MNXM1363936,MNXM1364251,MNXM2290,MNXM8	decanoyl-CoA;hexanoyl-CoA;acetyl-CoA;butanoyl-CoA;(3S)-hydroxyhexanoyl-CoA;(3S)-3-hydroxybutanoyl-CoA;hexadecanoyl-CoA;(2E)-butenoyl-CoA;(9Z)-hexadecenoyl-CoA;a tetradecenoyl-CoA (n-C14:1CoA);NAD(+)	mechanical	+			LASER:Record1420492799.27:M1	0
LASER:Record1420493402.6:M1__N	gof	scored	add	ATCC31884	iML1515	1		LASER doi:10.1002/bit.24988		aroH:mut|aroF:mut|tyrR:mut|aroG:mut|tnaA:mut|pheA:mut|lacY:mut|hpaB:reg+|malT:mut|hpaC:reg+|tyrosine ammonia-lyase:add	N	MNXM76	L-tyrosine	mechanical	+			LASER:Record1420493402.6:M1	0
LASER:Record1420493402.6:M1__C	gof	scored	add	ATCC31884	iML1515	1		LASER doi:10.1002/bit.24988		aroH:mut|aroF:mut|tyrR:mut|aroG:mut|tnaA:mut|pheA:mut|lacY:mut|hpaB:reg+|malT:mut|hpaC:reg+|tyrosine ammonia-lyase:add	C	MNXM1370996,MNXM76	caffeic acid;L-tyrosine	mechanical,resolved	+			LASER:Record1420493402.6:M1	0
LASER:Record1420495375.31:M1__N	gof	scored	add	K-12	iML1515	4		LASER doi:10.1016/j.ymben.2007.12.001		tyrA:mut|aroG:mut|aroK:reg+|ydiB:reg+	N	MNXM5,MNXM76,MNXM8	NADP(+);L-tyrosine;NAD(+)	mechanical,resolved	+			LASER:Record1420495375.31:M1	0
LASER:Record1420495375.31:M1__C	gof	scored	add	K-12	iML1515	4		LASER doi:10.1016/j.ymben.2007.12.001		tyrA:mut|aroG:mut|aroK:reg+|ydiB:reg+	C	MNXM5,MNXM602,MNXM736788,MNXM76,MNXM8	NADP(+);shikimate;L-quinate;L-tyrosine;NAD(+)	mechanical,resolved	+			LASER:Record1420495375.31:M1	0
LASER:Record1420495375.31:M1__P	gof	scored	add	K-12	iML1515	4		LASER doi:10.1016/j.ymben.2007.12.001		tyrA:mut|aroG:mut|aroK:reg+|ydiB:reg+	P	MNXM5,MNXM8	NADP(+);NAD(+)	mechanical	+			LASER:Record1420495375.31:M1	0
LASER:Record1420495375.31:M2__C	gof	scored	add	K-12	iML1515	7		LASER doi:10.1016/j.ymben.2007.12.001		tyrA:mut|aroG:mut|aroK:reg+|ydiB:reg+|ppsA:reg+|tktA:reg+	C	MNXM1372044,MNXM186,MNXM23,MNXM258,MNXM5,MNXM602,MNXM733314,MNXM736788,MNXM76,MNXM8	glyceraldehyde 3-phosphate;D-xylulose 5-phosphate;pyruvate;D-erythrose 4-phosphate;NADP(+);shikimate;D-sedoheptulose 7-phosphate;L-quinate;L-tyrosine;NAD(+)	mechanical,resolved	+			LASER:Record1420495375.31:M2	0
LASER:Record1420495375.31:M2__N	gof	scored	add	K-12	iML1515	7		LASER doi:10.1016/j.ymben.2007.12.001		tyrA:mut|aroG:mut|aroK:reg+|ydiB:reg+|ppsA:reg+|tktA:reg+	N	MNXM5,MNXM76,MNXM8	NADP(+);L-tyrosine;NAD(+)	mechanical,resolved	+			LASER:Record1420495375.31:M2	0
LASER:Record1420495375.31:M2__P	gof	scored	add	K-12	iML1515	7		LASER doi:10.1016/j.ymben.2007.12.001		tyrA:mut|aroG:mut|aroK:reg+|ydiB:reg+|ppsA:reg+|tktA:reg+	P	MNXM1372044,MNXM186,MNXM258,MNXM5,MNXM733314,MNXM8	glyceraldehyde 3-phosphate;D-xylulose 5-phosphate;D-erythrose 4-phosphate;NADP(+);D-sedoheptulose 7-phosphate;NAD(+)	mechanical	+			LASER:Record1420495375.31:M2	0
LASER:Record1420496457.95:M1__C	gof	scored	add	JM109(DE3)	iML1515	6		LASER doi:10.1007/s00253-011-3725-1		idi:reg+|lacI:del|ytjC:del|ispD:reg+|ispF:reg+|mdh:reg+|gdhA:del|dxs:reg+|GGPPS:add	C	MNXM1107192,MNXM1363833,MNXM1641,MNXM622,MNXM730948,MNXM8,MNXM83	(S)-malate;(2E,6E)-farnesyl diphosphate;4-CDP-2-C-methyl-D-erythritol 2-phosphate;1-deoxy-D-xylulose 5-phosphate;4-CDP-2-C-methyl-D-erythritol;NAD(+);isopentenyl diphosphate	mechanical	+			LASER:Record1420496457.95:M1	0
LASER:Record1420496457.95:M1__P	gof	scored	add	JM109(DE3)	iML1515	6		LASER doi:10.1007/s00253-011-3725-1		idi:reg+|lacI:del|ytjC:del|ispD:reg+|ispF:reg+|mdh:reg+|gdhA:del|dxs:reg+|GGPPS:add	P	MNXM1363833,MNXM1641,MNXM622,MNXM730948,MNXM8,MNXM83	(2E,6E)-farnesyl diphosphate;4-CDP-2-C-methyl-D-erythritol 2-phosphate;1-deoxy-D-xylulose 5-phosphate;4-CDP-2-C-methyl-D-erythritol;NAD(+);isopentenyl diphosphate	mechanical	+			LASER:Record1420496457.95:M1	0
LASER:Record1420496457.95:M1__N	gof	scored	add	JM109(DE3)	iML1515	6		LASER doi:10.1007/s00253-011-3725-1		idi:reg+|lacI:del|ytjC:del|ispD:reg+|ispF:reg+|mdh:reg+|gdhA:del|dxs:reg+|GGPPS:add	N	MNXM1641,MNXM730948,MNXM8	4-CDP-2-C-methyl-D-erythritol 2-phosphate;4-CDP-2-C-methyl-D-erythritol;NAD(+)	mechanical	+			LASER:Record1420496457.95:M1	0
LASER:Record1420496841.37:M1__C	gof	scored	del	MG1655	iML1515	0		LASER doi:10.1002/bit.25261		fadE:del|tesA:del	C	MNXM728578	Fatty-Acids	resolved	+			LASER:Record1420496841.37:M1	0
LASER:Record1420496841.37:M2__C	gof	scored	del	MG1655	iML1515	0		LASER doi:10.1002/bit.25261		rpe:del|talB:del|talA:del|tesA:del|sgcE:del	C	MNXM728578	Fatty-Acids	resolved	+			LASER:Record1420496841.37:M2	0
LASER:Record1420497445.19:M1__C	gof	scored	add	MG1655	iML1515	3		LASER doi:10.1016/j.ymben.2009.01.002		iscR:del|pfo:reg+|hydG:add|hydE:add|hydrogenase:add|M11214:add|hydA:add	C	MNXM23	pyruvate	mechanical	+			LASER:Record1420497445.19:M1	0
LASER:Record1420563570.49:M1__C	gof	scored	add+del	K12	iML1515	11		LASER doi:10.1038/nbt1083		idi:reg+|aceE:del|ispD:reg+|ispF:reg+|gdhA:del|fdhF:del|dxs:reg+|crtI:add|crtE:add|crtB:add	C	MNXM1363833,MNXM1370262,MNXM1641,MNXM622,MNXM728266,MNXM730948,MNXM83	(2E,6E)-farnesyl diphosphate;15-cis-phytoene;4-CDP-2-C-methyl-D-erythritol 2-phosphate;1-deoxy-D-xylulose 5-phosphate;(2E,6E,10E)-geranylgeranyl diphosphate;4-CDP-2-C-methyl-D-erythritol;isopentenyl diphosphate	mechanical	+			LASER:Record1420563570.49:M1	0
LASER:Record1420563570.49:M1__P	gof	scored	add+del	K12	iML1515	11		LASER doi:10.1038/nbt1083		idi:reg+|aceE:del|ispD:reg+|ispF:reg+|gdhA:del|fdhF:del|dxs:reg+|crtI:add|crtE:add|crtB:add	P	MNXM1363833,MNXM1641,MNXM622,MNXM728266,MNXM730948,MNXM83	(2E,6E)-farnesyl diphosphate;4-CDP-2-C-methyl-D-erythritol 2-phosphate;1-deoxy-D-xylulose 5-phosphate;(2E,6E,10E)-geranylgeranyl diphosphate;4-CDP-2-C-methyl-D-erythritol;isopentenyl diphosphate	mechanical	+			LASER:Record1420563570.49:M1	0
LASER:Record1420563570.49:M1__N	gof	scored	add+del	K12	iML1515	11		LASER doi:10.1038/nbt1083		idi:reg+|aceE:del|ispD:reg+|ispF:reg+|gdhA:del|fdhF:del|dxs:reg+|crtI:add|crtE:add|crtB:add	N	MNXM1641,MNXM730948	4-CDP-2-C-methyl-D-erythritol 2-phosphate;4-CDP-2-C-methyl-D-erythritol	mechanical	+			LASER:Record1420563570.49:M1	0
LASER:Record1420563570.49:M2__C	gof	scored	add+del	K12	iML1515	11		LASER doi:10.1038/nbt1083		idi:reg+|iraD:del|aceE:del|ispD:reg+|ispF:reg+|gdhA:del|dxs:reg+|crtI:add|crtE:add|crtB:add	C	MNXM1363833,MNXM1370262,MNXM1641,MNXM622,MNXM728266,MNXM730948,MNXM83	(2E,6E)-farnesyl diphosphate;15-cis-phytoene;4-CDP-2-C-methyl-D-erythritol 2-phosphate;1-deoxy-D-xylulose 5-phosphate;(2E,6E,10E)-geranylgeranyl diphosphate;4-CDP-2-C-methyl-D-erythritol;isopentenyl diphosphate	mechanical	+			LASER:Record1420563570.49:M2	0
LASER:Record1420563570.49:M2__P	gof	scored	add+del	K12	iML1515	11		LASER doi:10.1038/nbt1083		idi:reg+|iraD:del|aceE:del|ispD:reg+|ispF:reg+|gdhA:del|dxs:reg+|crtI:add|crtE:add|crtB:add	P	MNXM1363833,MNXM1641,MNXM622,MNXM728266,MNXM730948,MNXM83	(2E,6E)-farnesyl diphosphate;4-CDP-2-C-methyl-D-erythritol 2-phosphate;1-deoxy-D-xylulose 5-phosphate;(2E,6E,10E)-geranylgeranyl diphosphate;4-CDP-2-C-methyl-D-erythritol;isopentenyl diphosphate	mechanical	+			LASER:Record1420563570.49:M2	0
LASER:Record1420563570.49:M2__N	gof	scored	add+del	K12	iML1515	11		LASER doi:10.1038/nbt1083		idi:reg+|iraD:del|aceE:del|ispD:reg+|ispF:reg+|gdhA:del|dxs:reg+|crtI:add|crtE:add|crtB:add	N	MNXM1641,MNXM730948	4-CDP-2-C-methyl-D-erythritol 2-phosphate;4-CDP-2-C-methyl-D-erythritol	mechanical	+			LASER:Record1420563570.49:M2	0
LASER:Record1420563570.49:M3__C	gof	scored	add+del	K12	iML1515	11		LASER doi:10.1038/nbt1083		idi:reg+|iraD:del|aceE:del|rssB:del|ispD:reg+|ispF:reg+|gdhA:del|yjfP:del|dxs:reg+|crtI:add|crtE:add|crtB:add	C	MNXM1363833,MNXM1370262,MNXM1641,MNXM622,MNXM728266,MNXM730948,MNXM83	(2E,6E)-farnesyl diphosphate;15-cis-phytoene;4-CDP-2-C-methyl-D-erythritol 2-phosphate;1-deoxy-D-xylulose 5-phosphate;(2E,6E,10E)-geranylgeranyl diphosphate;4-CDP-2-C-methyl-D-erythritol;isopentenyl diphosphate	mechanical	+			LASER:Record1420563570.49:M3	0
LASER:Record1420563570.49:M3__P	gof	scored	add+del	K12	iML1515	11		LASER doi:10.1038/nbt1083		idi:reg+|iraD:del|aceE:del|rssB:del|ispD:reg+|ispF:reg+|gdhA:del|yjfP:del|dxs:reg+|crtI:add|crtE:add|crtB:add	P	MNXM1363833,MNXM1641,MNXM622,MNXM728266,MNXM730948,MNXM83	(2E,6E)-farnesyl diphosphate;4-CDP-2-C-methyl-D-erythritol 2-phosphate;1-deoxy-D-xylulose 5-phosphate;(2E,6E,10E)-geranylgeranyl diphosphate;4-CDP-2-C-methyl-D-erythritol;isopentenyl diphosphate	mechanical	+			LASER:Record1420563570.49:M3	0
LASER:Record1420563570.49:M3__N	gof	scored	add+del	K12	iML1515	11		LASER doi:10.1038/nbt1083		idi:reg+|iraD:del|aceE:del|rssB:del|ispD:reg+|ispF:reg+|gdhA:del|yjfP:del|dxs:reg+|crtI:add|crtE:add|crtB:add	N	MNXM1641,MNXM730948	4-CDP-2-C-methyl-D-erythritol 2-phosphate;4-CDP-2-C-methyl-D-erythritol	mechanical	+			LASER:Record1420563570.49:M3	0
LASER:Record1420563570.49:M4__C	gof	scored	add+del	K12	iML1515	11		LASER doi:10.1038/nbt1083		idi:reg+|iraD:del|aceE:del|fdhF:del|ispD:reg+|ispF:reg+|gdhA:del|yjfP:del|dxs:reg+|crtI:add|crtE:add|crtB:add	C	MNXM1363833,MNXM1370262,MNXM1641,MNXM622,MNXM728266,MNXM730948,MNXM83	(2E,6E)-farnesyl diphosphate;15-cis-phytoene;4-CDP-2-C-methyl-D-erythritol 2-phosphate;1-deoxy-D-xylulose 5-phosphate;(2E,6E,10E)-geranylgeranyl diphosphate;4-CDP-2-C-methyl-D-erythritol;isopentenyl diphosphate	mechanical	+			LASER:Record1420563570.49:M4	0
LASER:Record1420563570.49:M4__P	gof	scored	add+del	K12	iML1515	11		LASER doi:10.1038/nbt1083		idi:reg+|iraD:del|aceE:del|fdhF:del|ispD:reg+|ispF:reg+|gdhA:del|yjfP:del|dxs:reg+|crtI:add|crtE:add|crtB:add	P	MNXM1363833,MNXM1641,MNXM622,MNXM728266,MNXM730948,MNXM83	(2E,6E)-farnesyl diphosphate;4-CDP-2-C-methyl-D-erythritol 2-phosphate;1-deoxy-D-xylulose 5-phosphate;(2E,6E,10E)-geranylgeranyl diphosphate;4-CDP-2-C-methyl-D-erythritol;isopentenyl diphosphate	mechanical	+			LASER:Record1420563570.49:M4	0
LASER:Record1420563570.49:M4__N	gof	scored	add+del	K12	iML1515	11		LASER doi:10.1038/nbt1083		idi:reg+|iraD:del|aceE:del|fdhF:del|ispD:reg+|ispF:reg+|gdhA:del|yjfP:del|dxs:reg+|crtI:add|crtE:add|crtB:add	N	MNXM1641,MNXM730948	4-CDP-2-C-methyl-D-erythritol 2-phosphate;4-CDP-2-C-methyl-D-erythritol	mechanical	+			LASER:Record1420563570.49:M4	0
LASER:Record1420564498.19:M1__C	gof	scored	add+del	MG1655	iML1515	1		LASER doi:10.1128/AEM.05358-11		frdC:del|ldhA:del|ackA:del|pta:del|adhE:del|acetaldehyde dehydrogenase:add	C	MNXM75,MNXM8	acetaldehyde;NAD(+)	mechanical	+			LASER:Record1420564498.19:M1	0
LASER:Record1420564498.19:M1__N	gof	scored	add+del	MG1655	iML1515	1		LASER doi:10.1128/AEM.05358-11		frdC:del|ldhA:del|ackA:del|pta:del|adhE:del|acetaldehyde dehydrogenase:add	N	MNXM8	NAD(+)	mechanical	+			LASER:Record1420564498.19:M1	0
LASER:Record1420564498.19:M1__P	gof	scored	add+del	MG1655	iML1515	1		LASER doi:10.1128/AEM.05358-11		frdC:del|ldhA:del|ackA:del|pta:del|adhE:del|acetaldehyde dehydrogenase:add	P	MNXM8	NAD(+)	mechanical	+			LASER:Record1420564498.19:M1	0
LASER:Record1420564498.19:M2__C	gof	scored	add+del	MG1655	iML1515	1		LASER doi:10.1128/AEM.05358-11		frdC:del|ldhA:del|ackA:del|pta:del|adhE:del|acetaldehyde dehydrogenase:add	C	MNXM75,MNXM8	acetaldehyde;NAD(+)	mechanical	-			LASER:Record1420564498.19:M2	0
LASER:Record1420564498.19:M2__N	gof	scored	add+del	MG1655	iML1515	1		LASER doi:10.1128/AEM.05358-11		frdC:del|ldhA:del|ackA:del|pta:del|adhE:del|acetaldehyde dehydrogenase:add	N	MNXM8	NAD(+)	mechanical	-			LASER:Record1420564498.19:M2	0
LASER:Record1420564498.19:M2__P	gof	scored	add+del	MG1655	iML1515	1		LASER doi:10.1128/AEM.05358-11		frdC:del|ldhA:del|ackA:del|pta:del|adhE:del|acetaldehyde dehydrogenase:add	P	MNXM8	NAD(+)	mechanical	-			LASER:Record1420564498.19:M2	0
LASER:Record1420565747.74:M1__C	gof	scored	add	DH10B	iECDH10B	8		LASER doi:10.1002/bit.25226		nudB:reg+|atoB:reg+|mevalonate kinase:add|diphosphomevalonate decarboxylase:add|PMVK:add|mvaS:add|mvaA:add	C	MNXM1104235,MNXM1104266,MNXM1105057,MNXM1369355,MNXM286,MNXM5,MNXM733934,MNXM738283	(3S)-3-hydroxy-3-methylglutaryl-CoA;acetyl-CoA;(R)-mevalonate;7,8-dihydroneopterin 3'-triphosphate;dATP;NADP(+);(R)-5-diphosphomevalonate;(R)-5-phosphomevalonate	mechanical	+			LASER:Record1420565747.74:M1	0
LASER:Record1420565747.74:M1__N	gof	scored	add	DH10B	iECDH10B	8		LASER doi:10.1002/bit.25226		nudB:reg+|atoB:reg+|mevalonate kinase:add|diphosphomevalonate decarboxylase:add|PMVK:add|mvaS:add|mvaA:add	N	MNXM1104235,MNXM1104266,MNXM1369355,MNXM286,MNXM5	(3S)-3-hydroxy-3-methylglutaryl-CoA;acetyl-CoA;7,8-dihydroneopterin 3'-triphosphate;dATP;NADP(+)	mechanical	+			LASER:Record1420565747.74:M1	0
LASER:Record1420565747.74:M1__P	gof	scored	add	DH10B	iECDH10B	8		LASER doi:10.1002/bit.25226		nudB:reg+|atoB:reg+|mevalonate kinase:add|diphosphomevalonate decarboxylase:add|PMVK:add|mvaS:add|mvaA:add	P	MNXM1104235,MNXM1104266,MNXM1369355,MNXM286,MNXM5,MNXM733934,MNXM738283	(3S)-3-hydroxy-3-methylglutaryl-CoA;acetyl-CoA;7,8-dihydroneopterin 3'-triphosphate;dATP;NADP(+);(R)-5-diphosphomevalonate;(R)-5-phosphomevalonate	mechanical	+			LASER:Record1420565747.74:M1	0
LASER:Record1420565747.74:M1__S	gof	scored	add	DH10B	iECDH10B	8		LASER doi:10.1002/bit.25226		nudB:reg+|atoB:reg+|mevalonate kinase:add|diphosphomevalonate decarboxylase:add|PMVK:add|mvaS:add|mvaA:add	S	MNXM1104235,MNXM1104266	(3S)-3-hydroxy-3-methylglutaryl-CoA;acetyl-CoA	mechanical	+			LASER:Record1420565747.74:M1	0
LASER:Record1420566469.5:M1__C	gof	scored	add+del	BL21(DE3)	iML1515	17		LASER doi:10.1371/journal.pone.0020265		accC:reg+|fadE:del|accD:reg+|accA:reg+|accB:reg+|tesA:del|adhB:add|pdc:add|atfA:add|fadD:reg+	C	MNXM1092836,MNXM1106093,MNXM1106160,MNXM1108092,MNXM1364251,MNXM1364393,MNXM1364443,MNXM1653,MNXM23,MNXM236,MNXM314,MNXM402,MNXM750,MNXM8	decanoyl-CoA;malonyl-CoA;hexadecanoyl-CoA;ethanol;(9Z)-hexadecenoyl-CoA;(9Z)-octadecenoate;(9E)-tetradecenoic acid;hexanoate;pyruvate;octadecanoate;tetradecanoate;dodecanoate;octanoate;NAD(+)	mechanical	+			LASER:Record1420566469.5:M1	1
LASER:Record1420566469.5:M1__N	gof	scored	add+del	BL21(DE3)	iML1515	17		LASER doi:10.1371/journal.pone.0020265		accC:reg+|fadE:del|accD:reg+|accA:reg+|accB:reg+|tesA:del|adhB:add|pdc:add|atfA:add|fadD:reg+	N	MNXM1092836,MNXM1106093,MNXM1106160,MNXM1364251,MNXM8	decanoyl-CoA;malonyl-CoA;hexadecanoyl-CoA;(9Z)-hexadecenoyl-CoA;NAD(+)	mechanical	+			LASER:Record1420566469.5:M1	1
LASER:Record1420566469.5:M1__S	gof	scored	add+del	BL21(DE3)	iML1515	17		LASER doi:10.1371/journal.pone.0020265		accC:reg+|fadE:del|accD:reg+|accA:reg+|accB:reg+|tesA:del|adhB:add|pdc:add|atfA:add|fadD:reg+	S	MNXM1092836,MNXM1106093,MNXM1106160,MNXM1364251	decanoyl-CoA;malonyl-CoA;hexadecanoyl-CoA;(9Z)-hexadecenoyl-CoA	mechanical	+			LASER:Record1420566469.5:M1	1
LASER:Record1420566469.5:M1__P	gof	scored	add+del	BL21(DE3)	iML1515	17		LASER doi:10.1371/journal.pone.0020265		accC:reg+|fadE:del|accD:reg+|accA:reg+|accB:reg+|tesA:del|adhB:add|pdc:add|atfA:add|fadD:reg+	P	MNXM1092836,MNXM1106093,MNXM1106160,MNXM1364251,MNXM8	decanoyl-CoA;malonyl-CoA;hexadecanoyl-CoA;(9Z)-hexadecenoyl-CoA;NAD(+)	mechanical	+			LASER:Record1420566469.5:M1	1
LASER:Record1420567233.18:M1__C	gof	scored	add	BW25113	iML1515	2		LASER doi:10.1186/1475-2859-10-97		ydjG:reg+|mgsA:add|ppdA:add|ppdC:add|ppdB:add|budC:add	C	MNXM1744,MNXM6396,MNXM8	hydroxyacetone;1-propanol;NAD(+)	mechanical,resolved	+			LASER:Record1420567233.18:M1	0
LASER:Record1420567233.18:M1__N	gof	scored	add	BW25113	iML1515	2		LASER doi:10.1186/1475-2859-10-97		ydjG:reg+|mgsA:add|ppdA:add|ppdC:add|ppdB:add|budC:add	N	MNXM8	NAD(+)	mechanical	+			LASER:Record1420567233.18:M1	0
LASER:Record1420567233.18:M1__P	gof	scored	add	BW25113	iML1515	2		LASER doi:10.1186/1475-2859-10-97		ydjG:reg+|mgsA:add|ppdA:add|ppdC:add|ppdB:add|budC:add	P	MNXM8	NAD(+)	mechanical	+			LASER:Record1420567233.18:M1	0
LASER:Record1420573320.25:M1__N	gof	scored	add+del	DH5alpha(DE3)	iECDH10B	3		LASER doi:10.1016/j.biortech.2012.05.100		aroL:del|aroK:del|tktA:reg+|ptsI:del|crr:del|ptsH:del|aroE:reg+|aroB:reg+|glk:reg+|ydiB:del|T7 RNA polymerase:add|aroF:mut	N	MNXM5	NADP(+)	mechanical	+			LASER:Record1420573320.25:M1	0
LASER:Record1420573320.25:M1__C	gof	scored	add+del	DH5alpha(DE3)	iECDH10B	3		LASER doi:10.1016/j.biortech.2012.05.100		aroL:del|aroK:del|tktA:reg+|ptsI:del|crr:del|ptsH:del|aroE:reg+|aroB:reg+|glk:reg+|ydiB:del|T7 RNA polymerase:add|aroF:mut	C	MNXM1364111,MNXM5,MNXM602,MNXM736874	D-glucose 6-phosphate;NADP(+);shikimate;3-dehydroquinate	mechanical	+			LASER:Record1420573320.25:M1	0
LASER:Record1420573320.25:M1__P	gof	scored	add+del	DH5alpha(DE3)	iECDH10B	3		LASER doi:10.1016/j.biortech.2012.05.100		aroL:del|aroK:del|tktA:reg+|ptsI:del|crr:del|ptsH:del|aroE:reg+|aroB:reg+|glk:reg+|ydiB:del|T7 RNA polymerase:add|aroF:mut	P	MNXM1364111,MNXM5	D-glucose 6-phosphate;NADP(+)	mechanical	+			LASER:Record1420573320.25:M1	0
LASER:Record1420574295.8:M1__N	gof	scored	add+del	W3110	iML1515	2		LASER doi:10.1007/s10295-011-0978-8		trpD:reg+|trpR:del|trpE:mut|tyrA:del|aroF:mut|tnaA:del|pheA:del	N	MNXM1489,MNXM37,MNXM76	N-(5-phospho-beta-D-ribosyl)anthranilate;L-glutamine;L-tyrosine	mechanical,resolved	+			LASER:Record1420574295.8:M1	0
LASER:Record1420574295.8:M1__C	gof	scored	add+del	W3110	iML1515	2		LASER doi:10.1007/s10295-011-0978-8		trpD:reg+|trpR:del|trpE:mut|tyrA:del|aroF:mut|tnaA:del|pheA:del	C	MNXM1489,MNXM337,MNXM37,MNXM76	N-(5-phospho-beta-D-ribosyl)anthranilate;chorismate;L-glutamine;L-tyrosine	mechanical,resolved	+			LASER:Record1420574295.8:M1	0
LASER:Record1420574295.8:M1__P	gof	scored	add+del	W3110	iML1515	2		LASER doi:10.1007/s10295-011-0978-8		trpD:reg+|trpR:del|trpE:mut|tyrA:del|aroF:mut|tnaA:del|pheA:del	P	MNXM1489	N-(5-phospho-beta-D-ribosyl)anthranilate	mechanical	+			LASER:Record1420574295.8:M1	0
LASER:Record1420574938.8:M1__N	gof	scored	add+del	BL21(DE3)	iML1515	9		LASER doi:10.1002/bit.25293		poxB:del|paaJ:reg+|ptsG:del|sdhA:del|iclR:del|pta:del|putative enoyl-CoA hydratase:add|3-hydroxyacyl-CoA dehydrogenase:add|phosphate butyryltransferase:add|trans-enoyl-CoA reductase:add|butyryl kinase:add	N	MNXM1103616,MNXM1104300,MNXM1105939,MNXM1364136,MNXM729188,MNXM735195,MNXM8	hexanoyl-CoA;butanoyl-CoA;3-oxoadipyl-CoA;(S)-3-hydroxyisobutanoyl-CoA;a 4-saturated-(3S)-3-hydroxyacyl-CoA;3-oxo-5,6-didehydrosuberyl-CoA;NAD(+)	mechanical	+			LASER:Record1420574938.8:M1	1
LASER:Record1420574938.8:M1__S	gof	scored	add+del	BL21(DE3)	iML1515	9		LASER doi:10.1002/bit.25293		poxB:del|paaJ:reg+|ptsG:del|sdhA:del|iclR:del|pta:del|putative enoyl-CoA hydratase:add|3-hydroxyacyl-CoA dehydrogenase:add|phosphate butyryltransferase:add|trans-enoyl-CoA reductase:add|butyryl kinase:add	S	MNXM1103616,MNXM1104300,MNXM1105939,MNXM1364136,MNXM729188,MNXM735195	hexanoyl-CoA;butanoyl-CoA;3-oxoadipyl-CoA;(S)-3-hydroxyisobutanoyl-CoA;a 4-saturated-(3S)-3-hydroxyacyl-CoA;3-oxo-5,6-didehydrosuberyl-CoA	mechanical	+			LASER:Record1420574938.8:M1	1
LASER:Record1420574938.8:M1__C	gof	scored	add+del	BL21(DE3)	iML1515	9		LASER doi:10.1002/bit.25293		poxB:del|paaJ:reg+|ptsG:del|sdhA:del|iclR:del|pta:del|putative enoyl-CoA hydratase:add|3-hydroxyacyl-CoA dehydrogenase:add|phosphate butyryltransferase:add|trans-enoyl-CoA reductase:add|butyryl kinase:add	C	MNXM1103616,MNXM1104300,MNXM1105939,MNXM1364136,MNXM2105,MNXM458,MNXM729188,MNXM735195,MNXM8	hexanoyl-CoA;butanoyl-CoA;3-oxoadipyl-CoA;(S)-3-hydroxyisobutanoyl-CoA;butanoyl phosphate;butanoate;a 4-saturated-(3S)-3-hydroxyacyl-CoA;3-oxo-5,6-didehydrosuberyl-CoA;NAD(+)	mechanical	+			LASER:Record1420574938.8:M1	1
LASER:Record1420574938.8:M1__P	gof	scored	add+del	BL21(DE3)	iML1515	9		LASER doi:10.1002/bit.25293		poxB:del|paaJ:reg+|ptsG:del|sdhA:del|iclR:del|pta:del|putative enoyl-CoA hydratase:add|3-hydroxyacyl-CoA dehydrogenase:add|phosphate butyryltransferase:add|trans-enoyl-CoA reductase:add|butyryl kinase:add	P	MNXM1103616,MNXM1104300,MNXM1105939,MNXM1364136,MNXM2105,MNXM729188,MNXM735195,MNXM8	hexanoyl-CoA;butanoyl-CoA;3-oxoadipyl-CoA;(S)-3-hydroxyisobutanoyl-CoA;butanoyl phosphate;a 4-saturated-(3S)-3-hydroxyacyl-CoA;3-oxo-5,6-didehydrosuberyl-CoA;NAD(+)	mechanical	+			LASER:Record1420574938.8:M1	1
LASER:Record1420577835.79:M1__C	gof	scored	add+del	XL1-Blue	iML1515	5		LASER doi:10.1016/j.jbiotec.2010.11.009		frdB:del|frdC:del|ldhA:reg+|lacI:del|frdA:del|frdD:del|pflB:del|acs:reg+|adhE:del|phaC:add|phaA:add|phaB:add|PCT540:add	C	MNXM1104266,MNXM1364140,MNXM1364266,MNXM1371362,MNXM26,MNXM5,MNXM8	acetyl-CoA;(3R)-3-hydroxybutanoyl-CoA;propanoyl-CoA;(R)-lactate;acetate;NADP(+);NAD(+)	mechanical	+			LASER:Record1420577835.79:M1	0
LASER:Record1420577835.79:M1__N	gof	scored	add+del	XL1-Blue	iML1515	5		LASER doi:10.1016/j.jbiotec.2010.11.009		frdB:del|frdC:del|ldhA:reg+|lacI:del|frdA:del|frdD:del|pflB:del|acs:reg+|adhE:del|phaC:add|phaA:add|phaB:add|PCT540:add	N	MNXM1104266,MNXM1364140,MNXM1364266,MNXM5,MNXM8	acetyl-CoA;(3R)-3-hydroxybutanoyl-CoA;propanoyl-CoA;NADP(+);NAD(+)	mechanical	+			LASER:Record1420577835.79:M1	0
LASER:Record1420577835.79:M1__P	gof	scored	add+del	XL1-Blue	iML1515	5		LASER doi:10.1016/j.jbiotec.2010.11.009		frdB:del|frdC:del|ldhA:reg+|lacI:del|frdA:del|frdD:del|pflB:del|acs:reg+|adhE:del|phaC:add|phaA:add|phaB:add|PCT540:add	P	MNXM1104266,MNXM1364140,MNXM1364266,MNXM5,MNXM8	acetyl-CoA;(3R)-3-hydroxybutanoyl-CoA;propanoyl-CoA;NADP(+);NAD(+)	mechanical	+			LASER:Record1420577835.79:M1	0
LASER:Record1420577835.79:M1__S	gof	scored	add+del	XL1-Blue	iML1515	5		LASER doi:10.1016/j.jbiotec.2010.11.009		frdB:del|frdC:del|ldhA:reg+|lacI:del|frdA:del|frdD:del|pflB:del|acs:reg+|adhE:del|phaC:add|phaA:add|phaB:add|PCT540:add	S	MNXM1104266,MNXM1364140,MNXM1364266	acetyl-CoA;(3R)-3-hydroxybutanoyl-CoA;propanoyl-CoA	mechanical	+			LASER:Record1420577835.79:M1	0
LASER:Record1420578608.34:M1__N	gof	scored	add+del	BL21(DE3)	iML1515	7		LASER doi:10.1128/AEM.03986-13		ackA:del|acs:reg+|accC:add|accD:del|tyrosine ammonia-lyase:add|accB:add|chalcone synthase:add|4-coumarate-CoA ligase:add|P450 flavonoid 3'-hydroxylase:add|chalcone isomerase:add|P450 truncated reductase:del	N	MNXM1364266,MNXM744102,MNXM76	propanoyl-CoA;a [carboxyl-carrier protein dimer]-N6-carboxybiotinyl-L-lysine;L-tyrosine	mechanical	+			LASER:Record1420578608.34:M1	1
LASER:Record1420578608.34:M1__S	gof	scored	add+del	BL21(DE3)	iML1515	7		LASER doi:10.1128/AEM.03986-13		ackA:del|acs:reg+|accC:add|accD:del|tyrosine ammonia-lyase:add|accB:add|chalcone synthase:add|4-coumarate-CoA ligase:add|P450 flavonoid 3'-hydroxylase:add|chalcone isomerase:add|P450 truncated reductase:del	S	MNXM1364266,MNXM744102	propanoyl-CoA;a [carboxyl-carrier protein dimer]-N6-carboxybiotinyl-L-lysine	mechanical	+			LASER:Record1420578608.34:M1	1
LASER:Record1420578608.34:M1__C	gof	scored	add+del	BL21(DE3)	iML1515	7		LASER doi:10.1128/AEM.03986-13		ackA:del|acs:reg+|accC:add|accD:del|tyrosine ammonia-lyase:add|accB:add|chalcone synthase:add|4-coumarate-CoA ligase:add|P450 flavonoid 3'-hydroxylase:add|chalcone isomerase:add|P450 truncated reductase:del	C	MNXM1326,MNXM1364266,MNXM1370019,MNXM26,MNXM5901,MNXM738152,MNXM744102,MNXM76	(S)-eriodictyol;propanoyl-CoA;(E)-4-coumarate;acetate;pinocembrin chalcone;(2S)-naringenin;a [carboxyl-carrier protein dimer]-N6-carboxybiotinyl-L-lysine;L-tyrosine	mechanical,resolved	+			LASER:Record1420578608.34:M1	1
LASER:Record1420578608.34:M1__P	gof	scored	add+del	BL21(DE3)	iML1515	7		LASER doi:10.1128/AEM.03986-13		ackA:del|acs:reg+|accC:add|accD:del|tyrosine ammonia-lyase:add|accB:add|chalcone synthase:add|4-coumarate-CoA ligase:add|P450 flavonoid 3'-hydroxylase:add|chalcone isomerase:add|P450 truncated reductase:del	P	MNXM1364266	propanoyl-CoA	mechanical	+			LASER:Record1420578608.34:M1	1
LASER:Record1420579970.27:M1__C	gof	scored	add+del	MG1655	iML1515	3		LASER doi:10.1186/1475-2859-12-7		mgsA:del|glpK:reg+|pflB:del|pta:del|adhE:del|frdB:del|frdC:del|lldD:del|ldhA:del|frdA:del|frdD:del|glpD:reg+|ldh:add	C	MNXM1371363,MNXM191,MNXM77,MNXM8,MNXM89612	(S)-lactate;ubiquinol-8;dihydroxyacetone phosphate;NAD(+);glycerol	mechanical	+			LASER:Record1420579970.27:M1	0
LASER:Record1420579970.27:M1__N	gof	scored	add+del	MG1655	iML1515	3		LASER doi:10.1186/1475-2859-12-7		mgsA:del|glpK:reg+|pflB:del|pta:del|adhE:del|frdB:del|frdC:del|lldD:del|ldhA:del|frdA:del|frdD:del|glpD:reg+|ldh:add	N	MNXM8	NAD(+)	mechanical	+			LASER:Record1420579970.27:M1	0
LASER:Record1420579970.27:M1__P	gof	scored	add+del	MG1655	iML1515	3		LASER doi:10.1186/1475-2859-12-7		mgsA:del|glpK:reg+|pflB:del|pta:del|adhE:del|frdB:del|frdC:del|lldD:del|ldhA:del|frdA:del|frdD:del|glpD:reg+|ldh:add	P	MNXM77,MNXM8	dihydroxyacetone phosphate;NAD(+)	mechanical	+			LASER:Record1420579970.27:M1	0
LASER:Record1420580456.47:M1__N	gof	scored	add+del	W3110(DE3)	iML1515	2		LASER doi:10.1016/j.ymben.2014.03.001		puuC:reg+|glpF:reg+|glpR:del|yqhD:del|ackA:del|glycerol dehydratase:reg+|glycerol dehydratase:reg+|dhaB:mut|pta:del	N	MNXM1406,MNXM8	4-(gamma-L-glutamylamino)butanoate;NAD(+)	mechanical	+			LASER:Record1420580456.47:M1	0
LASER:Record1420580456.47:M1__C	gof	scored	add+del	W3110(DE3)	iML1515	2		LASER doi:10.1016/j.ymben.2014.03.001		puuC:reg+|glpF:reg+|glpR:del|yqhD:del|ackA:del|glycerol dehydratase:reg+|glycerol dehydratase:reg+|dhaB:mut|pta:del	C	MNXM1406,MNXM1526,MNXM8	4-(gamma-L-glutamylamino)butanoate;3-hydroxypropanal;NAD(+)	mechanical	+			LASER:Record1420580456.47:M1	0
LASER:Record1420580456.47:M1__P	gof	scored	add+del	W3110(DE3)	iML1515	2		LASER doi:10.1016/j.ymben.2014.03.001		puuC:reg+|glpF:reg+|glpR:del|yqhD:del|ackA:del|glycerol dehydratase:reg+|glycerol dehydratase:reg+|dhaB:mut|pta:del	P	MNXM8	NAD(+)	mechanical	+			LASER:Record1420580456.47:M1	0
LASER:Record1420580799.33:M1__C	gof	scored	del	C	iML1515	0		LASER doi:10.1002/bit.22005		mgsA:del|aspC:del|maeA:del|focA:del|pflB:del|adhE:del|pta:del|ldhA:del|poxB:del|tdcE:del|tdcD:del|ackA:del|citF:del	C	MNXM25	succinate	resolved	+			LASER:Record1420580799.33:M1	1
LASER:Record1420581833.49:M1__N	gof	scored	add+del	B	iML1515	12		LASER doi:10.1007/s10295-012-1151-8		mgsA:del|aceF:reg+|aceE:reg+|lpd:reg+|pflB:del|adhE:del|pdhR:del|frdB:del|frdC:del|ldhA:del|frdA:del|frdD:del|ackA:del|crt:add|etfB:add|etfA:add|butyryl-CoA dehydrogenase:add|acetyl-CoA acetyltransferase:add|adhE2:add|3-hydroxybutyryl-CoA dehydrogenase:add	N	MNXM1103936,MNXM1104266,MNXM1104721,MNXM1105912,MNXM1363936,MNXM2229,MNXM29,MNXM8	(6S)-5,6,7,8-tetrahydrofolate;acetyl-CoA;(3S)-hydroxyhexanoyl-CoA;(3S)-3-hydroxybutanoyl-CoA;(2E)-butenoyl-CoA;a reduced electron-transfer flavoprotein;glycine;NAD(+)	mechanical	+			LASER:Record1420581833.49:M1	1
LASER:Record1420581833.49:M1__S	gof	scored	add+del	B	iML1515	12		LASER doi:10.1007/s10295-012-1151-8		mgsA:del|aceF:reg+|aceE:reg+|lpd:reg+|pflB:del|adhE:del|pdhR:del|frdB:del|frdC:del|ldhA:del|frdA:del|frdD:del|ackA:del|crt:add|etfB:add|etfA:add|butyryl-CoA dehydrogenase:add|acetyl-CoA acetyltransferase:add|adhE2:add|3-hydroxybutyryl-CoA dehydrogenase:add	S	MNXM1104266,MNXM1104721,MNXM1105912,MNXM1363936	acetyl-CoA;(3S)-hydroxyhexanoyl-CoA;(3S)-3-hydroxybutanoyl-CoA;(2E)-butenoyl-CoA	mechanical	+			LASER:Record1420581833.49:M1	1
LASER:Record1420581833.49:M1__C	gof	scored	add+del	B	iML1515	12		LASER doi:10.1007/s10295-012-1151-8		mgsA:del|aceF:reg+|aceE:reg+|lpd:reg+|pflB:del|adhE:del|pdhR:del|frdB:del|frdC:del|ldhA:del|frdA:del|frdD:del|ackA:del|crt:add|etfB:add|etfA:add|butyryl-CoA dehydrogenase:add|acetyl-CoA acetyltransferase:add|adhE2:add|3-hydroxybutyryl-CoA dehydrogenase:add	C	MNXM1103936,MNXM1104266,MNXM1104721,MNXM1105912,MNXM1363936,MNXM1368744,MNXM18358,MNXM2229,MNXM23,MNXM29,MNXM3230,MNXM8	(6S)-5,6,7,8-tetrahydrofolate;acetyl-CoA;(3S)-hydroxyhexanoyl-CoA;(3S)-3-hydroxybutanoyl-CoA;(2E)-butenoyl-CoA;2-oxoglutarate;hexan-1-ol;a reduced electron-transfer flavoprotein;pyruvate;glycine;butan-1-ol;NAD(+)	mechanical	+			LASER:Record1420581833.49:M1	1
LASER:Record1420581833.49:M1__P	gof	scored	add+del	B	iML1515	12		LASER doi:10.1007/s10295-012-1151-8		mgsA:del|aceF:reg+|aceE:reg+|lpd:reg+|pflB:del|adhE:del|pdhR:del|frdB:del|frdC:del|ldhA:del|frdA:del|frdD:del|ackA:del|crt:add|etfB:add|etfA:add|butyryl-CoA dehydrogenase:add|acetyl-CoA acetyltransferase:add|adhE2:add|3-hydroxybutyryl-CoA dehydrogenase:add	P	MNXM1104266,MNXM1104721,MNXM1105912,MNXM1363936,MNXM8	acetyl-CoA;(3S)-hydroxyhexanoyl-CoA;(3S)-3-hydroxybutanoyl-CoA;(2E)-butenoyl-CoA;NAD(+)	mechanical	+			LASER:Record1420581833.49:M1	1
LASER:Record1420650199.17:M1__C	gof	scored	del	MG1655	iML1515	0		LASER doi:10.1016/j.ymben.2012.07.007		ccmH:del|dsbE:del|ccmF:del|ccmE:del|ccmD:del|ccmC:del|ccmB:del|gatC:mut|ccmA:del|alkB:del|pflB:del|adhE:del|napF:del|napG:del|frdA:del|napH:del|insH:del|narP:del|napA:del|napB:del|napC:del|napD:del|xylF:del|xylH:del|xylG:del|mqo:del|rcsD:del|rcsC:del|rcsB:del|ada:del|apbE:del|ompC:del|yojO:del|apbE:del|eco:del	C	MNXM1371362	(R)-lactate	resolved	+			LASER:Record1420650199.17:M1	0
LASER:Record1420650909.42:M1__N	gof	scored	add	BL21(DE3)	iML1515	2		LASER doi:10.1128/AEM.05046-11		TesB:mut|metJ:del|PhaG:add|methionine adenosyltransferase:add|fatty acid O-methyltransferase:add	N	MNXM738804	L-methionine	mechanical	+			LASER:Record1420650909.42:M1	1
LASER:Record1420650909.42:M1__S	gof	scored	add	BL21(DE3)	iML1515	2		LASER doi:10.1128/AEM.05046-11		TesB:mut|metJ:del|PhaG:add|methionine adenosyltransferase:add|fatty acid O-methyltransferase:add	S	MNXM738804	L-methionine	mechanical	+			LASER:Record1420650909.42:M1	1
LASER:Record1420650909.42:M1__C	gof	scored	add	BL21(DE3)	iML1515	2		LASER doi:10.1128/AEM.05046-11		TesB:mut|metJ:del|PhaG:add|methionine adenosyltransferase:add|fatty acid O-methyltransferase:add	C	MNXM738804	L-methionine	mechanical	+			LASER:Record1420650909.42:M1	1
LASER:Record1420651529.08:M1__N	gof	scored	add	DH5alpha	iECDH10B	4		LASER doi:10.1016/j.ymben.2011.05.003		hemL:reg+|rhtA:reg+|hemA:add	N	MNXM142,MNXM353,MNXM405	L-threonine;L-homoserine;5-aminolevulinate	mechanical	+			LASER:Record1420651529.08:M1	0
LASER:Record1420651529.08:M1__C	gof	scored	add	DH5alpha	iECDH10B	4		LASER doi:10.1016/j.ymben.2011.05.003		hemL:reg+|rhtA:reg+|hemA:add	C	MNXM142,MNXM353,MNXM405	L-threonine;L-homoserine;5-aminolevulinate	mechanical	+			LASER:Record1420651529.08:M1	0
LASER:Record1420652749.05:M1__C	gof	scored	add	BW25113(DE3)	iML1515	1		LASER doi:10.1002/bit.24828		cadA:del|ldcC:del|lysC:mut|dapA:add	C	MNXM1364268,MNXM23,MNXM361	L-lysine;pyruvate;L-aspartate 4-semialdehyde	mechanical,resolved	+			LASER:Record1420652749.05:M1	0
LASER:Record1420652749.05:M1__N	gof	scored	add	BW25113(DE3)	iML1515	1		LASER doi:10.1002/bit.24828		cadA:del|ldcC:del|lysC:mut|dapA:add	N	MNXM1364268,MNXM361	L-lysine;L-aspartate 4-semialdehyde	mechanical,resolved	+			LASER:Record1420652749.05:M1	0
LASER:Record1420652749.05:M2__N	gof	scored	add	BW25113(DE3)	iML1515	5		LASER doi:10.1002/bit.24828		cadA:del|ldcC:del|lysC:mut|dapA:add|davA:add|davB:add|davT:add|davD:add	N	MNXM2090,MNXM361,MNXM5,MNXM729302,MNXM741173,MNXM792	5-aminopentanamide;L-aspartate 4-semialdehyde;NADP(+);NH4(+);L-glutamate;5-aminopentanoate	mechanical	+			LASER:Record1420652749.05:M2	0
LASER:Record1420652749.05:M2__C	gof	scored	add	BW25113(DE3)	iML1515	5		LASER doi:10.1002/bit.24828		cadA:del|ldcC:del|lysC:mut|dapA:add|davA:add|davB:add|davT:add|davD:add	C	MNXM1021,MNXM1410,MNXM2090,MNXM23,MNXM361,MNXM5,MNXM741173,MNXM792	glutarate;5-oxopentanoate;5-aminopentanamide;pyruvate;L-aspartate 4-semialdehyde;NADP(+);L-glutamate;5-aminopentanoate	mechanical,resolved	+			LASER:Record1420652749.05:M2	0
LASER:Record1420652749.05:M2__P	gof	scored	add	BW25113(DE3)	iML1515	5		LASER doi:10.1002/bit.24828		cadA:del|ldcC:del|lysC:mut|dapA:add|davA:add|davB:add|davT:add|davD:add	P	MNXM5	NADP(+)	mechanical	+			LASER:Record1420652749.05:M2	0
LASER:Record1420652749.05:M3__N	gof	scored	add	BW25113(DE3)	iML1515	3		LASER doi:10.1002/bit.24828		cadA:del|ldcC:del|lysC:mut|dapA:add|davA:add|davB:add	N	MNXM2090,MNXM361,MNXM729302,MNXM792	5-aminopentanamide;L-aspartate 4-semialdehyde;NH4(+);5-aminopentanoate	mechanical	+			LASER:Record1420652749.05:M3	0
LASER:Record1420652749.05:M3__C	gof	scored	add	BW25113(DE3)	iML1515	3		LASER doi:10.1002/bit.24828		cadA:del|ldcC:del|lysC:mut|dapA:add|davA:add|davB:add	C	MNXM2090,MNXM23,MNXM361,MNXM792	5-aminopentanamide;pyruvate;L-aspartate 4-semialdehyde;5-aminopentanoate	mechanical	+			LASER:Record1420652749.05:M3	0
LASER:Record1420654803.48:M1__N	gof	scored	add+del	JM109	iML1515	5		LASER doi:10.1016/j.ymben.2014.07.010		sulA:reg+|sad:del|gabD:del|4-hydroxybutyrate CoA-transferase:add|phaC:add|phaA:add|sucD:add|phaB:add|4-hydroxybutyrate dehydrogenase:add	N	MNXM1104266,MNXM1364140,MNXM2334,MNXM5,MNXM8	acetyl-CoA;(3R)-3-hydroxybutanoyl-CoA;4-hydroxybutanoyl-CoA;NADP(+);NAD(+)	mechanical	+			LASER:Record1420654803.48:M1	0
LASER:Record1420654803.48:M1__S	gof	scored	add+del	JM109	iML1515	5		LASER doi:10.1016/j.ymben.2014.07.010		sulA:reg+|sad:del|gabD:del|4-hydroxybutyrate CoA-transferase:add|phaC:add|phaA:add|sucD:add|phaB:add|4-hydroxybutyrate dehydrogenase:add	S	MNXM1104266,MNXM1364140,MNXM2334	acetyl-CoA;(3R)-3-hydroxybutanoyl-CoA;4-hydroxybutanoyl-CoA	mechanical	+			LASER:Record1420654803.48:M1	0
LASER:Record1420654803.48:M1__C	gof	scored	add+del	JM109	iML1515	5		LASER doi:10.1016/j.ymben.2014.07.010		sulA:reg+|sad:del|gabD:del|4-hydroxybutyrate CoA-transferase:add|phaC:add|phaA:add|sucD:add|phaB:add|4-hydroxybutyrate dehydrogenase:add	C	MNXM1104266,MNXM1364140,MNXM2334,MNXM26,MNXM5,MNXM728793,MNXM8	acetyl-CoA;(3R)-3-hydroxybutanoyl-CoA;4-hydroxybutanoyl-CoA;acetate;NADP(+);4-hydroxybutanoate;NAD(+)	mechanical	+			LASER:Record1420654803.48:M1	0
LASER:Record1420654803.48:M1__P	gof	scored	add+del	JM109	iML1515	5		LASER doi:10.1016/j.ymben.2014.07.010		sulA:reg+|sad:del|gabD:del|4-hydroxybutyrate CoA-transferase:add|phaC:add|phaA:add|sucD:add|phaB:add|4-hydroxybutyrate dehydrogenase:add	P	MNXM1104266,MNXM1364140,MNXM2334,MNXM5,MNXM8	acetyl-CoA;(3R)-3-hydroxybutanoyl-CoA;4-hydroxybutanoyl-CoA;NADP(+);NAD(+)	mechanical	+			LASER:Record1420654803.48:M1	0
LASER:Record1420655176.75:M1__N	gof	scored	add+del	MG1655	iML1515	5		LASER doi:10.1016/j.ymben.2008.08.005		dhaL:reg+|dhaK:reg+|frdA:del|dhaM:reg+|pta:del|fdhF:del|gldA:reg+	N	MNXM1107675,MNXM8	1-aminopropan-2-ol;NAD(+)	mechanical	+			LASER:Record1420655176.75:M1	0
LASER:Record1420655176.75:M1__C	gof	scored	add+del	MG1655	iML1515	5		LASER doi:10.1016/j.ymben.2008.08.005		dhaL:reg+|dhaK:reg+|frdA:del|dhaM:reg+|pta:del|fdhF:del|gldA:reg+	C	MNXM1107675,MNXM1108092,MNXM460,MNXM73,MNXM8,MNXM89612,MNXM909	1-aminopropan-2-ol;ethanol;dihydroxyacetone;phosphoenolpyruvate;NAD(+);glycerol;(R)-lactaldehyde	mechanical,resolved	+			LASER:Record1420655176.75:M1	0
LASER:Record1420655176.75:M1__P	gof	scored	add+del	MG1655	iML1515	5		LASER doi:10.1016/j.ymben.2008.08.005		dhaL:reg+|dhaK:reg+|frdA:del|dhaM:reg+|pta:del|fdhF:del|gldA:reg+	P	MNXM73,MNXM8	phosphoenolpyruvate;NAD(+)	mechanical	+			LASER:Record1420655176.75:M1	0
LASER:Record1420655787.75:M1__N	gof	scored	add+del	W3110	iML1515	1		LASER doi:10.1002/bit.21082		crp:reg+|xylB:del|D-xylose reductase:add	N	MNXM162231	NAD(P)H	mechanical	+			LASER:Record1420655787.75:M1	0
LASER:Record1420655787.75:M1__C	gof	scored	add+del	W3110	iML1515	1		LASER doi:10.1002/bit.21082		crp:reg+|xylB:del|D-xylose reductase:add	C	MNXM162231,MNXM734573,MNXM737068	NAD(P)H;aldehydo-D-xylose;xylitol	mechanical,resolved	+			LASER:Record1420655787.75:M1	0
LASER:Record1420655787.75:M1__P	gof	scored	add+del	W3110	iML1515	1		LASER doi:10.1002/bit.21082		crp:reg+|xylB:del|D-xylose reductase:add	P	MNXM162231	NAD(P)H	mechanical	+			LASER:Record1420655787.75:M1	0
LASER:Record1420656004.54:M1__C	gof	scored	add	MG1655	iML1515	1		LASER doi:10.1186/1475-2859-13-74		amyA:reg+	C	MNXM733515	1,4-alpha-D-glucan	mechanical	+			LASER:Record1420656004.54:M1	0
LASER:Record1420657266.85:M1__C	gof	scored	add+del	BW25113	iML1515	4		LASER doi:10.1016/j.ymben.2013.01.006		frdB:del|otsA:reg+|frdC:del|ldhA:del|frdA:del|otsB:reg+|frdD:del|ackA:del|uspC:reg+|adhE:del|adhB:add|pdc:add	C	MNXM1108092,MNXM1364019,MNXM1364111,MNXM23,MNXM448,MNXM8	ethanol;UDP-alpha-D-glucose;D-glucose 6-phosphate;pyruvate;alpha,alpha-trehalose 6-phosphate;NAD(+)	mechanical	+			LASER:Record1420657266.85:M1	0
LASER:Record1420657266.85:M1__P	gof	scored	add+del	BW25113	iML1515	4		LASER doi:10.1016/j.ymben.2013.01.006		frdB:del|otsA:reg+|frdC:del|ldhA:del|frdA:del|otsB:reg+|frdD:del|ackA:del|uspC:reg+|adhE:del|adhB:add|pdc:add	P	MNXM1364019,MNXM1364111,MNXM448,MNXM8	UDP-alpha-D-glucose;D-glucose 6-phosphate;alpha,alpha-trehalose 6-phosphate;NAD(+)	mechanical	+			LASER:Record1420657266.85:M1	0
LASER:Record1420657266.85:M1__N	gof	scored	add+del	BW25113	iML1515	4		LASER doi:10.1016/j.ymben.2013.01.006		frdB:del|otsA:reg+|frdC:del|ldhA:del|frdA:del|otsB:reg+|frdD:del|ackA:del|uspC:reg+|adhE:del|adhB:add|pdc:add	N	MNXM1364019,MNXM8	UDP-alpha-D-glucose;NAD(+)	mechanical	+			LASER:Record1420657266.85:M1	0
LASER:Record1420657746.71:M1__N	gof	scored	add	DH5alpha	iECDH10B	4		LASER doi:10.1186/1475-2859-12-103		gldA:reg+|ntt4:add|NAD+ oxidase:add	N	MNXM1107675,MNXM8	1-aminopropan-2-ol;NAD(+)	mechanical	+			LASER:Record1420657746.71:M1	0
LASER:Record1420657746.71:M1__C	gof	scored	add	DH5alpha	iECDH10B	4		LASER doi:10.1186/1475-2859-12-103		gldA:reg+|ntt4:add|NAD+ oxidase:add	C	MNXM1107675,MNXM460,MNXM8,MNXM89612,MNXM909	1-aminopropan-2-ol;dihydroxyacetone;NAD(+);glycerol;(R)-lactaldehyde	mechanical,resolved	+			LASER:Record1420657746.71:M1	0
LASER:Record1420657746.71:M1__P	gof	scored	add	DH5alpha	iECDH10B	4		LASER doi:10.1186/1475-2859-12-103		gldA:reg+|ntt4:add|NAD+ oxidase:add	P	MNXM8	NAD(+)	mechanical	+			LASER:Record1420657746.71:M1	0
LASER:Record1420661189.03:M1__C	gof	scored	add+del	BW25113	iML1515	19		LASER doi:10.1128/AEM.00468-08		fnr:del|ilvE:del|leuA:reg+|leuB:reg+|leuC:reg+|tyrB:del|leuD:reg+|pflB:del|adhE:del|pta:del|frdB:del|frdC:del|ldhA:del|ADH2:add|kivD:add|acetolactate synthase:add|ilvC:reg+|ilvD:reg+	C	MNXM1108092,MNXM1363844,MNXM1670,MNXM1686,MNXM23,MNXM2476,MNXM404,MNXM4964,MNXM5,MNXM5188,MNXM5476,MNXM593,MNXM726902,MNXM730929,MNXM734,MNXM741109,MNXM8	ethanol;3-methyl-2-oxopentanoate;3-methylbutanol;indole-3-ethanol;pyruvate;2-phenylethanol;4-methyl-2-oxopentanoate;4-tyrosol;NADP(+);isobutanol;2-methylbutan-1-ol;(R)-pantoate;(S)-2-ethyl-2-hydroxy-3-oxobutanoate;(2S)-2-isopropylmalate;(2R)-2,3-dihydroxy-3-methylbutanoate;(2R,3S)-3-isopropylmalate;NAD(+)	mechanical	+			LASER:Record1420661189.03:M1	0
LASER:Record1420661189.03:M1__N	gof	scored	add+del	BW25113	iML1515	19		LASER doi:10.1128/AEM.00468-08		fnr:del|ilvE:del|leuA:reg+|leuB:reg+|leuC:reg+|tyrB:del|leuD:reg+|pflB:del|adhE:del|pta:del|frdB:del|frdC:del|ldhA:del|ADH2:add|kivD:add|acetolactate synthase:add|ilvC:reg+|ilvD:reg+	N	MNXM1686,MNXM5,MNXM8	indole-3-ethanol;NADP(+);NAD(+)	mechanical	+			LASER:Record1420661189.03:M1	0
LASER:Record1420661189.03:M1__P	gof	scored	add+del	BW25113	iML1515	19		LASER doi:10.1128/AEM.00468-08		fnr:del|ilvE:del|leuA:reg+|leuB:reg+|leuC:reg+|tyrB:del|leuD:reg+|pflB:del|adhE:del|pta:del|frdB:del|frdC:del|ldhA:del|ADH2:add|kivD:add|acetolactate synthase:add|ilvC:reg+|ilvD:reg+	P	MNXM5,MNXM8	NADP(+);NAD(+)	mechanical	+			LASER:Record1420661189.03:M1	0
LASER:Record1420661854.69:M1__N	gof	scored	add+del	DH5alpha	iECDH10B	3		LASER doi:10.1016/j.ymben.2012.09.002		glmS:mut|ldhA:del|poxB:del|nagA:del|nanE:del|nagB:del|ackA:del|nagC:del|nanA:reg+|nanK:del|UDP-N-acetylglucosamine 2-epimerase:add|glucosamine-6-phosphate acetyltransferase:add	N	MNXM1104529,MNXM1106047,MNXM1364174	UDP-N-acetyl-alpha-D-glucosamine;N-acetyl-beta-neuraminate;N-acetyl-beta-D-glucosamine 6-phosphate	mechanical	+			LASER:Record1420661854.69:M1	0
LASER:Record1420661854.69:M1__C	gof	scored	add+del	DH5alpha	iECDH10B	3		LASER doi:10.1016/j.ymben.2012.09.002		glmS:mut|ldhA:del|poxB:del|nagA:del|nanE:del|nagB:del|ackA:del|nagC:del|nanA:reg+|nanK:del|UDP-N-acetylglucosamine 2-epimerase:add|glucosamine-6-phosphate acetyltransferase:add	C	MNXM1104529,MNXM1106047,MNXM1364174	UDP-N-acetyl-alpha-D-glucosamine;N-acetyl-beta-neuraminate;N-acetyl-beta-D-glucosamine 6-phosphate	mechanical	+			LASER:Record1420661854.69:M1	0
LASER:Record1420661854.69:M1__P	gof	scored	add+del	DH5alpha	iECDH10B	3		LASER doi:10.1016/j.ymben.2012.09.002		glmS:mut|ldhA:del|poxB:del|nagA:del|nanE:del|nagB:del|ackA:del|nagC:del|nanA:reg+|nanK:del|UDP-N-acetylglucosamine 2-epimerase:add|glucosamine-6-phosphate acetyltransferase:add	P	MNXM1104529,MNXM1364174	UDP-N-acetyl-alpha-D-glucosamine;N-acetyl-beta-D-glucosamine 6-phosphate	mechanical	+			LASER:Record1420661854.69:M1	0
LASER:Record1420662507.61:M1__N	gof	scored	add+del	DH1	iECDH10B	17		LASER doi:10.1128/AEM.06785-11		fadE:del|tesA:del|fadA:del|fadB:reg+|fadM:reg+|Acyl-CoA oxidase:add	N	MNXM1103315,MNXM1104681,MNXM1104711,MNXM1104721,MNXM1104724,MNXM1104726,MNXM1104783,MNXM1105912,MNXM1106007,MNXM1363936,MNXM1364270,MNXM2290,MNXM8	(3S)-hydroxyoctadecanoyl-CoA;(3S)-hydroxydecanoyl-CoA;(3S)-3-hydroxydodecanoyl-CoA;(3S)-hydroxyhexanoyl-CoA;(3S)-hydroxyoctanoyl-CoA;(3S)-hydroxytetradecanoyl-CoA;(2E)-octadecenoyl-CoA;(3S)-3-hydroxybutanoyl-CoA;(2E)-octenoyl-CoA;(2E)-butenoyl-CoA;(3S)-hydroxyhexadecanoyl-CoA;a tetradecenoyl-CoA (n-C14:1CoA);NAD(+)	mechanical	+			LASER:Record1420662507.61:M1	0
LASER:Record1420662507.61:M1__S	gof	scored	add+del	DH1	iECDH10B	17		LASER doi:10.1128/AEM.06785-11		fadE:del|tesA:del|fadA:del|fadB:reg+|fadM:reg+|Acyl-CoA oxidase:add	S	MNXM1103315,MNXM1104681,MNXM1104711,MNXM1104721,MNXM1104724,MNXM1104726,MNXM1104783,MNXM1105912,MNXM1106007,MNXM1363936,MNXM1364270,MNXM2290	(3S)-hydroxyoctadecanoyl-CoA;(3S)-hydroxydecanoyl-CoA;(3S)-3-hydroxydodecanoyl-CoA;(3S)-hydroxyhexanoyl-CoA;(3S)-hydroxyoctanoyl-CoA;(3S)-hydroxytetradecanoyl-CoA;(2E)-octadecenoyl-CoA;(3S)-3-hydroxybutanoyl-CoA;(2E)-octenoyl-CoA;(2E)-butenoyl-CoA;(3S)-hydroxyhexadecanoyl-CoA;a tetradecenoyl-CoA (n-C14:1CoA)	mechanical	+			LASER:Record1420662507.61:M1	0
LASER:Record1420662507.61:M1__C	gof	scored	add+del	DH1	iECDH10B	17		LASER doi:10.1128/AEM.06785-11		fadE:del|tesA:del|fadA:del|fadB:reg+|fadM:reg+|Acyl-CoA oxidase:add	C	MNXM1103315,MNXM1104681,MNXM1104711,MNXM1104721,MNXM1104724,MNXM1104726,MNXM1104783,MNXM1105912,MNXM1106007,MNXM1363936,MNXM1364270,MNXM2290,MNXM8	(3S)-hydroxyoctadecanoyl-CoA;(3S)-hydroxydecanoyl-CoA;(3S)-3-hydroxydodecanoyl-CoA;(3S)-hydroxyhexanoyl-CoA;(3S)-hydroxyoctanoyl-CoA;(3S)-hydroxytetradecanoyl-CoA;(2E)-octadecenoyl-CoA;(3S)-3-hydroxybutanoyl-CoA;(2E)-octenoyl-CoA;(2E)-butenoyl-CoA;(3S)-hydroxyhexadecanoyl-CoA;a tetradecenoyl-CoA (n-C14:1CoA);NAD(+)	mechanical	+			LASER:Record1420662507.61:M1	0
LASER:Record1420662507.61:M1__P	gof	scored	add+del	DH1	iECDH10B	17		LASER doi:10.1128/AEM.06785-11		fadE:del|tesA:del|fadA:del|fadB:reg+|fadM:reg+|Acyl-CoA oxidase:add	P	MNXM1103315,MNXM1104681,MNXM1104711,MNXM1104721,MNXM1104724,MNXM1104726,MNXM1104783,MNXM1105912,MNXM1106007,MNXM1363936,MNXM1364270,MNXM2290,MNXM8	(3S)-hydroxyoctadecanoyl-CoA;(3S)-hydroxydecanoyl-CoA;(3S)-3-hydroxydodecanoyl-CoA;(3S)-hydroxyhexanoyl-CoA;(3S)-hydroxyoctanoyl-CoA;(3S)-hydroxytetradecanoyl-CoA;(2E)-octadecenoyl-CoA;(3S)-3-hydroxybutanoyl-CoA;(2E)-octenoyl-CoA;(2E)-butenoyl-CoA;(3S)-hydroxyhexadecanoyl-CoA;a tetradecenoyl-CoA (n-C14:1CoA);NAD(+)	mechanical	+			LASER:Record1420662507.61:M1	0
LASER:Record1420663037.56:M1__N	gof	scored	add+del	DH10B	iECDH10B	4		LASER doi:10.1016/j.ymben.2012.08.002		feaB:del|pterin-4alpha-carbinolamine dehydratase:add|tyrosine hydroxylase:add|tyramine oxidase:add|dihydropteridine reductase:add|L-DOPA decarboxylase:add	N	MNXM114436,MNXM162231,MNXM603,MNXM730235,MNXM730546	4a-hydroxy-N10-formyltetrahydrofolate;NAD(P)H;tyramine;(6R)-L-erythro-6,7-dihydrobiopterin;5-hydroxy-L-tryptophan	mechanical	+			LASER:Record1420663037.56:M1	0
LASER:Record1420663037.56:M1__C	gof	scored	add+del	DH10B	iECDH10B	4		LASER doi:10.1016/j.ymben.2012.08.002		feaB:del|pterin-4alpha-carbinolamine dehydratase:add|tyrosine hydroxylase:add|tyramine oxidase:add|dihydropteridine reductase:add|L-DOPA decarboxylase:add	C	MNXM114436,MNXM162231,MNXM603,MNXM730235,MNXM730546	4a-hydroxy-N10-formyltetrahydrofolate;NAD(P)H;tyramine;(6R)-L-erythro-6,7-dihydrobiopterin;5-hydroxy-L-tryptophan	mechanical	+			LASER:Record1420663037.56:M1	0
LASER:Record1420663037.56:M1__P	gof	scored	add+del	DH10B	iECDH10B	4		LASER doi:10.1016/j.ymben.2012.08.002		feaB:del|pterin-4alpha-carbinolamine dehydratase:add|tyrosine hydroxylase:add|tyramine oxidase:add|dihydropteridine reductase:add|L-DOPA decarboxylase:add	P	MNXM162231	NAD(P)H	mechanical	+			LASER:Record1420663037.56:M1	0
LASER:Record1420663496.29:M1__C	gof	scored	add	BL21(DE3)	iML1515	5		LASER doi:10.1002/bit.23259		zwf:reg+|glpX:reg+|ferredoxin NADP reductase:add|hydG:add|hydE:add|hydrogenase:add|fdxA:add|hydA:add	C	MNXM1364111,MNXM1364229,MNXM5	D-glucose 6-phosphate;beta-D-fructose 1,6-bisphosphate;NADP(+)	mechanical	+			LASER:Record1420663496.29:M1	1
LASER:Record1420663496.29:M1__P	gof	scored	add	BL21(DE3)	iML1515	5		LASER doi:10.1002/bit.23259		zwf:reg+|glpX:reg+|ferredoxin NADP reductase:add|hydG:add|hydE:add|hydrogenase:add|fdxA:add|hydA:add	P	MNXM1364111,MNXM1364229,MNXM5	D-glucose 6-phosphate;beta-D-fructose 1,6-bisphosphate;NADP(+)	mechanical	+			LASER:Record1420663496.29:M1	1
LASER:Record1420663496.29:M1__N	gof	scored	add	BL21(DE3)	iML1515	5		LASER doi:10.1002/bit.23259		zwf:reg+|glpX:reg+|ferredoxin NADP reductase:add|hydG:add|hydE:add|hydrogenase:add|fdxA:add|hydA:add	N	MNXM5	NADP(+)	mechanical	+			LASER:Record1420663496.29:M1	1
LASER:Record1420663835.25:M1__C	gof	scored	del	DH10B	iECDH10B	0		LASER doi:10.1016/j.ymben.2012.08.009		fadE:del|fadR:reg+|tesA:del	C	MNXM728578	Fatty-Acids	resolved	+			LASER:Record1420663835.25:M1	0
LASER:Record1420665209.51:M1__C	gof	scored	add+del	ATCC31884	iML1515	8		LASER doi:10.1016/j.ymben.2014.02.009		aroL:reg+|trpD:del|tktA:reg+|tyrA:del|aroG:mut|entC:reg+|ppsA:reg+|pheA:del|isochorismate pyruvate lyase:add|catechol 1,2-dioxygenase:add|salicylate 1-monoxygase:add	C	MNXM1372044,MNXM186,MNXM23,MNXM258,MNXM602,MNXM733314,MNXM799	glyceraldehyde 3-phosphate;D-xylulose 5-phosphate;pyruvate;D-erythrose 4-phosphate;shikimate;D-sedoheptulose 7-phosphate;isochorismate	mechanical	+			LASER:Record1420665209.51:M1	0
LASER:Record1420665209.51:M1__P	gof	scored	add+del	ATCC31884	iML1515	8		LASER doi:10.1016/j.ymben.2014.02.009		aroL:reg+|trpD:del|tktA:reg+|tyrA:del|aroG:mut|entC:reg+|ppsA:reg+|pheA:del|isochorismate pyruvate lyase:add|catechol 1,2-dioxygenase:add|salicylate 1-monoxygase:add	P	MNXM1372044,MNXM186,MNXM258,MNXM733314	glyceraldehyde 3-phosphate;D-xylulose 5-phosphate;D-erythrose 4-phosphate;D-sedoheptulose 7-phosphate	mechanical	+			LASER:Record1420665209.51:M1	0
LASER:Record1420666912.41:M1__N	gof	scored	add+del	NZN111	iML1515	7		LASER doi:10.1016/j.ymben.2009.07.002		ldhA:del|pflB:del|grxB:reg+	N	MNXM1104555,MNXM1371191,MNXM411,MNXM436,MNXM490899,MNXM572,MNXM729075,MNXM735047,MNXM741333	3'-phosphoadenylyl sulfate;glutathione disulfide;dCDP;dGDP;glutathione;dUDP;Glutaredoxin (oxidized);dADP;Glutaredoxin (reduced)	mechanical	+			LASER:Record1420666912.41:M1	0
LASER:Record1420666912.41:M1__S	gof	scored	add+del	NZN111	iML1515	7		LASER doi:10.1016/j.ymben.2009.07.002		ldhA:del|pflB:del|grxB:reg+	S	MNXM1104555,MNXM1371191,MNXM490899,MNXM729075,MNXM741333	3'-phosphoadenylyl sulfate;glutathione disulfide;glutathione;Glutaredoxin (oxidized);Glutaredoxin (reduced)	mechanical	+			LASER:Record1420666912.41:M1	0
LASER:Record1420666912.41:M1__C	gof	scored	add+del	NZN111	iML1515	7		LASER doi:10.1016/j.ymben.2009.07.002		ldhA:del|pflB:del|grxB:reg+	C	MNXM1104555,MNXM1371191,MNXM25,MNXM411,MNXM436,MNXM490899,MNXM572,MNXM729075,MNXM735047,MNXM741333	3'-phosphoadenylyl sulfate;glutathione disulfide;succinate;dCDP;dGDP;glutathione;dUDP;Glutaredoxin (oxidized);dADP;Glutaredoxin (reduced)	mechanical,resolved	+			LASER:Record1420666912.41:M1	0
LASER:Record1420666912.41:M1__P	gof	scored	add+del	NZN111	iML1515	7		LASER doi:10.1016/j.ymben.2009.07.002		ldhA:del|pflB:del|grxB:reg+	P	MNXM1104555,MNXM411,MNXM436,MNXM572,MNXM735047	3'-phosphoadenylyl sulfate;dCDP;dGDP;dUDP;dADP	mechanical	+			LASER:Record1420666912.41:M1	0
LASER:Record1420666912.41:M2__C	gof	scored	add+del	NZN111	iML1515	1		LASER doi:10.1016/j.ymben.2009.07.002		hyfF:reg+|ldhA:del|pflB:del	C	MNXM25,MNXM39	succinate;formate	mechanical,resolved	+			LASER:Record1420666912.41:M2	0
LASER:Record1420666912.41:M3__C	gof	scored	del	NZN111	iML1515	0		LASER doi:10.1016/j.ymben.2009.07.002		ldhA:del|yhcA:reg+|pflB:del	C	MNXM25	succinate	resolved	+			LASER:Record1420666912.41:M3	0
LASER:Record1420666912.41:M4__N	gof	scored	add+del	NZN111	iML1515	1		LASER doi:10.1016/j.ymben.2009.07.002		ldhA:del|argA:reg+|pflB:del	N	MNXM1370620	N-acetyl-L-glutamate	mechanical	+			LASER:Record1420666912.41:M4	0
LASER:Record1420666912.41:M4__C	gof	scored	add+del	NZN111	iML1515	1		LASER doi:10.1016/j.ymben.2009.07.002		ldhA:del|argA:reg+|pflB:del	C	MNXM1370620,MNXM25	N-acetyl-L-glutamate;succinate	mechanical,resolved	+			LASER:Record1420666912.41:M4	0
LASER:Record1420666912.41:M5__C	gof	scored	add+del	NZN111	iML1515	1		LASER doi:10.1016/j.ymben.2009.07.002		ldhA:del|pfkB:reg+|pflB:del	C	MNXM1364229,MNXM25	beta-D-fructose 1,6-bisphosphate;succinate	mechanical,resolved	+			LASER:Record1420666912.41:M5	0
LASER:Record1420666912.41:M5__P	gof	scored	add+del	NZN111	iML1515	1		LASER doi:10.1016/j.ymben.2009.07.002		ldhA:del|pfkB:reg+|pflB:del	P	MNXM1364229	beta-D-fructose 1,6-bisphosphate	mechanical	+			LASER:Record1420666912.41:M5	0
LASER:Record1420666912.41:M6__C	gof	scored	del	NZN111	iML1515	0		LASER doi:10.1016/j.ymben.2009.07.002		marA:reg+|ldhA:del|pflB:del	C	MNXM25	succinate	resolved	+			LASER:Record1420666912.41:M6	0
LASER:Record1420666912.41:M7__N	gof	scored	add+del	NZN111	iML1515	1		LASER doi:10.1016/j.ymben.2009.07.002		ldhA:del|moaE:reg+|pflB:del	N	MNXM1365590	molybdopterin	mechanical	+			LASER:Record1420666912.41:M7	0
LASER:Record1420666912.41:M7__S	gof	scored	add+del	NZN111	iML1515	1		LASER doi:10.1016/j.ymben.2009.07.002		ldhA:del|moaE:reg+|pflB:del	S	MNXM1365590	molybdopterin	mechanical	+			LASER:Record1420666912.41:M7	0
LASER:Record1420666912.41:M7__C	gof	scored	add+del	NZN111	iML1515	1		LASER doi:10.1016/j.ymben.2009.07.002		ldhA:del|moaE:reg+|pflB:del	C	MNXM1365590,MNXM25	molybdopterin;succinate	mechanical,resolved	+			LASER:Record1420666912.41:M7	0
LASER:Record1420666912.41:M7__P	gof	scored	add+del	NZN111	iML1515	1		LASER doi:10.1016/j.ymben.2009.07.002		ldhA:del|moaE:reg+|pflB:del	P	MNXM1365590	molybdopterin	mechanical	+			LASER:Record1420666912.41:M7	0
LASER:Record1420666912.41:M8__C	gof	scored	del	NZN111	iML1515	0		LASER doi:10.1016/j.ymben.2009.07.002		ldhA:del|ygfT:reg+|pflB:del	C	MNXM25	succinate	resolved	+			LASER:Record1420666912.41:M8	0
LASER:Record1420666912.41:M9__C	gof	scored	add+del	NZN111	iML1515	3		LASER doi:10.1016/j.ymben.2009.07.002		nuoC:reg+|ldhA:del|pflB:del	C	MNXM1368769,MNXM191,MNXM25,MNXM558,MNXM8	Menaquinol 8;ubiquinol-8;succinate;2-demethylmenaquinol-8;NAD(+)	mechanical,resolved	+			LASER:Record1420666912.41:M9	0
LASER:Record1420666912.41:M9__N	gof	scored	add+del	NZN111	iML1515	3		LASER doi:10.1016/j.ymben.2009.07.002		nuoC:reg+|ldhA:del|pflB:del	N	MNXM8	NAD(+)	mechanical	+			LASER:Record1420666912.41:M9	0
LASER:Record1420666912.41:M9__P	gof	scored	add+del	NZN111	iML1515	3		LASER doi:10.1016/j.ymben.2009.07.002		nuoC:reg+|ldhA:del|pflB:del	P	MNXM8	NAD(+)	mechanical	+			LASER:Record1420666912.41:M9	0
LASER:Record1420735510.26:M1__C	gof	scored	del	BW25113	iML1515	0		LASER doi:10.1016/j.ymben.2013.03.004		serA:del|guaB:del	C	MNXM1371362	(R)-lactate	resolved	+			LASER:Record1420735510.26:M1	0
LASER:Record1420735510.26:M2__C	gof	scored	del	BW25113	iML1515	0		LASER doi:10.1016/j.ymben.2013.03.004		fnr:del|pyrD:del	C	MNXM1371362	(R)-lactate	resolved	+			LASER:Record1420735510.26:M2	0
LASER:Record1420735510.26:M5__C	gof	scored	del	BW25113	iML1515	0		LASER doi:10.1016/j.ymben.2013.03.004		pyrD:del|arcA:del	C	MNXM1371362	(R)-lactate	resolved	+			LASER:Record1420735510.26:M5	0
LASER:Record1420735510.26:M6__C	gof	scored	del	BW25113	iML1515	0		LASER doi:10.1016/j.ymben.2013.03.004		pyrD:del|guaB:del	C	MNXM1371362	(R)-lactate	resolved	+			LASER:Record1420735510.26:M6	0
LASER:Record1420735510.26:M7__C	gof	scored	del	BW25113	iML1515	0		LASER doi:10.1016/j.ymben.2013.03.004		pyrD:del|serA:del|guaB:del	C	MNXM1371362	(R)-lactate	resolved	+			LASER:Record1420735510.26:M7	0
LASER:Record1420736845.03:M1__N	gof	scored	add+del	B	iML1515	3		LASER doi:10.1186/1475-2859-12-57		frdB:del|mgsA:del|frdC:del|aceF:reg+|ldhA:del|aceE:reg+|ackA:del|lpd:reg+|pflB:del|adhE:del|pdhR:del|ldhL:add	N	MNXM1103936,MNXM29,MNXM8	(6S)-5,6,7,8-tetrahydrofolate;glycine;NAD(+)	mechanical	+			LASER:Record1420736845.03:M1	1
LASER:Record1420736845.03:M1__C	gof	scored	add+del	B	iML1515	3		LASER doi:10.1186/1475-2859-12-57		frdB:del|mgsA:del|frdC:del|aceF:reg+|ldhA:del|aceE:reg+|ackA:del|lpd:reg+|pflB:del|adhE:del|pdhR:del|ldhL:add	C	MNXM1103936,MNXM1368744,MNXM23,MNXM29,MNXM8	(6S)-5,6,7,8-tetrahydrofolate;2-oxoglutarate;pyruvate;glycine;NAD(+)	mechanical	+			LASER:Record1420736845.03:M1	1
LASER:Record1420736845.03:M1__P	gof	scored	add+del	B	iML1515	3		LASER doi:10.1186/1475-2859-12-57		frdB:del|mgsA:del|frdC:del|aceF:reg+|ldhA:del|aceE:reg+|ackA:del|lpd:reg+|pflB:del|adhE:del|pdhR:del|ldhL:add	P	MNXM8	NAD(+)	mechanical	+			LASER:Record1420736845.03:M1	1
LASER:Record1420740444.8:M1__C	gof	scored	add	BW25113	iML1515	6		LASER doi:10.1186/s12934-014-0096-1		aroL:reg+|glpK:mut|tktA:reg+|aroF:reg+|aroB:reg+|glpX:reg+|pheA:mut	C	MNXM1364229,MNXM1372044,MNXM186,MNXM258,MNXM602,MNXM73,MNXM733314,MNXM736874,MNXM741664	beta-D-fructose 1,6-bisphosphate;glyceraldehyde 3-phosphate;D-xylulose 5-phosphate;D-erythrose 4-phosphate;shikimate;phosphoenolpyruvate;D-sedoheptulose 7-phosphate;3-dehydroquinate;L-phenylalanine	mechanical,resolved	+			LASER:Record1420740444.8:M1	0
LASER:Record1420740444.8:M1__P	gof	scored	add	BW25113	iML1515	6		LASER doi:10.1186/s12934-014-0096-1		aroL:reg+|glpK:mut|tktA:reg+|aroF:reg+|aroB:reg+|glpX:reg+|pheA:mut	P	MNXM1364229,MNXM1372044,MNXM186,MNXM258,MNXM73,MNXM733314	beta-D-fructose 1,6-bisphosphate;glyceraldehyde 3-phosphate;D-xylulose 5-phosphate;D-erythrose 4-phosphate;phosphoenolpyruvate;D-sedoheptulose 7-phosphate	mechanical	+			LASER:Record1420740444.8:M1	0
LASER:Record1420740444.8:M1__N	gof	scored	add	BW25113	iML1515	6		LASER doi:10.1186/s12934-014-0096-1		aroL:reg+|glpK:mut|tktA:reg+|aroF:reg+|aroB:reg+|glpX:reg+|pheA:mut	N	MNXM741664	L-phenylalanine	resolved	+			LASER:Record1420740444.8:M1	0
LASER:Record1420741181.58:M1__C	gof	scored	add+del	BL21(DE3)	iML1515	9		LASER doi:10.1002/bit.25198		idi:reg+|atoB:reg+|ispA:reg+|ERG13:add|ERG12:add|ERG8:add|3-hydroxy-3-methylglutaryl-coenzyme A reductase:del|MVD1:add|alpha farnesene synthase:add	C	MNXM1104235,MNXM1104266,MNXM132,MNXM1363833,MNXM1363834,MNXM1368127,MNXM733934,MNXM738283,MNXM83	(3S)-3-hydroxy-3-methylglutaryl-CoA;acetyl-CoA;dimethylallyl diphosphate;(2E,6E)-farnesyl diphosphate;farnesyl diphosphate;(3E,6E)-alpha-farnesene;(R)-5-diphosphomevalonate;(R)-5-phosphomevalonate;isopentenyl diphosphate	mechanical,resolved	+			LASER:Record1420741181.58:M1	1
LASER:Record1420741181.58:M1__P	gof	scored	add+del	BL21(DE3)	iML1515	9		LASER doi:10.1002/bit.25198		idi:reg+|atoB:reg+|ispA:reg+|ERG13:add|ERG12:add|ERG8:add|3-hydroxy-3-methylglutaryl-coenzyme A reductase:del|MVD1:add|alpha farnesene synthase:add	P	MNXM1104235,MNXM1104266,MNXM132,MNXM1363833,MNXM1363834,MNXM733934,MNXM738283,MNXM83	(3S)-3-hydroxy-3-methylglutaryl-CoA;acetyl-CoA;dimethylallyl diphosphate;(2E,6E)-farnesyl diphosphate;farnesyl diphosphate;(R)-5-diphosphomevalonate;(R)-5-phosphomevalonate;isopentenyl diphosphate	mechanical	+			LASER:Record1420741181.58:M1	1
LASER:Record1420741181.58:M1__N	gof	scored	add+del	BL21(DE3)	iML1515	9		LASER doi:10.1002/bit.25198		idi:reg+|atoB:reg+|ispA:reg+|ERG13:add|ERG12:add|ERG8:add|3-hydroxy-3-methylglutaryl-coenzyme A reductase:del|MVD1:add|alpha farnesene synthase:add	N	MNXM1104235,MNXM1104266	(3S)-3-hydroxy-3-methylglutaryl-CoA;acetyl-CoA	mechanical	+			LASER:Record1420741181.58:M1	1
LASER:Record1420741181.58:M1__S	gof	scored	add+del	BL21(DE3)	iML1515	9		LASER doi:10.1002/bit.25198		idi:reg+|atoB:reg+|ispA:reg+|ERG13:add|ERG12:add|ERG8:add|3-hydroxy-3-methylglutaryl-coenzyme A reductase:del|MVD1:add|alpha farnesene synthase:add	S	MNXM1104235,MNXM1104266	(3S)-3-hydroxy-3-methylglutaryl-CoA;acetyl-CoA	mechanical	+			LASER:Record1420741181.58:M1	1
LASER:Record1420742748.66:M2__C	gof	scored	add	CLM24	iML1515	4		LASER doi:10.1002/bit.24920		malQ:reg+	C	MNXM1104039,MNXM1104130,MNXM1104617,MNXM1106000,MNXM1364061	alpha-maltopentaose;alpha-maltoheptaose;alpha-maltotetraose;D-maltose;D-glucose	mechanical	+			LASER:Record1420742748.66:M2	0
LASER:Record1420743618.36:M1__C	gof	scored	add+del	MC4100	iML1515	2		LASER doi:10.1016/j.ymben.2011.09.006		ubiA:del|ldhA:del|ubiC:del|adhB:add|pdc:add	C	MNXM1108092,MNXM23,MNXM8	ethanol;pyruvate;NAD(+)	mechanical	+			LASER:Record1420743618.36:M1	0
LASER:Record1420743618.36:M1__N	gof	scored	add+del	MC4100	iML1515	2		LASER doi:10.1016/j.ymben.2011.09.006		ubiA:del|ldhA:del|ubiC:del|adhB:add|pdc:add	N	MNXM8	NAD(+)	mechanical	+			LASER:Record1420743618.36:M1	0
LASER:Record1420743618.36:M1__P	gof	scored	add+del	MC4100	iML1515	2		LASER doi:10.1016/j.ymben.2011.09.006		ubiA:del|ldhA:del|ubiC:del|adhB:add|pdc:add	P	MNXM8	NAD(+)	mechanical	+			LASER:Record1420743618.36:M1	0
LASER:Record1420747725.42:M1__C	gof	scored	add+del	W3110	iML1515	2		LASER doi:10.1186/s12934-014-0135-y		ispG:reg+|pgi:del|dxs:reg+|nudF:add	C	MNXM1370497,MNXM622	1-hydroxy-2-methyl-2-(E)-butenyl 4-diphosphate;1-deoxy-D-xylulose 5-phosphate	mechanical	+			LASER:Record1420747725.42:M1	0
LASER:Record1420747725.42:M1__P	gof	scored	add+del	W3110	iML1515	2		LASER doi:10.1186/s12934-014-0135-y		ispG:reg+|pgi:del|dxs:reg+|nudF:add	P	MNXM1370497,MNXM622	1-hydroxy-2-methyl-2-(E)-butenyl 4-diphosphate;1-deoxy-D-xylulose 5-phosphate	mechanical	+			LASER:Record1420747725.42:M1	0
LASER:Record1420749401.91:M1__N	gof	scored	add+del	K-12	iML1515	1		LASER doi:10.1128/AEM.03994-12		glnQ:del|putA:del|glnP:del|gltD:del|glsA:del|glnH:del|gltB:del|gyrA:mut|yeiG:reg+|glsB:del	N	MNXM37,MNXM741595	L-glutamine;S-formylglutathione	mechanical,resolved	+			LASER:Record1420749401.91:M1	0
LASER:Record1420749401.91:M1__S	gof	scored	add+del	K-12	iML1515	1		LASER doi:10.1128/AEM.03994-12		glnQ:del|putA:del|glnP:del|gltD:del|glsA:del|glnH:del|gltB:del|gyrA:mut|yeiG:reg+|glsB:del	S	MNXM741595	S-formylglutathione	mechanical	+			LASER:Record1420749401.91:M1	0
LASER:Record1420749401.91:M1__C	gof	scored	add+del	K-12	iML1515	1		LASER doi:10.1128/AEM.03994-12		glnQ:del|putA:del|glnP:del|gltD:del|glsA:del|glnH:del|gltB:del|gyrA:mut|yeiG:reg+|glsB:del	C	MNXM37,MNXM741595	L-glutamine;S-formylglutathione	mechanical,resolved	+			LASER:Record1420749401.91:M1	0
LASER:Record1420750119.54:M1__C	gof	scored	add+del	W3110	iML1515	1		LASER doi:10.1002/bit.25444		yqhD:del|ackA:del|dhaB:reg+|pta:del|glycerol dehydratase:add|glycerol dehydratase:add|gabD4:add	C	MNXM89612	glycerol	mechanical	+			LASER:Record1420750119.54:M1	0
LASER:Record1420750749.96:M1__N	gof	scored	add	AG1	iECDH10B	5		LASER doi:0099-2240/99/$04.0010		mgsA:reg+|gldA:reg+	N	MNXM1107675,MNXM8	1-aminopropan-2-ol;NAD(+)	mechanical	+			LASER:Record1420750749.96:M1	0
LASER:Record1420750749.96:M1__C	gof	scored	add	AG1	iECDH10B	5		LASER doi:0099-2240/99/$04.0010		mgsA:reg+|gldA:reg+	C	MNXM1107675,MNXM77,MNXM8,MNXM89612,MNXM909	1-aminopropan-2-ol;dihydroxyacetone phosphate;NAD(+);glycerol;(R)-lactaldehyde	mechanical	+			LASER:Record1420750749.96:M1	0
LASER:Record1420750749.96:M1__P	gof	scored	add	AG1	iECDH10B	5		LASER doi:0099-2240/99/$04.0010		mgsA:reg+|gldA:reg+	P	MNXM77,MNXM8	dihydroxyacetone phosphate;NAD(+)	mechanical	+			LASER:Record1420750749.96:M1	0
LASER:Record1420751097.38:M1__C	gof	scored	del	MG1655	iML1515	0		LASER doi:10.1128/AEM.00670-09		ldhA:del|maeA:del|poxB:del|frdA:del|zwf:del|mdh:del|maeB:del|ndh:del|pta:del	C	MNXM1108092	ethanol	resolved	+			LASER:Record1420751097.38:M1	0
LASER:Record1420751487.42:M1__N	gof	scored	add	MG1655(DE3)	iML1515	12		LASER doi:10.1128/AEM.02667-08		tesB:reg+|thiolase:add|S-3HB-CoA dehydrogenase:add	N	MNXM1092836,MNXM1104266,MNXM1105912,MNXM1106160,MNXM1364251,MNXM2290,MNXM8	decanoyl-CoA;acetyl-CoA;(3S)-3-hydroxybutanoyl-CoA;hexadecanoyl-CoA;(9Z)-hexadecenoyl-CoA;a tetradecenoyl-CoA (n-C14:1CoA);NAD(+)	mechanical	+			LASER:Record1420751487.42:M1	0
LASER:Record1420751487.42:M1__S	gof	scored	add	MG1655(DE3)	iML1515	12		LASER doi:10.1128/AEM.02667-08		tesB:reg+|thiolase:add|S-3HB-CoA dehydrogenase:add	S	MNXM1092836,MNXM1104266,MNXM1105912,MNXM1106160,MNXM1364251,MNXM2290	decanoyl-CoA;acetyl-CoA;(3S)-3-hydroxybutanoyl-CoA;hexadecanoyl-CoA;(9Z)-hexadecenoyl-CoA;a tetradecenoyl-CoA (n-C14:1CoA)	mechanical	+			LASER:Record1420751487.42:M1	0
LASER:Record1420751487.42:M1__C	gof	scored	add	MG1655(DE3)	iML1515	12		LASER doi:10.1128/AEM.02667-08		tesB:reg+|thiolase:add|S-3HB-CoA dehydrogenase:add	C	MNXM1092836,MNXM1104266,MNXM1105912,MNXM1106160,MNXM1364251,MNXM1364393,MNXM1653,MNXM2290,MNXM236,MNXM314,MNXM402,MNXM750,MNXM8	decanoyl-CoA;acetyl-CoA;(3S)-3-hydroxybutanoyl-CoA;hexadecanoyl-CoA;(9Z)-hexadecenoyl-CoA;(9Z)-octadecenoate;hexanoate;a tetradecenoyl-CoA (n-C14:1CoA);octadecanoate;tetradecanoate;dodecanoate;octanoate;NAD(+)	mechanical	+			LASER:Record1420751487.42:M1	0
LASER:Record1420751487.42:M1__P	gof	scored	add	MG1655(DE3)	iML1515	12		LASER doi:10.1128/AEM.02667-08		tesB:reg+|thiolase:add|S-3HB-CoA dehydrogenase:add	P	MNXM1092836,MNXM1104266,MNXM1105912,MNXM1106160,MNXM1364251,MNXM2290,MNXM8	decanoyl-CoA;acetyl-CoA;(3S)-3-hydroxybutanoyl-CoA;hexadecanoyl-CoA;(9Z)-hexadecenoyl-CoA;a tetradecenoyl-CoA (n-C14:1CoA);NAD(+)	mechanical	+			LASER:Record1420751487.42:M1	0
LASER:Record1420751487.42:M2__N	gof	scored	add	MG1655(DE3)	iML1515	12		LASER doi:10.1128/AEM.02667-08		tesB:reg+|bktB:add|R-3HB-CoA dehydrogenase:add	N	MNXM1092836,MNXM1104699,MNXM1106160,MNXM1364140,MNXM1364251,MNXM2290,MNXM5	decanoyl-CoA;3-oxohexanoyl-CoA;hexadecanoyl-CoA;(3R)-3-hydroxybutanoyl-CoA;(9Z)-hexadecenoyl-CoA;a tetradecenoyl-CoA (n-C14:1CoA);NADP(+)	mechanical	+			LASER:Record1420751487.42:M2	0
LASER:Record1420751487.42:M2__S	gof	scored	add	MG1655(DE3)	iML1515	12		LASER doi:10.1128/AEM.02667-08		tesB:reg+|bktB:add|R-3HB-CoA dehydrogenase:add	S	MNXM1092836,MNXM1104699,MNXM1106160,MNXM1364140,MNXM1364251,MNXM2290	decanoyl-CoA;3-oxohexanoyl-CoA;hexadecanoyl-CoA;(3R)-3-hydroxybutanoyl-CoA;(9Z)-hexadecenoyl-CoA;a tetradecenoyl-CoA (n-C14:1CoA)	mechanical	+			LASER:Record1420751487.42:M2	0
LASER:Record1420751487.42:M2__C	gof	scored	add	MG1655(DE3)	iML1515	12		LASER doi:10.1128/AEM.02667-08		tesB:reg+|bktB:add|R-3HB-CoA dehydrogenase:add	C	MNXM1092836,MNXM1104699,MNXM1106160,MNXM1364140,MNXM1364251,MNXM1364393,MNXM1653,MNXM2290,MNXM236,MNXM314,MNXM402,MNXM5,MNXM750	decanoyl-CoA;3-oxohexanoyl-CoA;hexadecanoyl-CoA;(3R)-3-hydroxybutanoyl-CoA;(9Z)-hexadecenoyl-CoA;(9Z)-octadecenoate;hexanoate;a tetradecenoyl-CoA (n-C14:1CoA);octadecanoate;tetradecanoate;dodecanoate;NADP(+);octanoate	mechanical	+			LASER:Record1420751487.42:M2	0
LASER:Record1420751487.42:M2__P	gof	scored	add	MG1655(DE3)	iML1515	12		LASER doi:10.1128/AEM.02667-08		tesB:reg+|bktB:add|R-3HB-CoA dehydrogenase:add	P	MNXM1092836,MNXM1104699,MNXM1106160,MNXM1364140,MNXM1364251,MNXM2290,MNXM5	decanoyl-CoA;3-oxohexanoyl-CoA;hexadecanoyl-CoA;(3R)-3-hydroxybutanoyl-CoA;(9Z)-hexadecenoyl-CoA;a tetradecenoyl-CoA (n-C14:1CoA);NADP(+)	mechanical	+			LASER:Record1420751487.42:M2	0
LASER:Record1420751900.53:M1__N	gof	scored	add	BL21(DE3)	iML1515	25		LASER doi:10.1016/j.ymben.2014.01.003		fadD:reg+|ADH2:add|ARO10:add|acyl-coenzyme A-diacylglycerol acyltransferase:add	N	MNXM1092836,MNXM1106160,MNXM1364251,MNXM1686,MNXM315,MNXM8	decanoyl-CoA;hexadecanoyl-CoA;(9Z)-hexadecenoyl-CoA;indole-3-ethanol;indole-3-pyruvate;NAD(+)	mechanical	+			LASER:Record1420751900.53:M1	1
LASER:Record1420751900.53:M1__C	gof	scored	add	BL21(DE3)	iML1515	25		LASER doi:10.1016/j.ymben.2014.01.003		fadD:reg+|ADH2:add|ARO10:add|acyl-coenzyme A-diacylglycerol acyltransferase:add	C	MNXM1092836,MNXM1106160,MNXM1108092,MNXM1364251,MNXM1364393,MNXM1364443,MNXM1653,MNXM1670,MNXM1686,MNXM236,MNXM2476,MNXM314,MNXM315,MNXM402,MNXM404,MNXM4964,MNXM5188,MNXM5476,MNXM728578,MNXM750,MNXM8	decanoyl-CoA;hexadecanoyl-CoA;ethanol;(9Z)-hexadecenoyl-CoA;(9Z)-octadecenoate;(9E)-tetradecenoic acid;hexanoate;3-methylbutanol;indole-3-ethanol;octadecanoate;2-phenylethanol;tetradecanoate;indole-3-pyruvate;dodecanoate;4-methyl-2-oxopentanoate;4-tyrosol;isobutanol;2-methylbutan-1-ol;Fatty-Acids;octanoate;NAD(+)	mechanical,resolved	+			LASER:Record1420751900.53:M1	1
LASER:Record1420751900.53:M1__P	gof	scored	add	BL21(DE3)	iML1515	25		LASER doi:10.1016/j.ymben.2014.01.003		fadD:reg+|ADH2:add|ARO10:add|acyl-coenzyme A-diacylglycerol acyltransferase:add	P	MNXM1092836,MNXM1106160,MNXM1364251,MNXM8	decanoyl-CoA;hexadecanoyl-CoA;(9Z)-hexadecenoyl-CoA;NAD(+)	mechanical	+			LASER:Record1420751900.53:M1	1
LASER:Record1420751900.53:M1__S	gof	scored	add	BL21(DE3)	iML1515	25		LASER doi:10.1016/j.ymben.2014.01.003		fadD:reg+|ADH2:add|ARO10:add|acyl-coenzyme A-diacylglycerol acyltransferase:add	S	MNXM1092836,MNXM1106160,MNXM1364251	decanoyl-CoA;hexadecanoyl-CoA;(9Z)-hexadecenoyl-CoA	mechanical	+			LASER:Record1420751900.53:M1	1
LASER:Record1420753530.76:M1__C	gof	scored	add+del	BW25113	iML1515	6		LASER doi:10.1016/j.ymben.2013.06.001		tyrA:mut|aroG:mut|aroE:reg+|glk:reg+|T7 Polymerase:add|ppsA:reg+|hpaB:reg+|hpaC:reg+|tktA:reg+|pykF:del|pheA:del|ldhD:add	C	MNXM1364111,MNXM1371362,MNXM1372044,MNXM186,MNXM23,MNXM258,MNXM5,MNXM602,MNXM733314,MNXM8	D-glucose 6-phosphate;(R)-lactate;glyceraldehyde 3-phosphate;D-xylulose 5-phosphate;pyruvate;D-erythrose 4-phosphate;NADP(+);shikimate;D-sedoheptulose 7-phosphate;NAD(+)	mechanical	+			LASER:Record1420753530.76:M1	0
LASER:Record1420753530.76:M1__N	gof	scored	add+del	BW25113	iML1515	6		LASER doi:10.1016/j.ymben.2013.06.001		tyrA:mut|aroG:mut|aroE:reg+|glk:reg+|T7 Polymerase:add|ppsA:reg+|hpaB:reg+|hpaC:reg+|tktA:reg+|pykF:del|pheA:del|ldhD:add	N	MNXM5,MNXM8	NADP(+);NAD(+)	mechanical	+			LASER:Record1420753530.76:M1	0
LASER:Record1420753530.76:M1__P	gof	scored	add+del	BW25113	iML1515	6		LASER doi:10.1016/j.ymben.2013.06.001		tyrA:mut|aroG:mut|aroE:reg+|glk:reg+|T7 Polymerase:add|ppsA:reg+|hpaB:reg+|hpaC:reg+|tktA:reg+|pykF:del|pheA:del|ldhD:add	P	MNXM1364111,MNXM1372044,MNXM186,MNXM258,MNXM5,MNXM733314,MNXM8	D-glucose 6-phosphate;glyceraldehyde 3-phosphate;D-xylulose 5-phosphate;D-erythrose 4-phosphate;NADP(+);D-sedoheptulose 7-phosphate;NAD(+)	mechanical	+			LASER:Record1420753530.76:M1	0
LASER:Record1420754173.95:M1__N	gof	scored	add+del	W3110	iML1515	4		LASER doi:10.1016/j.ymben.2012.11.011		lacI:del|dapB:del|lysA:del|gabT:add|davA:add|davB:add|gabD:add	N	MNXM162231,MNXM2090,MNXM729302,MNXM741173,MNXM792	NAD(P)H;5-aminopentanamide;NH4(+);L-glutamate;5-aminopentanoate	mechanical	+			LASER:Record1420754173.95:M1	0
LASER:Record1420754173.95:M1__C	gof	scored	add+del	W3110	iML1515	4		LASER doi:10.1016/j.ymben.2012.11.011		lacI:del|dapB:del|lysA:del|gabT:add|davA:add|davB:add|gabD:add	C	MNXM162231,MNXM172,MNXM2090,MNXM25,MNXM741173,MNXM792	NAD(P)H;succinate semialdehyde;5-aminopentanamide;succinate;L-glutamate;5-aminopentanoate	mechanical	+			LASER:Record1420754173.95:M1	0
LASER:Record1420754173.95:M1__P	gof	scored	add+del	W3110	iML1515	4		LASER doi:10.1016/j.ymben.2012.11.011		lacI:del|dapB:del|lysA:del|gabT:add|davA:add|davB:add|gabD:add	P	MNXM162231	NAD(P)H	mechanical	+			LASER:Record1420754173.95:M1	0
LASER:Record1420754173.95:M2__N	gof	scored	add+del	W3110	iML1515	5		LASER doi:10.1016/j.ymben.2012.11.011		puuP:del|lacI:del|cadA:mut|speE:del|patA:del|speG:del|dapA:reg+|puuA:del|gabT:add|davA:add|davB:add|gabD:add	N	MNXM162231,MNXM2090,MNXM361,MNXM729302,MNXM741173,MNXM792	NAD(P)H;5-aminopentanamide;L-aspartate 4-semialdehyde;NH4(+);L-glutamate;5-aminopentanoate	mechanical	+			LASER:Record1420754173.95:M2	0
LASER:Record1420754173.95:M2__C	gof	scored	add+del	W3110	iML1515	5		LASER doi:10.1016/j.ymben.2012.11.011		puuP:del|lacI:del|cadA:mut|speE:del|patA:del|speG:del|dapA:reg+|puuA:del|gabT:add|davA:add|davB:add|gabD:add	C	MNXM162231,MNXM172,MNXM2090,MNXM23,MNXM25,MNXM361,MNXM741173,MNXM792	NAD(P)H;succinate semialdehyde;5-aminopentanamide;pyruvate;succinate;L-aspartate 4-semialdehyde;L-glutamate;5-aminopentanoate	mechanical	+			LASER:Record1420754173.95:M2	0
LASER:Record1420754173.95:M2__P	gof	scored	add+del	W3110	iML1515	5		LASER doi:10.1016/j.ymben.2012.11.011		puuP:del|lacI:del|cadA:mut|speE:del|patA:del|speG:del|dapA:reg+|puuA:del|gabT:add|davA:add|davB:add|gabD:add	P	MNXM162231	NAD(P)H	mechanical	+			LASER:Record1420754173.95:M2	0
LASER:Record1420754551.36:M1__C	gof	scored	add+del	W3110	iML1515	3		LASER doi:10.1002/bit.24868		lacI:del|galP:reg+|ptsG:del|aspA:del|fumA:del|arcA:del|ppc:reg+|iclR:del|fumB:del|fumC:del	C	MNXM1364061,MNXM1364488,MNXM46	D-glucose;D-Galactose;oxaloacetate	mechanical	+			LASER:Record1420754551.36:M1	0
LASER:Record1420823481.59:M1__N	gof	scored	add+del	MG1655	iML1515	10		LASER doi:10.1186/s12934-014-0104-5		ribE:reg+|ribF:reg+|ribC:reg+|ribD:reg+|ribA:reg+|edd:del|ribB:reg+|eda:del|acs:reg+|pgi:del	N	MNXM1103734,MNXM1364147,MNXM1364266,MNXM1364401,MNXM1368394,MNXM1371813,MNXM270,MNXM729302	2,5-diamino-6-hydroxy-4-(5-phosphoribosylamino)-pyrimidine;FMN;propanoyl-CoA;6,7-Dimethyl-8-(1-D-ribityl)lumazine;5-amino-6-(5-phospho-D-ribosylamino)uracil;5-amino-6-(D-ribitylamino)uracil;riboflavin;NH4(+)	mechanical	+			LASER:Record1420823481.59:M1	0
LASER:Record1420823481.59:M1__S	gof	scored	add+del	MG1655	iML1515	10		LASER doi:10.1186/s12934-014-0104-5		ribE:reg+|ribF:reg+|ribC:reg+|ribD:reg+|ribA:reg+|edd:del|ribB:reg+|eda:del|acs:reg+|pgi:del	S	MNXM1364266	propanoyl-CoA	mechanical	+			LASER:Record1420823481.59:M1	0
LASER:Record1420823481.59:M1__C	gof	scored	add+del	MG1655	iML1515	10		LASER doi:10.1186/s12934-014-0104-5		ribE:reg+|ribF:reg+|ribC:reg+|ribD:reg+|ribA:reg+|edd:del|ribB:reg+|eda:del|acs:reg+|pgi:del	C	MNXM1103734,MNXM1364147,MNXM1364266,MNXM1364401,MNXM1368394,MNXM1371813,MNXM145,MNXM26,MNXM270,MNXM39	2,5-diamino-6-hydroxy-4-(5-phosphoribosylamino)-pyrimidine;FMN;propanoyl-CoA;6,7-Dimethyl-8-(1-D-ribityl)lumazine;5-amino-6-(5-phospho-D-ribosylamino)uracil;5-amino-6-(D-ribitylamino)uracil;D-ribulose 5-phosphate;acetate;riboflavin;formate	mechanical	+			LASER:Record1420823481.59:M1	0
LASER:Record1420823481.59:M1__P	gof	scored	add+del	MG1655	iML1515	10		LASER doi:10.1186/s12934-014-0104-5		ribE:reg+|ribF:reg+|ribC:reg+|ribD:reg+|ribA:reg+|edd:del|ribB:reg+|eda:del|acs:reg+|pgi:del	P	MNXM1103734,MNXM1364147,MNXM1364266,MNXM1368394,MNXM145	2,5-diamino-6-hydroxy-4-(5-phosphoribosylamino)-pyrimidine;FMN;propanoyl-CoA;5-amino-6-(5-phospho-D-ribosylamino)uracil;D-ribulose 5-phosphate	mechanical	+			LASER:Record1420823481.59:M1	0
LASER:Record1420823985.3:M1__N	gof	scored	add+del	BL21(DE3)	iML1515	1		LASER doi:10.1016/j.ymben.2013.12.004		fadE:del|accC:reg+|accD:reg+|accA:reg+|accB:reg+|fatty acyl-ACP reductase:add	N	MNXM1106093	malonyl-CoA	mechanical	+			LASER:Record1420823985.3:M1	1
LASER:Record1420823985.3:M1__S	gof	scored	add+del	BL21(DE3)	iML1515	1		LASER doi:10.1016/j.ymben.2013.12.004		fadE:del|accC:reg+|accD:reg+|accA:reg+|accB:reg+|fatty acyl-ACP reductase:add	S	MNXM1106093	malonyl-CoA	mechanical	+			LASER:Record1420823985.3:M1	1
LASER:Record1420823985.3:M1__C	gof	scored	add+del	BL21(DE3)	iML1515	1		LASER doi:10.1016/j.ymben.2013.12.004		fadE:del|accC:reg+|accD:reg+|accA:reg+|accB:reg+|fatty acyl-ACP reductase:add	C	MNXM1106093,MNXM728578	malonyl-CoA;Fatty-Acids	mechanical,resolved	+			LASER:Record1420823985.3:M1	1
LASER:Record1420823985.3:M1__P	gof	scored	add+del	BL21(DE3)	iML1515	1		LASER doi:10.1016/j.ymben.2013.12.004		fadE:del|accC:reg+|accD:reg+|accA:reg+|accB:reg+|fatty acyl-ACP reductase:add	P	MNXM1106093	malonyl-CoA	mechanical	+			LASER:Record1420823985.3:M1	1
LASER:Record1420825424.73:M1__C	gof	scored	add+del	ATCC8739	iML1515	5		LASER doi:10.1016/j.ymben.2014.05.003		mgsA:del|agaR:mut|galP:reg+|ptsI:del|lpd:mut|mreC:mut|acnA:mut|yjjM:mut|pflB:del|pagP:mut|pck:reg+|pta:del|exuR:mut|ldhA:del|rpoB:mut|rpmE:mut|ackA:del|cusS:mut|aceA:reg+|aceB:reg+|rppH:mut	C	MNXM1107192,MNXM1364061,MNXM1364488,MNXM25,MNXM46,MNXM89661	(S)-malate;D-glucose;D-Galactose;succinate;oxaloacetate;isocitrate(3-)	mechanical,resolved	+			LASER:Record1420825424.73:M1	1
LASER:Record1420826403.27:M1__C	gof	scored	add+del	BL21(DE3)	iML1515	6		LASER doi:10.1016/j.ymben.2009.02.002		ubiC:reg+|aroF:mut|aroB:reg+|pheA:del|qutC:add|4-carboxy-2-hydroxymuconate-6-semialdehyde:add|protocatechuate 4,5-dioxygenase:add|protocatechuate 4,5-dioxygenase:add|4-hydroxybenzoate hydroxylase:add	C	MNXM164,MNXM23,MNXM337,MNXM421,MNXM736874	4-hydroxybenzoate;pyruvate;chorismate;4-aminobenzoate;3-dehydroquinate	mechanical	+			LASER:Record1420826403.27:M1	1
LASER:Record1420826403.27:M1__N	gof	scored	add+del	BL21(DE3)	iML1515	6		LASER doi:10.1016/j.ymben.2009.02.002		ubiC:reg+|aroF:mut|aroB:reg+|pheA:del|qutC:add|4-carboxy-2-hydroxymuconate-6-semialdehyde:add|protocatechuate 4,5-dioxygenase:add|protocatechuate 4,5-dioxygenase:add|4-hydroxybenzoate hydroxylase:add	N	MNXM421	4-aminobenzoate	mechanical	+			LASER:Record1420826403.27:M1	1
LASER:Record1420827149.96:M1__C	gof	scored	add	BL21(DE3)	iML1515	9		LASER doi:10.1186/1475-2859-13-20		ERG12:add|ERG8:add|mvaS:add|sabinene synthase:add|IDI1:add|mvaE:add|GPPS:add|MVD1:add	C	MNXM1104235,MNXM1104266,MNXM1105057,MNXM132,MNXM5,MNXM733934,MNXM738283,MNXM83	(3S)-3-hydroxy-3-methylglutaryl-CoA;acetyl-CoA;(R)-mevalonate;dimethylallyl diphosphate;NADP(+);(R)-5-diphosphomevalonate;(R)-5-phosphomevalonate;isopentenyl diphosphate	mechanical	+			LASER:Record1420827149.96:M1	1
LASER:Record1420827149.96:M1__P	gof	scored	add	BL21(DE3)	iML1515	9		LASER doi:10.1186/1475-2859-13-20		ERG12:add|ERG8:add|mvaS:add|sabinene synthase:add|IDI1:add|mvaE:add|GPPS:add|MVD1:add	P	MNXM1104235,MNXM1104266,MNXM132,MNXM5,MNXM733934,MNXM738283,MNXM83	(3S)-3-hydroxy-3-methylglutaryl-CoA;acetyl-CoA;dimethylallyl diphosphate;NADP(+);(R)-5-diphosphomevalonate;(R)-5-phosphomevalonate;isopentenyl diphosphate	mechanical	+			LASER:Record1420827149.96:M1	1
LASER:Record1420827149.96:M1__N	gof	scored	add	BL21(DE3)	iML1515	9		LASER doi:10.1186/1475-2859-13-20		ERG12:add|ERG8:add|mvaS:add|sabinene synthase:add|IDI1:add|mvaE:add|GPPS:add|MVD1:add	N	MNXM1104235,MNXM1104266,MNXM5	(3S)-3-hydroxy-3-methylglutaryl-CoA;acetyl-CoA;NADP(+)	mechanical	+			LASER:Record1420827149.96:M1	1
LASER:Record1420827149.96:M1__S	gof	scored	add	BL21(DE3)	iML1515	9		LASER doi:10.1186/1475-2859-13-20		ERG12:add|ERG8:add|mvaS:add|sabinene synthase:add|IDI1:add|mvaE:add|GPPS:add|MVD1:add	S	MNXM1104235,MNXM1104266	(3S)-3-hydroxy-3-methylglutaryl-CoA;acetyl-CoA	mechanical	+			LASER:Record1420827149.96:M1	1
LASER:Record1420828112.09:M1__C	gof	scored	add+del	W3110	iML1515	12		LASER doi:10.1016/j.ymben.2013.09.003		aceF:reg+|aceE:reg+|lpd:mut|adhE:del|pta:del|frdB:del|frdC:del|atoB:reg+|atoA:del|ldhA:del|frdA:del|frdD:del|paaH:del|paaG:del|paaF:del|atoD:del|crotonase:add|fdh1:add|adhE2:add|3-hydroxybutyryl-CoA dehydrogenase:add|trans-enoyl-CoA reductase:add	C	MNXM1103616,MNXM1104266,MNXM1104300,MNXM1105912,MNXM1363936,MNXM18358,MNXM23,MNXM3230,MNXM39,MNXM8	hexanoyl-CoA;acetyl-CoA;butanoyl-CoA;(3S)-3-hydroxybutanoyl-CoA;(2E)-butenoyl-CoA;hexan-1-ol;pyruvate;butan-1-ol;formate;NAD(+)	mechanical	+			LASER:Record1420828112.09:M1	0
LASER:Record1420828112.09:M1__N	gof	scored	add+del	W3110	iML1515	12		LASER doi:10.1016/j.ymben.2013.09.003		aceF:reg+|aceE:reg+|lpd:mut|adhE:del|pta:del|frdB:del|frdC:del|atoB:reg+|atoA:del|ldhA:del|frdA:del|frdD:del|paaH:del|paaG:del|paaF:del|atoD:del|crotonase:add|fdh1:add|adhE2:add|3-hydroxybutyryl-CoA dehydrogenase:add|trans-enoyl-CoA reductase:add	N	MNXM1103616,MNXM1104266,MNXM1104300,MNXM1105912,MNXM1363936,MNXM8	hexanoyl-CoA;acetyl-CoA;butanoyl-CoA;(3S)-3-hydroxybutanoyl-CoA;(2E)-butenoyl-CoA;NAD(+)	mechanical	+			LASER:Record1420828112.09:M1	0
LASER:Record1420828112.09:M1__P	gof	scored	add+del	W3110	iML1515	12		LASER doi:10.1016/j.ymben.2013.09.003		aceF:reg+|aceE:reg+|lpd:mut|adhE:del|pta:del|frdB:del|frdC:del|atoB:reg+|atoA:del|ldhA:del|frdA:del|frdD:del|paaH:del|paaG:del|paaF:del|atoD:del|crotonase:add|fdh1:add|adhE2:add|3-hydroxybutyryl-CoA dehydrogenase:add|trans-enoyl-CoA reductase:add	P	MNXM1103616,MNXM1104266,MNXM1104300,MNXM1105912,MNXM1363936,MNXM8	hexanoyl-CoA;acetyl-CoA;butanoyl-CoA;(3S)-3-hydroxybutanoyl-CoA;(2E)-butenoyl-CoA;NAD(+)	mechanical	+			LASER:Record1420828112.09:M1	0
LASER:Record1420828112.09:M1__S	gof	scored	add+del	W3110	iML1515	12		LASER doi:10.1016/j.ymben.2013.09.003		aceF:reg+|aceE:reg+|lpd:mut|adhE:del|pta:del|frdB:del|frdC:del|atoB:reg+|atoA:del|ldhA:del|frdA:del|frdD:del|paaH:del|paaG:del|paaF:del|atoD:del|crotonase:add|fdh1:add|adhE2:add|3-hydroxybutyryl-CoA dehydrogenase:add|trans-enoyl-CoA reductase:add	S	MNXM1103616,MNXM1104266,MNXM1104300,MNXM1105912,MNXM1363936	hexanoyl-CoA;acetyl-CoA;butanoyl-CoA;(3S)-3-hydroxybutanoyl-CoA;(2E)-butenoyl-CoA	mechanical	+			LASER:Record1420828112.09:M1	0
LASER:Record1420828539.55:M1__C	gof	scored	add+del	B	iML1515	2		LASER doi:10.1186/1475-2859-11-145		aceE:reg+|ldhA:del|frdA:del|ackA:reg+|pflB:del	C	MNXM1108092,MNXM23,MNXM280,MNXM8	ethanol;pyruvate;acetyl phosphate;NAD(+)	mechanical,resolved	+			LASER:Record1420828539.55:M1	1
LASER:Record1420828539.55:M1__N	gof	scored	add+del	B	iML1515	2		LASER doi:10.1186/1475-2859-11-145		aceE:reg+|ldhA:del|frdA:del|ackA:reg+|pflB:del	N	MNXM8	NAD(+)	mechanical	+			LASER:Record1420828539.55:M1	1
LASER:Record1420828539.55:M1__P	gof	scored	add+del	B	iML1515	2		LASER doi:10.1186/1475-2859-11-145		aceE:reg+|ldhA:del|frdA:del|ackA:reg+|pflB:del	P	MNXM280,MNXM8	acetyl phosphate;NAD(+)	mechanical	+			LASER:Record1420828539.55:M1	1
LASER:Record1420829472.92:M1__N	gof	scored	add	MC4100	iML1515	7		LASER doi:10.1016/j.ymben.2012.05.001		umpH:reg+	N	MNXM1103400,MNXM1104823,MNXM1363925,MNXM311	guanosine;UMP;cytidine;pyridoxal	mechanical	+			LASER:Record1420829472.92:M1	0
LASER:Record1420829472.92:M1__C	gof	scored	add	MC4100	iML1515	7		LASER doi:10.1016/j.ymben.2012.05.001		umpH:reg+	C	MNXM1103400,MNXM1104823,MNXM1363910,MNXM1363925,MNXM311,MNXM89612	guanosine;UMP;alpha-D-ribofuranose 5-phosphate;cytidine;pyridoxal;glycerol	mechanical	+			LASER:Record1420829472.92:M1	0
LASER:Record1420829472.92:M1__P	gof	scored	add	MC4100	iML1515	7		LASER doi:10.1016/j.ymben.2012.05.001		umpH:reg+	P	MNXM1104823,MNXM1363910	UMP;alpha-D-ribofuranose 5-phosphate	mechanical	+			LASER:Record1420829472.92:M1	0
LASER:Record1420832581.12:M1__N	gof	scored	add+del	BL21(DE3)	iML1515	4		LASER doi:10.1002/bit.23069		scpC:del|surfactin phosphopantetheinyl transferase:add|scpB:del|argK:del|prpB:del|scpA:reg+|prpC:del|prpD:del|prpR:del|prpE:reg+|deoxyerythronolide B synthase:add|matB:add|matC:add|methylmalonyl-CoA epimerase:add	N	MNXM1089660,MNXM1103458,MNXM1107904,MNXM1364266	all holo-acyl carrier proteins;adenosine 3',5'-bisphosphate;(S)-methylmalonyl-CoA;propanoyl-CoA	mechanical	+			LASER:Record1420832581.12:M1	1
LASER:Record1420832581.12:M1__S	gof	scored	add+del	BL21(DE3)	iML1515	4		LASER doi:10.1002/bit.23069		scpC:del|surfactin phosphopantetheinyl transferase:add|scpB:del|argK:del|prpB:del|scpA:reg+|prpC:del|prpD:del|prpR:del|prpE:reg+|deoxyerythronolide B synthase:add|matB:add|matC:add|methylmalonyl-CoA epimerase:add	S	MNXM1089660,MNXM1107904,MNXM1364266	all holo-acyl carrier proteins;(S)-methylmalonyl-CoA;propanoyl-CoA	mechanical	+			LASER:Record1420832581.12:M1	1
LASER:Record1420832581.12:M1__C	gof	scored	add+del	BL21(DE3)	iML1515	4		LASER doi:10.1002/bit.23069		scpC:del|surfactin phosphopantetheinyl transferase:add|scpB:del|argK:del|prpB:del|scpA:reg+|prpC:del|prpD:del|prpR:del|prpE:reg+|deoxyerythronolide B synthase:add|matB:add|matC:add|methylmalonyl-CoA epimerase:add	C	MNXM1089660,MNXM1103458,MNXM1107904,MNXM1364266	all holo-acyl carrier proteins;adenosine 3',5'-bisphosphate;(S)-methylmalonyl-CoA;propanoyl-CoA	mechanical	+			LASER:Record1420832581.12:M1	1
LASER:Record1420832581.12:M1__P	gof	scored	add+del	BL21(DE3)	iML1515	4		LASER doi:10.1002/bit.23069		scpC:del|surfactin phosphopantetheinyl transferase:add|scpB:del|argK:del|prpB:del|scpA:reg+|prpC:del|prpD:del|prpR:del|prpE:reg+|deoxyerythronolide B synthase:add|matB:add|matC:add|methylmalonyl-CoA epimerase:add	P	MNXM1089660,MNXM1103458,MNXM1107904,MNXM1364266	all holo-acyl carrier proteins;adenosine 3',5'-bisphosphate;(S)-methylmalonyl-CoA;propanoyl-CoA	mechanical	+			LASER:Record1420832581.12:M1	1
LASER:Record1420834914.48:M1__C	gof	scored	add	DH10B	iECDH10B	11		LASER doi:10.1016/j.ymben.2011.07.001		idi:reg+|atoB:reg+|ispA:reg+|ERG19:add|MVK:add|fdh1:add|amorpha-4,11-diene synthase:add|mvaS:add|PMVK:add|mvaA:add|3-hydroxy-3-methylglutaryl-coenzyme A reductase:add	C	MNXM1104235,MNXM1104266,MNXM1105057,MNXM132,MNXM1363833,MNXM1363834,MNXM39,MNXM5,MNXM733934,MNXM738283,MNXM8,MNXM83	(3S)-3-hydroxy-3-methylglutaryl-CoA;acetyl-CoA;(R)-mevalonate;dimethylallyl diphosphate;(2E,6E)-farnesyl diphosphate;farnesyl diphosphate;formate;NADP(+);(R)-5-diphosphomevalonate;(R)-5-phosphomevalonate;NAD(+);isopentenyl diphosphate	mechanical	+			LASER:Record1420834914.48:M1	0
LASER:Record1420834914.48:M1__P	gof	scored	add	DH10B	iECDH10B	11		LASER doi:10.1016/j.ymben.2011.07.001		idi:reg+|atoB:reg+|ispA:reg+|ERG19:add|MVK:add|fdh1:add|amorpha-4,11-diene synthase:add|mvaS:add|PMVK:add|mvaA:add|3-hydroxy-3-methylglutaryl-coenzyme A reductase:add	P	MNXM1104235,MNXM1104266,MNXM132,MNXM1363833,MNXM1363834,MNXM5,MNXM733934,MNXM738283,MNXM8,MNXM83	(3S)-3-hydroxy-3-methylglutaryl-CoA;acetyl-CoA;dimethylallyl diphosphate;(2E,6E)-farnesyl diphosphate;farnesyl diphosphate;NADP(+);(R)-5-diphosphomevalonate;(R)-5-phosphomevalonate;NAD(+);isopentenyl diphosphate	mechanical	+			LASER:Record1420834914.48:M1	0
LASER:Record1420834914.48:M1__N	gof	scored	add	DH10B	iECDH10B	11		LASER doi:10.1016/j.ymben.2011.07.001		idi:reg+|atoB:reg+|ispA:reg+|ERG19:add|MVK:add|fdh1:add|amorpha-4,11-diene synthase:add|mvaS:add|PMVK:add|mvaA:add|3-hydroxy-3-methylglutaryl-coenzyme A reductase:add	N	MNXM1104235,MNXM1104266,MNXM5,MNXM8	(3S)-3-hydroxy-3-methylglutaryl-CoA;acetyl-CoA;NADP(+);NAD(+)	mechanical	+			LASER:Record1420834914.48:M1	0
LASER:Record1420834914.48:M1__S	gof	scored	add	DH10B	iECDH10B	11		LASER doi:10.1016/j.ymben.2011.07.001		idi:reg+|atoB:reg+|ispA:reg+|ERG19:add|MVK:add|fdh1:add|amorpha-4,11-diene synthase:add|mvaS:add|PMVK:add|mvaA:add|3-hydroxy-3-methylglutaryl-coenzyme A reductase:add	S	MNXM1104235,MNXM1104266	(3S)-3-hydroxy-3-methylglutaryl-CoA;acetyl-CoA	mechanical	+			LASER:Record1420834914.48:M1	0
LASER:Record1420837062.12:M1__C	gof	scored	add+del	BW25113(DE3)	iML1515	1		LASER doi:10.1128/AEM.01148-12		aroF:mut|tyrR:del|mtlA:del|pheA:mut|acs:del|ldhA:add	C	MNXM1371362,MNXM8	(R)-lactate;NAD(+)	mechanical	+			LASER:Record1420837062.12:M1	0
LASER:Record1420837062.12:M1__N	gof	scored	add+del	BW25113(DE3)	iML1515	1		LASER doi:10.1128/AEM.01148-12		aroF:mut|tyrR:del|mtlA:del|pheA:mut|acs:del|ldhA:add	N	MNXM8	NAD(+)	mechanical	+			LASER:Record1420837062.12:M1	0
LASER:Record1420837062.12:M1__P	gof	scored	add+del	BW25113(DE3)	iML1515	1		LASER doi:10.1128/AEM.01148-12		aroF:mut|tyrR:del|mtlA:del|pheA:mut|acs:del|ldhA:add	P	MNXM8	NAD(+)	mechanical	+			LASER:Record1420837062.12:M1	0
LASER:Record1420837062.12:M2__C	gof	scored	add	BW25113(DE3)	iML1515	2		LASER doi:10.1128/AEM.01148-12		tyrA:mut|aroF:reg+|tyrR:del|ldhA:add	C	MNXM1371362,MNXM258,MNXM73,MNXM8	(R)-lactate;D-erythrose 4-phosphate;phosphoenolpyruvate;NAD(+)	mechanical	+			LASER:Record1420837062.12:M2	0
LASER:Record1420837062.12:M2__N	gof	scored	add	BW25113(DE3)	iML1515	2		LASER doi:10.1128/AEM.01148-12		tyrA:mut|aroF:reg+|tyrR:del|ldhA:add	N	MNXM8	NAD(+)	mechanical	+			LASER:Record1420837062.12:M2	0
LASER:Record1420837062.12:M2__P	gof	scored	add	BW25113(DE3)	iML1515	2		LASER doi:10.1128/AEM.01148-12		tyrA:mut|aroF:reg+|tyrR:del|ldhA:add	P	MNXM258,MNXM73,MNXM8	D-erythrose 4-phosphate;phosphoenolpyruvate;NAD(+)	mechanical	+			LASER:Record1420837062.12:M2	0
LASER:Record1420837062.12:M3__N	gof	scored	add+del	BW25113(DE3)	iML1515	3		LASER doi:10.1128/AEM.01148-12		tyrA:del|aroF:mut|tyrR:del|mltA:del|feaB:del|yahK:reg+|pheA:mut|acs:del|ipdC:add	N	MNXM315	indole-3-pyruvate	mechanical	+			LASER:Record1420837062.12:M3	0
LASER:Record1420837062.12:M3__C	gof	scored	add+del	BW25113(DE3)	iML1515	3		LASER doi:10.1128/AEM.01148-12		tyrA:del|aroF:mut|tyrR:del|mltA:del|feaB:del|yahK:reg+|pheA:mut|acs:del|ipdC:add	C	MNXM2476,MNXM315,MNXM732880,MNXM909	2-phenylethanol;indole-3-pyruvate;(S)-lactaldehyde;(R)-lactaldehyde	mechanical,resolved	+			LASER:Record1420837062.12:M3	0
LASER:Record1420837062.12:M4__N	gof	scored	add+del	BW25113(DE3)	iML1515	3		LASER doi:10.1128/AEM.01148-12		tyrA:del|aroF:mut|tyrR:del|mltA:del|feaB:del|yahK:reg+|acs:del|ipdC:add	N	MNXM315	indole-3-pyruvate	mechanical	+			LASER:Record1420837062.12:M4	0
LASER:Record1420837062.12:M4__C	gof	scored	add+del	BW25113(DE3)	iML1515	3		LASER doi:10.1128/AEM.01148-12		tyrA:del|aroF:mut|tyrR:del|mltA:del|feaB:del|yahK:reg+|acs:del|ipdC:add	C	MNXM315,MNXM732880,MNXM909	indole-3-pyruvate;(S)-lactaldehyde;(R)-lactaldehyde	mechanical	+			LASER:Record1420837062.12:M4	0
LASER:Record1420837062.12:M5__N	gof	scored	add+del	BW25113(DE3)	iML1515	1		LASER doi:10.1128/AEM.01148-12		tyrA:del|aroF:mut|tyrR:del|mltA:del|feaB:del|pheA:mut|acs:del|ipdC:add	N	MNXM315	indole-3-pyruvate	mechanical	+			LASER:Record1420837062.12:M5	0
LASER:Record1420837062.12:M5__C	gof	scored	add+del	BW25113(DE3)	iML1515	1		LASER doi:10.1128/AEM.01148-12		tyrA:del|aroF:mut|tyrR:del|mltA:del|feaB:del|pheA:mut|acs:del|ipdC:add	C	MNXM315,MNXM737265	indole-3-pyruvate;2-phenylacetate	mechanical,resolved	+			LASER:Record1420837062.12:M5	0
LASER:Record1420837062.12:M6__N	gof	scored	add+del	BW25113(DE3)	iML1515	3		LASER doi:10.1128/AEM.01148-12		tyrA:del|aroF:mut|tyrR:del|mltA:del|feaB:del|yahK:reg+|acs:del|ipdC:add	N	MNXM315	indole-3-pyruvate	mechanical	+			LASER:Record1420837062.12:M6	0
LASER:Record1420837062.12:M6__C	gof	scored	add+del	BW25113(DE3)	iML1515	3		LASER doi:10.1128/AEM.01148-12		tyrA:del|aroF:mut|tyrR:del|mltA:del|feaB:del|yahK:reg+|acs:del|ipdC:add	C	MNXM315,MNXM732880,MNXM735208,MNXM909	indole-3-pyruvate;(S)-lactaldehyde;4-hydroxyphenylacetate;(R)-lactaldehyde	mechanical,resolved	+			LASER:Record1420837062.12:M6	0
LASER:Record1420838387.61:M1__C	gof	scored	add+del	W3110	iML1515	17		LASER doi:10.1186/1475-2859-12-62		aroL:reg+|trpD:del|tyrA:mut|tyrB:reg+|aroG:mut|aroD:reg+|aroB:reg+|aroC:reg+|ppsA:reg+|hpaB:reg+|aroA:reg+|ydiB:reg+|hpaC:reg+|tktA:reg+|tyrosine ammonia-lyase:add|acetyltransferase:add|4-coumarate-coa ligase:add	C	MNXM1365,MNXM1370019,MNXM1372044,MNXM153,MNXM186,MNXM23,MNXM258,MNXM337,MNXM404,MNXM46,MNXM5,MNXM602,MNXM730221,MNXM733314,MNXM736788,MNXM736874,MNXM741173,MNXM76,MNXM8	5-O-(1-carboxyvinyl)-3-phosphoshikimate;(E)-4-coumarate;glyceraldehyde 3-phosphate;3-(4-hydroxyphenyl)pyruvate;D-xylulose 5-phosphate;pyruvate;D-erythrose 4-phosphate;chorismate;4-methyl-2-oxopentanoate;oxaloacetate;NADP(+);shikimate;3-phenylpyruvate;D-sedoheptulose 7-phosphate;L-quinate;3-dehydroquinate;L-glutamate;L-tyrosine;NAD(+)	mechanical	+			LASER:Record1420838387.61:M1	0
LASER:Record1420838387.61:M1__P	gof	scored	add+del	W3110	iML1515	17		LASER doi:10.1186/1475-2859-12-62		aroL:reg+|trpD:del|tyrA:mut|tyrB:reg+|aroG:mut|aroD:reg+|aroB:reg+|aroC:reg+|ppsA:reg+|hpaB:reg+|aroA:reg+|ydiB:reg+|hpaC:reg+|tktA:reg+|tyrosine ammonia-lyase:add|acetyltransferase:add|4-coumarate-coa ligase:add	P	MNXM1365,MNXM1372044,MNXM186,MNXM258,MNXM5,MNXM733314,MNXM8	5-O-(1-carboxyvinyl)-3-phosphoshikimate;glyceraldehyde 3-phosphate;D-xylulose 5-phosphate;D-erythrose 4-phosphate;NADP(+);D-sedoheptulose 7-phosphate;NAD(+)	mechanical	+			LASER:Record1420838387.61:M1	0
LASER:Record1420838387.61:M1__N	gof	scored	add+del	W3110	iML1515	17		LASER doi:10.1186/1475-2859-12-62		aroL:reg+|trpD:del|tyrA:mut|tyrB:reg+|aroG:mut|aroD:reg+|aroB:reg+|aroC:reg+|ppsA:reg+|hpaB:reg+|aroA:reg+|ydiB:reg+|hpaC:reg+|tktA:reg+|tyrosine ammonia-lyase:add|acetyltransferase:add|4-coumarate-coa ligase:add	N	MNXM5,MNXM741173,MNXM76,MNXM8	NADP(+);L-glutamate;L-tyrosine;NAD(+)	mechanical	+			LASER:Record1420838387.61:M1	0
LASER:Record1420839191.1:M1__N	gof	scored	add	BW25113	iML1515	6		LASER doi:10.1186/1475-2859-13-21		aroL:del|aroK:del|tktA:reg+|aroG:mut|csrB:reg+|aroE:reg+|aroB:reg+|ppsA:reg+|nadK:reg+	N	MNXM5,MNXM8	NADP(+);NAD(+)	mechanical	+			LASER:Record1420839191.1:M1	0
LASER:Record1420839191.1:M1__C	gof	scored	add	BW25113	iML1515	6		LASER doi:10.1186/1475-2859-13-21		aroL:del|aroK:del|tktA:reg+|aroG:mut|csrB:reg+|aroE:reg+|aroB:reg+|ppsA:reg+|nadK:reg+	C	MNXM1372044,MNXM186,MNXM23,MNXM258,MNXM5,MNXM602,MNXM733314,MNXM736874,MNXM8	glyceraldehyde 3-phosphate;D-xylulose 5-phosphate;pyruvate;D-erythrose 4-phosphate;NADP(+);shikimate;D-sedoheptulose 7-phosphate;3-dehydroquinate;NAD(+)	mechanical	+			LASER:Record1420839191.1:M1	0
LASER:Record1420839191.1:M1__P	gof	scored	add	BW25113	iML1515	6		LASER doi:10.1186/1475-2859-13-21		aroL:del|aroK:del|tktA:reg+|aroG:mut|csrB:reg+|aroE:reg+|aroB:reg+|ppsA:reg+|nadK:reg+	P	MNXM1372044,MNXM186,MNXM258,MNXM5,MNXM733314,MNXM8	glyceraldehyde 3-phosphate;D-xylulose 5-phosphate;D-erythrose 4-phosphate;NADP(+);D-sedoheptulose 7-phosphate;NAD(+)	mechanical	+			LASER:Record1420839191.1:M1	0
LASER:Record1420839726.61:M1__C	gof	scored	add+del	MG1655	iML1515	7		LASER doi:10.1016/j.ymben.2009.11.002		ldhA:del|poxB:del|frdA:del|pykF:del|zwf:del|maeB:del|adhE:del|pta:del|crtE:add|crtI:add|crtB:add|Diapocarotenal synthase:add	C	MNXM1363833,MNXM1370262,MNXM728266,MNXM83	(2E,6E)-farnesyl diphosphate;15-cis-phytoene;(2E,6E,10E)-geranylgeranyl diphosphate;isopentenyl diphosphate	mechanical	+			LASER:Record1420839726.61:M1	0
LASER:Record1420839726.61:M1__P	gof	scored	add+del	MG1655	iML1515	7		LASER doi:10.1016/j.ymben.2009.11.002		ldhA:del|poxB:del|frdA:del|pykF:del|zwf:del|maeB:del|adhE:del|pta:del|crtE:add|crtI:add|crtB:add|Diapocarotenal synthase:add	P	MNXM1363833,MNXM728266,MNXM83	(2E,6E)-farnesyl diphosphate;(2E,6E,10E)-geranylgeranyl diphosphate;isopentenyl diphosphate	mechanical	+			LASER:Record1420839726.61:M1	0
LASER:Record1420839954.89:M1__C	gof	scored	del	ATCC8739	iML1515	0		LASER doi:10.1128/AEM.01758-09		ptsI:del|pflB:del|pck:mut	C	MNXM25	succinate	resolved	+			LASER:Record1420839954.89:M1	1
LASER:Record1421080561.57:M1__N	gof	scored	add+del	BL21(DE3)	iML1515	5		LASER doi:10.1002/bit.24919		ushA:del|zwf:del|galU:reg+|pgi:del|flavonone synthase:add|UDP-D-glucose:delphinidin 3-O-&beta;-D-glucosyltransferase:add|flavanone-3-hydroxylase:add|phosphoglucomutase:add	N	MNXM1364019	UDP-alpha-D-glucose	mechanical	+			LASER:Record1421080561.57:M1	1
LASER:Record1421080561.57:M1__C	gof	scored	add+del	BL21(DE3)	iML1515	5		LASER doi:10.1002/bit.24919		ushA:del|zwf:del|galU:reg+|pgi:del|flavonone synthase:add|UDP-D-glucose:delphinidin 3-O-&beta;-D-glucosyltransferase:add|flavanone-3-hydroxylase:add|phosphoglucomutase:add	C	MNXM1364019,MNXM1364212	UDP-alpha-D-glucose;D-glucopyranose 1-phosphate	mechanical	+			LASER:Record1421080561.57:M1	1
LASER:Record1421080561.57:M1__P	gof	scored	add+del	BL21(DE3)	iML1515	5		LASER doi:10.1002/bit.24919		ushA:del|zwf:del|galU:reg+|pgi:del|flavonone synthase:add|UDP-D-glucose:delphinidin 3-O-&beta;-D-glucosyltransferase:add|flavanone-3-hydroxylase:add|phosphoglucomutase:add	P	MNXM1364019,MNXM1364212	UDP-alpha-D-glucose;D-glucopyranose 1-phosphate	mechanical	+			LASER:Record1421080561.57:M1	1
LASER:Record1421120315.73:M1__N	gof	scored	add	BL21Star(DE3)	iML1515	2		LASER doi:10.1016/j.ymben.2011.06.005		aroH:mut|aroF:mut|tyrR:mut|aroG:mut|pheA:mut|malT:mut|trans-cinnamate decarboxylase:add|phenylalanine ammonia lyase:add	N	MNXM741664	L-phenylalanine	mechanical	+			LASER:Record1421120315.73:M1	1
LASER:Record1421120315.73:M1__C	gof	scored	add	BL21Star(DE3)	iML1515	2		LASER doi:10.1016/j.ymben.2011.06.005		aroH:mut|aroF:mut|tyrR:mut|aroG:mut|pheA:mut|malT:mut|trans-cinnamate decarboxylase:add|phenylalanine ammonia lyase:add	C	MNXM741664	L-phenylalanine	mechanical	+			LASER:Record1421120315.73:M1	1
LASER:Record1421121002.3:M1__N	gof	scored	add+del	DH1	iECDH10B	27		LASER doi:10.1016/j.ymben.2014.09.003		fadE:del|tesA:del|fadB:reg+|fadR:reg+|ackA:del|fadD:reg+|fadM:reg+|pta:del|acyl-CoA oxidase:add|poxB:del	N	MNXM1092836,MNXM1103315,MNXM1104681,MNXM1104711,MNXM1104721,MNXM1104724,MNXM1104726,MNXM1104783,MNXM1105912,MNXM1106007,MNXM1106160,MNXM1363936,MNXM1364251,MNXM1364270,MNXM2290,MNXM8	decanoyl-CoA;(3S)-hydroxyoctadecanoyl-CoA;(3S)-hydroxydecanoyl-CoA;(3S)-3-hydroxydodecanoyl-CoA;(3S)-hydroxyhexanoyl-CoA;(3S)-hydroxyoctanoyl-CoA;(3S)-hydroxytetradecanoyl-CoA;(2E)-octadecenoyl-CoA;(3S)-3-hydroxybutanoyl-CoA;(2E)-octenoyl-CoA;hexadecanoyl-CoA;(2E)-butenoyl-CoA;(9Z)-hexadecenoyl-CoA;(3S)-hydroxyhexadecanoyl-CoA;a tetradecenoyl-CoA (n-C14:1CoA);NAD(+)	mechanical	+			LASER:Record1421121002.3:M1	0
LASER:Record1421121002.3:M1__S	gof	scored	add+del	DH1	iECDH10B	27		LASER doi:10.1016/j.ymben.2014.09.003		fadE:del|tesA:del|fadB:reg+|fadR:reg+|ackA:del|fadD:reg+|fadM:reg+|pta:del|acyl-CoA oxidase:add|poxB:del	S	MNXM1092836,MNXM1103315,MNXM1104681,MNXM1104711,MNXM1104721,MNXM1104724,MNXM1104726,MNXM1104783,MNXM1105912,MNXM1106007,MNXM1106160,MNXM1363936,MNXM1364251,MNXM1364270,MNXM2290	decanoyl-CoA;(3S)-hydroxyoctadecanoyl-CoA;(3S)-hydroxydecanoyl-CoA;(3S)-3-hydroxydodecanoyl-CoA;(3S)-hydroxyhexanoyl-CoA;(3S)-hydroxyoctanoyl-CoA;(3S)-hydroxytetradecanoyl-CoA;(2E)-octadecenoyl-CoA;(3S)-3-hydroxybutanoyl-CoA;(2E)-octenoyl-CoA;hexadecanoyl-CoA;(2E)-butenoyl-CoA;(9Z)-hexadecenoyl-CoA;(3S)-hydroxyhexadecanoyl-CoA;a tetradecenoyl-CoA (n-C14:1CoA)	mechanical	+			LASER:Record1421121002.3:M1	0
LASER:Record1421121002.3:M1__C	gof	scored	add+del	DH1	iECDH10B	27		LASER doi:10.1016/j.ymben.2014.09.003		fadE:del|tesA:del|fadB:reg+|fadR:reg+|ackA:del|fadD:reg+|fadM:reg+|pta:del|acyl-CoA oxidase:add|poxB:del	C	MNXM1092836,MNXM1103315,MNXM1104681,MNXM1104711,MNXM1104721,MNXM1104724,MNXM1104726,MNXM1104783,MNXM1105912,MNXM1106007,MNXM1106160,MNXM1363936,MNXM1364251,MNXM1364270,MNXM1364393,MNXM1364443,MNXM1653,MNXM2290,MNXM236,MNXM314,MNXM402,MNXM750,MNXM8	decanoyl-CoA;(3S)-hydroxyoctadecanoyl-CoA;(3S)-hydroxydecanoyl-CoA;(3S)-3-hydroxydodecanoyl-CoA;(3S)-hydroxyhexanoyl-CoA;(3S)-hydroxyoctanoyl-CoA;(3S)-hydroxytetradecanoyl-CoA;(2E)-octadecenoyl-CoA;(3S)-3-hydroxybutanoyl-CoA;(2E)-octenoyl-CoA;hexadecanoyl-CoA;(2E)-butenoyl-CoA;(9Z)-hexadecenoyl-CoA;(3S)-hydroxyhexadecanoyl-CoA;(9Z)-octadecenoate;(9E)-tetradecenoic acid;hexanoate;a tetradecenoyl-CoA (n-C14:1CoA);octadecanoate;tetradecanoate;dodecanoate;octanoate;NAD(+)	mechanical	+			LASER:Record1421121002.3:M1	0
LASER:Record1421121002.3:M1__P	gof	scored	add+del	DH1	iECDH10B	27		LASER doi:10.1016/j.ymben.2014.09.003		fadE:del|tesA:del|fadB:reg+|fadR:reg+|ackA:del|fadD:reg+|fadM:reg+|pta:del|acyl-CoA oxidase:add|poxB:del	P	MNXM1092836,MNXM1103315,MNXM1104681,MNXM1104711,MNXM1104721,MNXM1104724,MNXM1104726,MNXM1104783,MNXM1105912,MNXM1106007,MNXM1106160,MNXM1363936,MNXM1364251,MNXM1364270,MNXM2290,MNXM8	decanoyl-CoA;(3S)-hydroxyoctadecanoyl-CoA;(3S)-hydroxydecanoyl-CoA;(3S)-3-hydroxydodecanoyl-CoA;(3S)-hydroxyhexanoyl-CoA;(3S)-hydroxyoctanoyl-CoA;(3S)-hydroxytetradecanoyl-CoA;(2E)-octadecenoyl-CoA;(3S)-3-hydroxybutanoyl-CoA;(2E)-octenoyl-CoA;hexadecanoyl-CoA;(2E)-butenoyl-CoA;(9Z)-hexadecenoyl-CoA;(3S)-hydroxyhexadecanoyl-CoA;a tetradecenoyl-CoA (n-C14:1CoA);NAD(+)	mechanical	+			LASER:Record1421121002.3:M1	0
LASER:Record1421121904.17:M1__C	gof	scored	add+del	BW25113	iML1515	8		LASER doi:10.1016/j.ymben.2013.01.008		kivD:add|cimA:del|ldhA:del|poxB:del|frdA:del|pta:del|ilvI:del|leuD:reg+|leuB:reg+|leuC:reg+|ilvB:del|leuA:del|adhE:del|yqhD:reg+|gltA:del	C	MNXM2861,MNXM404,MNXM5,MNXM6396,MNXM730929,MNXM741109,MNXM75,MNXM8,MNXM821	propane-1,3-diol;4-methyl-2-oxopentanoate;NADP(+);1-propanol;(2S)-2-isopropylmalate;(2R,3S)-3-isopropylmalate;acetaldehyde;NAD(+);propanal	mechanical,resolved	+			LASER:Record1421121904.17:M1	0
LASER:Record1421121904.17:M1__N	gof	scored	add+del	BW25113	iML1515	8		LASER doi:10.1016/j.ymben.2013.01.008		kivD:add|cimA:del|ldhA:del|poxB:del|frdA:del|pta:del|ilvI:del|leuD:reg+|leuB:reg+|leuC:reg+|ilvB:del|leuA:del|adhE:del|yqhD:reg+|gltA:del	N	MNXM5,MNXM8	NADP(+);NAD(+)	mechanical	+			LASER:Record1421121904.17:M1	0
LASER:Record1421121904.17:M1__P	gof	scored	add+del	BW25113	iML1515	8		LASER doi:10.1016/j.ymben.2013.01.008		kivD:add|cimA:del|ldhA:del|poxB:del|frdA:del|pta:del|ilvI:del|leuD:reg+|leuB:reg+|leuC:reg+|ilvB:del|leuA:del|adhE:del|yqhD:reg+|gltA:del	P	MNXM5,MNXM8	NADP(+);NAD(+)	mechanical	+			LASER:Record1421121904.17:M1	0
LASER:Record1421124957.35:M1__N	gof	scored	add	K-12	iML1515	24		LASER doi:10.1016/j.ymben.2014.05.004		atoC:mut|fadB:reg+|fadR:mut|ptsG:del|yqeF:reg+|phaC:add|phaJ:add|ter:add|phbA:add|phbB:add	N	MNXM1103315,MNXM1103616,MNXM1104266,MNXM1104300,MNXM1104681,MNXM1104711,MNXM1104721,MNXM1104724,MNXM1104726,MNXM1104783,MNXM1105912,MNXM1106007,MNXM1363936,MNXM1364140,MNXM1364155,MNXM1364251,MNXM1364270,MNXM2290,MNXM5,MNXM8	(3S)-hydroxyoctadecanoyl-CoA;hexanoyl-CoA;acetyl-CoA;butanoyl-CoA;(3S)-hydroxydecanoyl-CoA;(3S)-3-hydroxydodecanoyl-CoA;(3S)-hydroxyhexanoyl-CoA;(3S)-hydroxyoctanoyl-CoA;(3S)-hydroxytetradecanoyl-CoA;(2E)-octadecenoyl-CoA;(3S)-3-hydroxybutanoyl-CoA;(2E)-octenoyl-CoA;(2E)-butenoyl-CoA;(3R)-3-hydroxybutanoyl-CoA;(9Z)-octadecenoyl-CoA;(9Z)-hexadecenoyl-CoA;(3S)-hydroxyhexadecanoyl-CoA;a tetradecenoyl-CoA (n-C14:1CoA);NADP(+);NAD(+)	mechanical	+			LASER:Record1421124957.35:M1	0
LASER:Record1421124957.35:M1__S	gof	scored	add	K-12	iML1515	24		LASER doi:10.1016/j.ymben.2014.05.004		atoC:mut|fadB:reg+|fadR:mut|ptsG:del|yqeF:reg+|phaC:add|phaJ:add|ter:add|phbA:add|phbB:add	S	MNXM1103315,MNXM1103616,MNXM1104266,MNXM1104300,MNXM1104681,MNXM1104711,MNXM1104721,MNXM1104724,MNXM1104726,MNXM1104783,MNXM1105912,MNXM1106007,MNXM1363936,MNXM1364140,MNXM1364155,MNXM1364251,MNXM1364270,MNXM2290	(3S)-hydroxyoctadecanoyl-CoA;hexanoyl-CoA;acetyl-CoA;butanoyl-CoA;(3S)-hydroxydecanoyl-CoA;(3S)-3-hydroxydodecanoyl-CoA;(3S)-hydroxyhexanoyl-CoA;(3S)-hydroxyoctanoyl-CoA;(3S)-hydroxytetradecanoyl-CoA;(2E)-octadecenoyl-CoA;(3S)-3-hydroxybutanoyl-CoA;(2E)-octenoyl-CoA;(2E)-butenoyl-CoA;(3R)-3-hydroxybutanoyl-CoA;(9Z)-octadecenoyl-CoA;(9Z)-hexadecenoyl-CoA;(3S)-hydroxyhexadecanoyl-CoA;a tetradecenoyl-CoA (n-C14:1CoA)	mechanical	+			LASER:Record1421124957.35:M1	0
LASER:Record1421124957.35:M1__C	gof	scored	add	K-12	iML1515	24		LASER doi:10.1016/j.ymben.2014.05.004		atoC:mut|fadB:reg+|fadR:mut|ptsG:del|yqeF:reg+|phaC:add|phaJ:add|ter:add|phbA:add|phbB:add	C	MNXM1103315,MNXM1103616,MNXM1104266,MNXM1104300,MNXM1104681,MNXM1104711,MNXM1104721,MNXM1104724,MNXM1104726,MNXM1104783,MNXM1105912,MNXM1106007,MNXM1363936,MNXM1364140,MNXM1364155,MNXM1364251,MNXM1364270,MNXM2290,MNXM5,MNXM8	(3S)-hydroxyoctadecanoyl-CoA;hexanoyl-CoA;acetyl-CoA;butanoyl-CoA;(3S)-hydroxydecanoyl-CoA;(3S)-3-hydroxydodecanoyl-CoA;(3S)-hydroxyhexanoyl-CoA;(3S)-hydroxyoctanoyl-CoA;(3S)-hydroxytetradecanoyl-CoA;(2E)-octadecenoyl-CoA;(3S)-3-hydroxybutanoyl-CoA;(2E)-octenoyl-CoA;(2E)-butenoyl-CoA;(3R)-3-hydroxybutanoyl-CoA;(9Z)-octadecenoyl-CoA;(9Z)-hexadecenoyl-CoA;(3S)-hydroxyhexadecanoyl-CoA;a tetradecenoyl-CoA (n-C14:1CoA);NADP(+);NAD(+)	mechanical	+			LASER:Record1421124957.35:M1	0
LASER:Record1421124957.35:M1__P	gof	scored	add	K-12	iML1515	24		LASER doi:10.1016/j.ymben.2014.05.004		atoC:mut|fadB:reg+|fadR:mut|ptsG:del|yqeF:reg+|phaC:add|phaJ:add|ter:add|phbA:add|phbB:add	P	MNXM1103315,MNXM1103616,MNXM1104266,MNXM1104300,MNXM1104681,MNXM1104711,MNXM1104721,MNXM1104724,MNXM1104726,MNXM1104783,MNXM1105912,MNXM1106007,MNXM1363936,MNXM1364140,MNXM1364155,MNXM1364251,MNXM1364270,MNXM2290,MNXM5,MNXM8	(3S)-hydroxyoctadecanoyl-CoA;hexanoyl-CoA;acetyl-CoA;butanoyl-CoA;(3S)-hydroxydecanoyl-CoA;(3S)-3-hydroxydodecanoyl-CoA;(3S)-hydroxyhexanoyl-CoA;(3S)-hydroxyoctanoyl-CoA;(3S)-hydroxytetradecanoyl-CoA;(2E)-octadecenoyl-CoA;(3S)-3-hydroxybutanoyl-CoA;(2E)-octenoyl-CoA;(2E)-butenoyl-CoA;(3R)-3-hydroxybutanoyl-CoA;(9Z)-octadecenoyl-CoA;(9Z)-hexadecenoyl-CoA;(3S)-hydroxyhexadecanoyl-CoA;a tetradecenoyl-CoA (n-C14:1CoA);NADP(+);NAD(+)	mechanical	+			LASER:Record1421124957.35:M1	0
LASER:Record1421179017.79:M1__C	gof	scored	add+del	MG1655	iML1515	11		LASER doi:10.1002/bit.25297		aroL:reg+|araD:del|trpE:mut|araB:del|aroF:reg+|araA:del|sdaA:del|aroB:reg+|trpL:del|serA:reg+|trpR:del|tktA:reg+|tnaA:del|vioE:add|vioA:add|vioB:add|vioC:add	C	MNXM1368744,MNXM1372044,MNXM162231,MNXM186,MNXM258,MNXM602,MNXM727604,MNXM73,MNXM733231,MNXM733314,MNXM736874,MNXM8,MNXM97338	2-oxoglutarate;glyceraldehyde 3-phosphate;NAD(P)H;D-xylulose 5-phosphate;D-erythrose 4-phosphate;shikimate;(2R)-3-phosphoglycerate;phosphoenolpyruvate;(S)-2-hydroxyglutarate;D-sedoheptulose 7-phosphate;3-dehydroquinate;NAD(+);protoviolaceinate	mechanical	+			LASER:Record1421179017.79:M1	0
LASER:Record1421179017.79:M1__P	gof	scored	add+del	MG1655	iML1515	11		LASER doi:10.1002/bit.25297		aroL:reg+|araD:del|trpE:mut|araB:del|aroF:reg+|araA:del|sdaA:del|aroB:reg+|trpL:del|serA:reg+|trpR:del|tktA:reg+|tnaA:del|vioE:add|vioA:add|vioB:add|vioC:add	P	MNXM1372044,MNXM162231,MNXM186,MNXM258,MNXM727604,MNXM73,MNXM733314,MNXM8	glyceraldehyde 3-phosphate;NAD(P)H;D-xylulose 5-phosphate;D-erythrose 4-phosphate;(2R)-3-phosphoglycerate;phosphoenolpyruvate;D-sedoheptulose 7-phosphate;NAD(+)	mechanical	+			LASER:Record1421179017.79:M1	0
LASER:Record1421179017.79:M1__N	gof	scored	add+del	MG1655	iML1515	11		LASER doi:10.1002/bit.25297		aroL:reg+|araD:del|trpE:mut|araB:del|aroF:reg+|araA:del|sdaA:del|aroB:reg+|trpL:del|serA:reg+|trpR:del|tktA:reg+|tnaA:del|vioE:add|vioA:add|vioB:add|vioC:add	N	MNXM162231,MNXM8,MNXM97338	NAD(P)H;NAD(+);protoviolaceinate	mechanical	+			LASER:Record1421179017.79:M1	0
LASER:Record1421180213.04:M1__C	gof	scored	add+del	MG1655	iML1515	8		LASER doi:10.1016/j.ymben.2013.08.004		aroL:reg+|trpE:mut|trpR:del|tktA:reg+|aroF:reg+|tnaA:del|sdaA:del|trpL:del|aroB:reg+|xylA:del|serA:mut|vioE:add|vioA:add|vioB:add|vioC:add|xylB:del	C	MNXM1372044,MNXM162231,MNXM186,MNXM258,MNXM602,MNXM73,MNXM733314,MNXM736874,MNXM97338	glyceraldehyde 3-phosphate;NAD(P)H;D-xylulose 5-phosphate;D-erythrose 4-phosphate;shikimate;phosphoenolpyruvate;D-sedoheptulose 7-phosphate;3-dehydroquinate;protoviolaceinate	mechanical	+			LASER:Record1421180213.04:M1	0
LASER:Record1421180213.04:M1__P	gof	scored	add+del	MG1655	iML1515	8		LASER doi:10.1016/j.ymben.2013.08.004		aroL:reg+|trpE:mut|trpR:del|tktA:reg+|aroF:reg+|tnaA:del|sdaA:del|trpL:del|aroB:reg+|xylA:del|serA:mut|vioE:add|vioA:add|vioB:add|vioC:add|xylB:del	P	MNXM1372044,MNXM162231,MNXM186,MNXM258,MNXM73,MNXM733314	glyceraldehyde 3-phosphate;NAD(P)H;D-xylulose 5-phosphate;D-erythrose 4-phosphate;phosphoenolpyruvate;D-sedoheptulose 7-phosphate	mechanical	+			LASER:Record1421180213.04:M1	0
LASER:Record1421180213.04:M1__N	gof	scored	add+del	MG1655	iML1515	8		LASER doi:10.1016/j.ymben.2013.08.004		aroL:reg+|trpE:mut|trpR:del|tktA:reg+|aroF:reg+|tnaA:del|sdaA:del|trpL:del|aroB:reg+|xylA:del|serA:mut|vioE:add|vioA:add|vioB:add|vioC:add|xylB:del	N	MNXM162231,MNXM97338	NAD(P)H;protoviolaceinate	mechanical	+			LASER:Record1421180213.04:M1	0
LASER:Record1421180213.04:M2__C	gof	scored	add+del	MG1655	iML1515	12		LASER doi:10.1016/j.ymben.2013.08.004		aroL:reg+|trpE:mut|trpR:del|tktA:reg+|aroF:reg+|tnaA:del|sdaA:del|trpL:del|aroB:reg+|xylA:del|serA:reg+|vioD:add|vioE:add|vioA:add|vioB:add|vioC:add|xylB:del	C	MNXM1368744,MNXM1372044,MNXM162231,MNXM186,MNXM258,MNXM602,MNXM727604,MNXM73,MNXM733231,MNXM733314,MNXM736874,MNXM8,MNXM97268,MNXM97338	2-oxoglutarate;glyceraldehyde 3-phosphate;NAD(P)H;D-xylulose 5-phosphate;D-erythrose 4-phosphate;shikimate;(2R)-3-phosphoglycerate;phosphoenolpyruvate;(S)-2-hydroxyglutarate;D-sedoheptulose 7-phosphate;3-dehydroquinate;NAD(+);protodeoxyviolaceinate;protoviolaceinate	mechanical	+			LASER:Record1421180213.04:M2	0
LASER:Record1421180213.04:M2__P	gof	scored	add+del	MG1655	iML1515	12		LASER doi:10.1016/j.ymben.2013.08.004		aroL:reg+|trpE:mut|trpR:del|tktA:reg+|aroF:reg+|tnaA:del|sdaA:del|trpL:del|aroB:reg+|xylA:del|serA:reg+|vioD:add|vioE:add|vioA:add|vioB:add|vioC:add|xylB:del	P	MNXM1372044,MNXM162231,MNXM186,MNXM258,MNXM727604,MNXM73,MNXM733314,MNXM8	glyceraldehyde 3-phosphate;NAD(P)H;D-xylulose 5-phosphate;D-erythrose 4-phosphate;(2R)-3-phosphoglycerate;phosphoenolpyruvate;D-sedoheptulose 7-phosphate;NAD(+)	mechanical	+			LASER:Record1421180213.04:M2	0
LASER:Record1421180213.04:M2__N	gof	scored	add+del	MG1655	iML1515	12		LASER doi:10.1016/j.ymben.2013.08.004		aroL:reg+|trpE:mut|trpR:del|tktA:reg+|aroF:reg+|tnaA:del|sdaA:del|trpL:del|aroB:reg+|xylA:del|serA:reg+|vioD:add|vioE:add|vioA:add|vioB:add|vioC:add|xylB:del	N	MNXM162231,MNXM8,MNXM97268,MNXM97338	NAD(P)H;NAD(+);protodeoxyviolaceinate;protoviolaceinate	mechanical	+			LASER:Record1421180213.04:M2	0
LASER:Record1421180812.45:M1__C	gof	scored	add	BW25113	iML1515	18		LASER doi:10.1007/s00253-009-2401-1		leuA:mut|leuB:reg+|ilvD:reg+|leuC:reg+|ilvC:reg+|leuD:reg+|ADH2:add|kivD:add|acetolactate synthase:add	C	MNXM1108092,MNXM1363844,MNXM1670,MNXM1686,MNXM23,MNXM2476,MNXM404,MNXM4964,MNXM5,MNXM5188,MNXM5476,MNXM593,MNXM726902,MNXM730929,MNXM734,MNXM741109,MNXM8	ethanol;3-methyl-2-oxopentanoate;3-methylbutanol;indole-3-ethanol;pyruvate;2-phenylethanol;4-methyl-2-oxopentanoate;4-tyrosol;NADP(+);isobutanol;2-methylbutan-1-ol;(R)-pantoate;(S)-2-ethyl-2-hydroxy-3-oxobutanoate;(2S)-2-isopropylmalate;(2R)-2,3-dihydroxy-3-methylbutanoate;(2R,3S)-3-isopropylmalate;NAD(+)	mechanical	+			LASER:Record1421180812.45:M1	0
LASER:Record1421180812.45:M1__N	gof	scored	add	BW25113	iML1515	18		LASER doi:10.1007/s00253-009-2401-1		leuA:mut|leuB:reg+|ilvD:reg+|leuC:reg+|ilvC:reg+|leuD:reg+|ADH2:add|kivD:add|acetolactate synthase:add	N	MNXM1686,MNXM5,MNXM8	indole-3-ethanol;NADP(+);NAD(+)	mechanical	+			LASER:Record1421180812.45:M1	0
LASER:Record1421180812.45:M1__P	gof	scored	add	BW25113	iML1515	18		LASER doi:10.1007/s00253-009-2401-1		leuA:mut|leuB:reg+|ilvD:reg+|leuC:reg+|ilvC:reg+|leuD:reg+|ADH2:add|kivD:add|acetolactate synthase:add	P	MNXM5,MNXM8	NADP(+);NAD(+)	mechanical	+			LASER:Record1421180812.45:M1	0
LASER:Record1421181248.73:M1__N	gof	scored	add+del	BW25141	iML1515	1		LASER doi:10.1007/s00253-014-6093-9		ldhA:del|pykF:del|scpA:reg+	N	MNXM1107904	(S)-methylmalonyl-CoA	mechanical	+			LASER:Record1421181248.73:M1	0
LASER:Record1421181248.73:M1__S	gof	scored	add+del	BW25141	iML1515	1		LASER doi:10.1007/s00253-014-6093-9		ldhA:del|pykF:del|scpA:reg+	S	MNXM1107904	(S)-methylmalonyl-CoA	mechanical	+			LASER:Record1421181248.73:M1	0
LASER:Record1421181248.73:M1__C	gof	scored	add+del	BW25141	iML1515	1		LASER doi:10.1007/s00253-014-6093-9		ldhA:del|pykF:del|scpA:reg+	C	MNXM1107904,MNXM1108092	(S)-methylmalonyl-CoA;ethanol	mechanical,resolved	+			LASER:Record1421181248.73:M1	0
LASER:Record1421181248.73:M1__P	gof	scored	add+del	BW25141	iML1515	1		LASER doi:10.1007/s00253-014-6093-9		ldhA:del|pykF:del|scpA:reg+	P	MNXM1107904	(S)-methylmalonyl-CoA	mechanical	+			LASER:Record1421181248.73:M1	0
LASER:Record1421181248.73:M2__N	gof	scored	add+del	BW25141	iML1515	1		LASER doi:10.1007/s00253-014-6093-9		ldhA:del|pykF:del|scpA:reg+	N	MNXM1107904	(S)-methylmalonyl-CoA	mechanical	+			LASER:Record1421181248.73:M2	0
LASER:Record1421181248.73:M2__S	gof	scored	add+del	BW25141	iML1515	1		LASER doi:10.1007/s00253-014-6093-9		ldhA:del|pykF:del|scpA:reg+	S	MNXM1107904	(S)-methylmalonyl-CoA	mechanical	+			LASER:Record1421181248.73:M2	0
LASER:Record1421181248.73:M2__C	gof	scored	add+del	BW25141	iML1515	1		LASER doi:10.1007/s00253-014-6093-9		ldhA:del|pykF:del|scpA:reg+	C	MNXM1107904,MNXM6396	(S)-methylmalonyl-CoA;1-propanol	mechanical,resolved	+			LASER:Record1421181248.73:M2	0
LASER:Record1421181248.73:M2__P	gof	scored	add+del	BW25141	iML1515	1		LASER doi:10.1007/s00253-014-6093-9		ldhA:del|pykF:del|scpA:reg+	P	MNXM1107904	(S)-methylmalonyl-CoA	mechanical	+			LASER:Record1421181248.73:M2	0
LASER:Record1421181891.77:M1__N	gof	scored	add+del	W3110	iML1515	4		LASER doi:10.1007/s00253-012-4618-7		aldA:del|yqhD:reg+|xylA:del|xylose dehydrogenase:add	N	MNXM162231,MNXM5	NAD(P)H;NADP(+)	mechanical	+			LASER:Record1421181891.77:M1	0
LASER:Record1421181891.77:M1__C	gof	scored	add+del	W3110	iML1515	4		LASER doi:10.1007/s00253-012-4618-7		aldA:del|yqhD:reg+|xylA:del|xylose dehydrogenase:add	C	MNXM1107139,MNXM162231,MNXM1737,MNXM2861,MNXM5,MNXM75,MNXM821	an alditol;NAD(P)H;D-xylono-1,5-lactone;propane-1,3-diol;NADP(+);acetaldehyde;propanal	mechanical,resolved	+			LASER:Record1421181891.77:M1	0
LASER:Record1421181891.77:M1__P	gof	scored	add+del	W3110	iML1515	4		LASER doi:10.1007/s00253-012-4618-7		aldA:del|yqhD:reg+|xylA:del|xylose dehydrogenase:add	P	MNXM162231,MNXM5	NAD(P)H;NADP(+)	mechanical	+			LASER:Record1421181891.77:M1	0
LASER:Record1421182118.03:M1__C	gof	scored	add	MG1655	iML1515	21		LASER doi:10.1038/msb4100201		ptsI:reg+|mlc:del	C	MNXM1105684,MNXM1105998,MNXM1106000,MNXM1364098,MNXM1364108,MNXM1364111,MNXM1364174,MNXM23,MNXM2806,MNXM448,MNXM460,MNXM725918,MNXM726888,MNXM73,MNXM730537,MNXM731248,MNXM732757,MNXM733261,MNXM734566,MNXM736685,MNXM90126	beta-D-glucosamine;N-acetyl-D-mannosamine 6-phosphate;D-maltose;beta-D-fructose;alpha-D-mannose 6-phosphate;D-glucose 6-phosphate;N-acetyl-beta-D-glucosamine 6-phosphate;pyruvate;arbutin 6-phosphate;alpha,alpha-trehalose 6-phosphate;dihydroxyacetone;sucrose 6(F)-phosphate;D-cellobiose;phosphoenolpyruvate;2-deoxy-D-glucose 6-phosphate;galactitol 1-phosphate;(+)-N-Acetylmuramic acid;L-ascorbate-6-phosphate;2(alpha-D-Mannosyl-6-phosphate)-D-glycerate;D-sorbitol;D-mannitol 1-phosphate	mechanical	+			LASER:Record1421182118.03:M1	0
LASER:Record1421182118.03:M1__P	gof	scored	add	MG1655	iML1515	21		LASER doi:10.1038/msb4100201		ptsI:reg+|mlc:del	P	MNXM1105998,MNXM1364108,MNXM1364111,MNXM1364174,MNXM2806,MNXM448,MNXM725918,MNXM73,MNXM730537,MNXM731248,MNXM733261,MNXM734566,MNXM90126	N-acetyl-D-mannosamine 6-phosphate;alpha-D-mannose 6-phosphate;D-glucose 6-phosphate;N-acetyl-beta-D-glucosamine 6-phosphate;arbutin 6-phosphate;alpha,alpha-trehalose 6-phosphate;sucrose 6(F)-phosphate;phosphoenolpyruvate;2-deoxy-D-glucose 6-phosphate;galactitol 1-phosphate;L-ascorbate-6-phosphate;2(alpha-D-Mannosyl-6-phosphate)-D-glycerate;D-mannitol 1-phosphate	mechanical	+			LASER:Record1421182118.03:M1	0
LASER:Record1421182118.03:M1__N	gof	scored	add	MG1655	iML1515	21		LASER doi:10.1038/msb4100201		ptsI:reg+|mlc:del	N	MNXM1105684,MNXM1105998,MNXM1364174,MNXM732757	beta-D-glucosamine;N-acetyl-D-mannosamine 6-phosphate;N-acetyl-beta-D-glucosamine 6-phosphate;(+)-N-Acetylmuramic acid	mechanical	+			LASER:Record1421182118.03:M1	0
LASER:Record1421184041.08:M1__C	gof	scored	add+del	BL21(DE3)	iML1515	1		LASER doi:10.1007/s10295-013-1342-y		sucB:reg+|sucA:reg+|sdhD:del|icd:mut|ppc:del|sdhC:del|sdhB:del|sdhA:del	C	MNXM1368744,MNXM25,MNXM8	2-oxoglutarate;succinate;NAD(+)	mechanical,resolved	+			LASER:Record1421184041.08:M1	1
LASER:Record1421184041.08:M1__N	gof	scored	add+del	BL21(DE3)	iML1515	1		LASER doi:10.1007/s10295-013-1342-y		sucB:reg+|sucA:reg+|sdhD:del|icd:mut|ppc:del|sdhC:del|sdhB:del|sdhA:del	N	MNXM8	NAD(+)	mechanical	+			LASER:Record1421184041.08:M1	1
LASER:Record1421184041.08:M1__P	gof	scored	add+del	BL21(DE3)	iML1515	1		LASER doi:10.1007/s10295-013-1342-y		sucB:reg+|sucA:reg+|sdhD:del|icd:mut|ppc:del|sdhC:del|sdhB:del|sdhA:del	P	MNXM8	NAD(+)	mechanical	+			LASER:Record1421184041.08:M1	1
LASER:Record1421184694.45:M1__C	gof	scored	add	NST74	iML1515	2		LASER doi:10.1007/s002840010255		aroH:mut|csrA:del|aroF:mut|tyrR:mut|aroG:mut|pheA:mut|tktA:reg+	C	MNXM1372044,MNXM186,MNXM258,MNXM733314,MNXM741664	glyceraldehyde 3-phosphate;D-xylulose 5-phosphate;D-erythrose 4-phosphate;D-sedoheptulose 7-phosphate;L-phenylalanine	mechanical,resolved	+			LASER:Record1421184694.45:M1	0
LASER:Record1421184694.45:M1__P	gof	scored	add	NST74	iML1515	2		LASER doi:10.1007/s002840010255		aroH:mut|csrA:del|aroF:mut|tyrR:mut|aroG:mut|pheA:mut|tktA:reg+	P	MNXM1372044,MNXM186,MNXM258,MNXM733314	glyceraldehyde 3-phosphate;D-xylulose 5-phosphate;D-erythrose 4-phosphate;D-sedoheptulose 7-phosphate	mechanical	+			LASER:Record1421184694.45:M1	0
LASER:Record1421184694.45:M1__N	gof	scored	add	NST74	iML1515	2		LASER doi:10.1007/s002840010255		aroH:mut|csrA:del|aroF:mut|tyrR:mut|aroG:mut|pheA:mut|tktA:reg+	N	MNXM741664	L-phenylalanine	resolved	+			LASER:Record1421184694.45:M1	0
LASER:Record1421185161.49:M1__N	gof	scored	add+del	DHB4	iML1515	2		LASER doi:10.1073/pnas.96.24.13703		dsbC:reg+|trxB:del|gor:del	N	MNXM490899	glutathione	mechanical	+			LASER:Record1421185161.49:M1	0
LASER:Record1421185161.49:M1__S	gof	scored	add+del	DHB4	iML1515	2		LASER doi:10.1073/pnas.96.24.13703		dsbC:reg+|trxB:del|gor:del	S	MNXM490899	glutathione	mechanical	+			LASER:Record1421185161.49:M1	0
LASER:Record1421185161.49:M1__C	gof	scored	add+del	DHB4	iML1515	2		LASER doi:10.1073/pnas.96.24.13703		dsbC:reg+|trxB:del|gor:del	C	MNXM490899	glutathione	mechanical	+			LASER:Record1421185161.49:M1	0
LASER:Record1421185161.49:M2__N	gof	scored	add+del	DHB4	iML1515	9		LASER doi:10.1073/pnas.96.24.13703		trxA:reg+|trxB:del|gor:del	N	MNXM1104555,MNXM411,MNXM436,MNXM572,MNXM729076,MNXM735047,MNXM738804,MNXM741334	3'-phosphoadenylyl sulfate;dCDP;dGDP;dUDP;thioredoxin disulfide;dADP;L-methionine;Thioredoxin	mechanical	+			LASER:Record1421185161.49:M2	0
LASER:Record1421185161.49:M2__S	gof	scored	add+del	DHB4	iML1515	9		LASER doi:10.1073/pnas.96.24.13703		trxA:reg+|trxB:del|gor:del	S	MNXM1104555,MNXM729076,MNXM738804,MNXM741334	3'-phosphoadenylyl sulfate;thioredoxin disulfide;L-methionine;Thioredoxin	mechanical	+			LASER:Record1421185161.49:M2	0
LASER:Record1421185161.49:M2__C	gof	scored	add+del	DHB4	iML1515	9		LASER doi:10.1073/pnas.96.24.13703		trxA:reg+|trxB:del|gor:del	C	MNXM1104555,MNXM411,MNXM436,MNXM572,MNXM729076,MNXM735047,MNXM738804,MNXM741334	3'-phosphoadenylyl sulfate;dCDP;dGDP;dUDP;thioredoxin disulfide;dADP;L-methionine;Thioredoxin	mechanical	+			LASER:Record1421185161.49:M2	0
LASER:Record1421185161.49:M2__P	gof	scored	add+del	DHB4	iML1515	9		LASER doi:10.1073/pnas.96.24.13703		trxA:reg+|trxB:del|gor:del	P	MNXM1104555,MNXM411,MNXM436,MNXM572,MNXM735047	3'-phosphoadenylyl sulfate;dCDP;dGDP;dUDP;dADP	mechanical	+			LASER:Record1421185161.49:M2	0
LASER:Record1421185694.69:M1__N	gof	scored	add	BL21Star(DE3)	iML1515	8		LASER doi:10.1128/AEM.00200-07		acs:reg+|accC:add|accD:add|accA:add|accB:add|chalcone synthase:add|chalcone isomerase:add|4-coumarate-coa ligase:add	N	MNXM1106093,MNXM1364266,MNXM744101,MNXM744102	malonyl-CoA;propanoyl-CoA;a [biotin carboxyl-carrier-protein dimer]-N6-biotinyl-L-lysine;a [carboxyl-carrier protein dimer]-N6-carboxybiotinyl-L-lysine	mechanical	+			LASER:Record1421185694.69:M1	1
LASER:Record1421185694.69:M1__S	gof	scored	add	BL21Star(DE3)	iML1515	8		LASER doi:10.1128/AEM.00200-07		acs:reg+|accC:add|accD:add|accA:add|accB:add|chalcone synthase:add|chalcone isomerase:add|4-coumarate-coa ligase:add	S	MNXM1106093,MNXM1364266,MNXM744101,MNXM744102	malonyl-CoA;propanoyl-CoA;a [biotin carboxyl-carrier-protein dimer]-N6-biotinyl-L-lysine;a [carboxyl-carrier protein dimer]-N6-carboxybiotinyl-L-lysine	mechanical	+			LASER:Record1421185694.69:M1	1
LASER:Record1421185694.69:M1__C	gof	scored	add	BL21Star(DE3)	iML1515	8		LASER doi:10.1128/AEM.00200-07		acs:reg+|accC:add|accD:add|accA:add|accB:add|chalcone synthase:add|chalcone isomerase:add|4-coumarate-coa ligase:add	C	MNXM1106093,MNXM1364266,MNXM1370019,MNXM26,MNXM5901,MNXM738152,MNXM744101,MNXM744102	malonyl-CoA;propanoyl-CoA;(E)-4-coumarate;acetate;pinocembrin chalcone;(2S)-naringenin;a [biotin carboxyl-carrier-protein dimer]-N6-biotinyl-L-lysine;a [carboxyl-carrier protein dimer]-N6-carboxybiotinyl-L-lysine	mechanical	+			LASER:Record1421185694.69:M1	1
LASER:Record1421185694.69:M1__P	gof	scored	add	BL21Star(DE3)	iML1515	8		LASER doi:10.1128/AEM.00200-07		acs:reg+|accC:add|accD:add|accA:add|accB:add|chalcone synthase:add|chalcone isomerase:add|4-coumarate-coa ligase:add	P	MNXM1106093,MNXM1364266	malonyl-CoA;propanoyl-CoA	mechanical	+			LASER:Record1421185694.69:M1	1
LASER:Record1421186443.95:M1__C	gof	scored	add+del	BW25113(DE3)	iML1515	2		LASER doi:10.1007/s00253-012-4544-8		tyrA:mut|tyrR:del|rpoA:mut|aroG:mut|hisH:mut|pheA:del|tyrosine ammonia-lyase:add|4-hydroxyphenylacetate 3-monooxygenase:add	C	MNXM1370996,MNXM645,MNXM76	caffeic acid;3,4-dihydroxyphenylacetate;L-tyrosine	mechanical,resolved	+			LASER:Record1421186443.95:M1	0
LASER:Record1421186443.95:M1__N	gof	scored	add+del	BW25113(DE3)	iML1515	2		LASER doi:10.1007/s00253-012-4544-8		tyrA:mut|tyrR:del|rpoA:mut|aroG:mut|hisH:mut|pheA:del|tyrosine ammonia-lyase:add|4-hydroxyphenylacetate 3-monooxygenase:add	N	MNXM76	L-tyrosine	mechanical	+			LASER:Record1421186443.95:M1	0
LASER:Record1421187298.98:M1__C	gof	scored	del	W3110	iML1515	0		LASER doi:10.1073/pnas.0308171100		frdB:del|frdC:del|ldhA:del|poxB:del|sucA:del|ackA:del|atpF:del|atpH:del|focA:del|pflB:del|adhE:del	C	MNXM23	pyruvate	resolved	+			LASER:Record1421187298.98:M1	0
LASER:Record1421187600.83:M1__C	gof	scored	add	BL21(DE3)	iML1515	1		LASER doi:10.1128/AEM.69.10.5772/5781.2003		cysK:reg+	C	MNXM26,MNXM738068	acetate;L-cysteine	mechanical	+			LASER:Record1421187600.83:M1	1
LASER:Record1421187600.83:M1__N	gof	scored	add	BL21(DE3)	iML1515	1		LASER doi:10.1128/AEM.69.10.5772/5781.2003		cysK:reg+	N	MNXM738068	L-cysteine	mechanical	+			LASER:Record1421187600.83:M1	1
LASER:Record1421187600.83:M1__S	gof	scored	add	BL21(DE3)	iML1515	1		LASER doi:10.1128/AEM.69.10.5772/5781.2003		cysK:reg+	S	MNXM738068	L-cysteine	mechanical	+			LASER:Record1421187600.83:M1	1
LASER:Record1421188447.64:M1__C	gof	scored	add	MG1655	iML1515	8		LASER doi:10.1016/j.jbiotec.2013.11.009		idi:reg+|ahr:del|geraniol synthase:add|mvaS:add|mevalonate kinase:add|phosphomevalonate kinase:add|mvaE:add|ispA:mut|mevalonate diphosphate decarboxylase:add	C	MNXM1104235,MNXM1104266,MNXM1105057,MNXM5,MNXM733934,MNXM738283,MNXM740315,MNXM83	(3S)-3-hydroxy-3-methylglutaryl-CoA;acetyl-CoA;(R)-mevalonate;NADP(+);(R)-5-diphosphomevalonate;(R)-5-phosphomevalonate;(2E)-geraniol;isopentenyl diphosphate	mechanical,resolved	+			LASER:Record1421188447.64:M1	0
LASER:Record1421188447.64:M1__P	gof	scored	add	MG1655	iML1515	8		LASER doi:10.1016/j.jbiotec.2013.11.009		idi:reg+|ahr:del|geraniol synthase:add|mvaS:add|mevalonate kinase:add|phosphomevalonate kinase:add|mvaE:add|ispA:mut|mevalonate diphosphate decarboxylase:add	P	MNXM1104235,MNXM1104266,MNXM5,MNXM733934,MNXM738283,MNXM83	(3S)-3-hydroxy-3-methylglutaryl-CoA;acetyl-CoA;NADP(+);(R)-5-diphosphomevalonate;(R)-5-phosphomevalonate;isopentenyl diphosphate	mechanical	+			LASER:Record1421188447.64:M1	0
LASER:Record1421188447.64:M1__N	gof	scored	add	MG1655	iML1515	8		LASER doi:10.1016/j.jbiotec.2013.11.009		idi:reg+|ahr:del|geraniol synthase:add|mvaS:add|mevalonate kinase:add|phosphomevalonate kinase:add|mvaE:add|ispA:mut|mevalonate diphosphate decarboxylase:add	N	MNXM1104235,MNXM1104266,MNXM5	(3S)-3-hydroxy-3-methylglutaryl-CoA;acetyl-CoA;NADP(+)	mechanical	+			LASER:Record1421188447.64:M1	0
LASER:Record1421188447.64:M1__S	gof	scored	add	MG1655	iML1515	8		LASER doi:10.1016/j.jbiotec.2013.11.009		idi:reg+|ahr:del|geraniol synthase:add|mvaS:add|mevalonate kinase:add|phosphomevalonate kinase:add|mvaE:add|ispA:mut|mevalonate diphosphate decarboxylase:add	S	MNXM1104235,MNXM1104266	(3S)-3-hydroxy-3-methylglutaryl-CoA;acetyl-CoA	mechanical	+			LASER:Record1421188447.64:M1	0
LASER:Record1421189364.58:M1__C	gof	scored	add	AB2847	iML1515	3		LASER doi:0099-2240/94/$04.00+0		tktA:reg+|ppsA:reg+|aroB:mut	C	MNXM1372044,MNXM186,MNXM23,MNXM258,MNXM733314	glyceraldehyde 3-phosphate;D-xylulose 5-phosphate;pyruvate;D-erythrose 4-phosphate;D-sedoheptulose 7-phosphate	mechanical	+			LASER:Record1421189364.58:M1	0
LASER:Record1421189364.58:M1__P	gof	scored	add	AB2847	iML1515	3		LASER doi:0099-2240/94/$04.00+0		tktA:reg+|ppsA:reg+|aroB:mut	P	MNXM1372044,MNXM186,MNXM258,MNXM733314	glyceraldehyde 3-phosphate;D-xylulose 5-phosphate;D-erythrose 4-phosphate;D-sedoheptulose 7-phosphate	mechanical	+			LASER:Record1421189364.58:M1	0
LASER:Record1421190742.29:M1__C	gof	scored	add+del	K-12	iML1515	1		LASER doi:10.1038/sj.jim.7000299		frdB:del|frdC:del|frdA:del|frdD:del|ptsG:del|yceG:mut|ldh:add	C	MNXM1371363,MNXM733758,MNXM8	(S)-lactate;lactate;NAD(+)	mechanical,resolved	+			LASER:Record1421190742.29:M1	0
LASER:Record1421190742.29:M1__N	gof	scored	add+del	K-12	iML1515	1		LASER doi:10.1038/sj.jim.7000299		frdB:del|frdC:del|frdA:del|frdD:del|ptsG:del|yceG:mut|ldh:add	N	MNXM8	NAD(+)	mechanical	+			LASER:Record1421190742.29:M1	0
LASER:Record1421190742.29:M1__P	gof	scored	add+del	K-12	iML1515	1		LASER doi:10.1038/sj.jim.7000299		frdB:del|frdC:del|frdA:del|frdD:del|ptsG:del|yceG:mut|ldh:add	P	MNXM8	NAD(+)	mechanical	+			LASER:Record1421190742.29:M1	0
LASER:Record1421340194.69:M1__C	gof	scored	add+del	BL21(DE3)	iML1515	5		LASER doi:10.1128/AEM.02411-14		fabB:reg-|fabF:reg-|tyrosine ammonia-lyase:add|Chalcone synthase:add|matB:add|6-carboxyhexanoate-CoA ligase:add|Chalcone isomerase:add|4-coumarate-coa ligase:add	C	MNXM1370019,MNXM5901,MNXM738152,MNXM76	(E)-4-coumarate;pinocembrin chalcone;(2S)-naringenin;L-tyrosine	mechanical	+			LASER:Record1421340194.69:M1	1
LASER:Record1421340194.69:M1__N	gof	scored	add+del	BL21(DE3)	iML1515	5		LASER doi:10.1128/AEM.02411-14		fabB:reg-|fabF:reg-|tyrosine ammonia-lyase:add|Chalcone synthase:add|matB:add|6-carboxyhexanoate-CoA ligase:add|Chalcone isomerase:add|4-coumarate-coa ligase:add	N	MNXM76	L-tyrosine	mechanical	+			LASER:Record1421340194.69:M1	1
LASER:Record1421340999.95:M1__C	gof	scored	del	MC4100	iML1515	0		LASER doi:10.1002/bit.20298		poxB:del|lysP:mut|icd:del|ackA:del|sdhB:del|sdhA:del|iclR:del|pta:del	C	MNXM25	succinate	resolved	+			LASER:Record1421340999.95:M1	0
LASER:Record1421341418.21:M1__C	gof	scored	add	W1485(DE3)	iML1515	1		LASER doi:10.1007/s00253-006-0535-y		ptsG:del|iclR:del|pyruvate carboxylase:add	C	MNXM25,MNXM46	succinate;oxaloacetate	mechanical,resolved	+			LASER:Record1421341418.21:M1	0
LASER:Record1421341942.82:M2__C	gof	scored	del	HB101	iML1515	0		LASER doi:0099-2240/99/$04.0010		ldhA:del|pta:del|ldh:add	C	MNXM1371362	(R)-lactate	resolved	+			LASER:Record1421341942.82:M2	1
LASER:Record1421342498.95:M1__N	gof	scored	add	MG-105	iML1515	1		LASER doi:10.1128/AEM.02578-12		thrA:mut|thrB:mut|thrC:reg+|ProteinBindingDomainPolymer:mut	N	MNXM142	L-threonine	mechanical	+			LASER:Record1421342498.95:M1	0
LASER:Record1421342498.95:M1__C	gof	scored	add	MG-105	iML1515	1		LASER doi:10.1128/AEM.02578-12		thrA:mut|thrB:mut|thrC:reg+|ProteinBindingDomainPolymer:mut	C	MNXM142	L-threonine	mechanical	+			LASER:Record1421342498.95:M1	0
LASER:Record1421346421.63:M1__C	gof	scored	add+del	AG1	iECDH10B	4		LASER doi:10.1021/bp020281		glpK:del|dhaK:add|dhaD:add|dhaT:add|dhaB:add	C	MNXM2861,MNXM8,MNXM89612	propane-1,3-diol;NAD(+);glycerol	mechanical,resolved	+			LASER:Record1421346421.63:M1	0
LASER:Record1421346421.63:M1__N	gof	scored	add+del	AG1	iECDH10B	4		LASER doi:10.1021/bp020281		glpK:del|dhaK:add|dhaD:add|dhaT:add|dhaB:add	N	MNXM8	NAD(+)	mechanical	+			LASER:Record1421346421.63:M1	0
LASER:Record1421346421.63:M1__P	gof	scored	add+del	AG1	iECDH10B	4		LASER doi:10.1021/bp020281		glpK:del|dhaK:add|dhaD:add|dhaT:add|dhaB:add	P	MNXM8	NAD(+)	mechanical	+			LASER:Record1421346421.63:M1	0
LASER:Record1421355174.03:M1__C	gof	scored	add	BW18302	iML1515	10		LASER doi:10.1038/75398		idi:reg+|ppsA:reg+|dxs:reg+|glnL:del|crtI:add|crtB:add|GGPPS:add	C	MNXM1363833,MNXM1370262,MNXM23,MNXM622,MNXM728266,MNXM83	(2E,6E)-farnesyl diphosphate;15-cis-phytoene;pyruvate;1-deoxy-D-xylulose 5-phosphate;(2E,6E,10E)-geranylgeranyl diphosphate;isopentenyl diphosphate	mechanical	+			LASER:Record1421355174.03:M1	0
LASER:Record1421355174.03:M1__P	gof	scored	add	BW18302	iML1515	10		LASER doi:10.1038/75398		idi:reg+|ppsA:reg+|dxs:reg+|glnL:del|crtI:add|crtB:add|GGPPS:add	P	MNXM1363833,MNXM622,MNXM728266,MNXM83	(2E,6E)-farnesyl diphosphate;1-deoxy-D-xylulose 5-phosphate;(2E,6E,10E)-geranylgeranyl diphosphate;isopentenyl diphosphate	mechanical	+			LASER:Record1421355174.03:M1	0
LASER:Record1421355950.68:M1__C	gof	scored	del	MG1655	iML1515	0		LASER doi:10.1002/bit.20542		pfkA:del|pta:del	C	MNXM1371362	(R)-lactate	resolved	+			LASER:Record1421355950.68:M1	0
LASER:Record1421355950.68:M2__C	gof	scored	del	MG1655	iML1515	0		LASER doi:10.1002/bit.20542		adhE:del|pta:del	C	MNXM1371362	(R)-lactate	resolved	+			LASER:Record1421355950.68:M2	0
LASER:Record1421355950.68:M3__C	gof	scored	del	MG1655	iML1515	0		LASER doi:10.1002/bit.20542		pfkA:del|glk:del|adhE:del|pta:del	C	MNXM1371362	(R)-lactate	resolved	+			LASER:Record1421355950.68:M3	0
LASER:Record1421357675.33:M1__C	gof	scored	add+del	JM101	iML1515	2		LASER doi:10.1002/bit.20159		tktA:reg+|ptsG:del|aroG:mut|pheA:del	C	MNXM1372044,MNXM186,MNXM258,MNXM733314,MNXM741664	glyceraldehyde 3-phosphate;D-xylulose 5-phosphate;D-erythrose 4-phosphate;D-sedoheptulose 7-phosphate;L-phenylalanine	mechanical,resolved	+			LASER:Record1421357675.33:M1	0
LASER:Record1421357675.33:M1__P	gof	scored	add+del	JM101	iML1515	2		LASER doi:10.1002/bit.20159		tktA:reg+|ptsG:del|aroG:mut|pheA:del	P	MNXM1372044,MNXM186,MNXM258,MNXM733314	glyceraldehyde 3-phosphate;D-xylulose 5-phosphate;D-erythrose 4-phosphate;D-sedoheptulose 7-phosphate	mechanical	+			LASER:Record1421357675.33:M1	0
LASER:Record1421357675.33:M1__N	gof	scored	add+del	JM101	iML1515	2		LASER doi:10.1002/bit.20159		tktA:reg+|ptsG:del|aroG:mut|pheA:del	N	MNXM741664	L-phenylalanine	resolved	+			LASER:Record1421357675.33:M1	0
LASER:Record1421357675.33:M2__C	gof	scored	add+del	JM101	iML1515	3		LASER doi:10.1002/bit.20159		tktA:reg+|ptsG:del|aroG:reg+|pheA:mut|crr:del|ptsH:del|ptsI:del	C	MNXM1372044,MNXM186,MNXM258,MNXM73,MNXM733314,MNXM741664	glyceraldehyde 3-phosphate;D-xylulose 5-phosphate;D-erythrose 4-phosphate;phosphoenolpyruvate;D-sedoheptulose 7-phosphate;L-phenylalanine	mechanical,resolved	+			LASER:Record1421357675.33:M2	0
LASER:Record1421357675.33:M2__P	gof	scored	add+del	JM101	iML1515	3		LASER doi:10.1002/bit.20159		tktA:reg+|ptsG:del|aroG:reg+|pheA:mut|crr:del|ptsH:del|ptsI:del	P	MNXM1372044,MNXM186,MNXM258,MNXM73,MNXM733314	glyceraldehyde 3-phosphate;D-xylulose 5-phosphate;D-erythrose 4-phosphate;phosphoenolpyruvate;D-sedoheptulose 7-phosphate	mechanical	+			LASER:Record1421357675.33:M2	0
LASER:Record1421357675.33:M2__N	gof	scored	add+del	JM101	iML1515	3		LASER doi:10.1002/bit.20159		tktA:reg+|ptsG:del|aroG:reg+|pheA:mut|crr:del|ptsH:del|ptsI:del	N	MNXM741664	L-phenylalanine	resolved	+			LASER:Record1421357675.33:M2	0
LASER:Record1421358274.81:M1__C	gof	scored	del	W3110	iML1515	0		LASER doi:10.1128/AEM.71.12.7880/7887.2005		pykA:del|pykF:del|ptsG:del	C	MNXM25	succinate	resolved	+			LASER:Record1421358274.81:M1	0
LASER:Record1421359559.42:M1__N	gof	scored	add+del	K-12(DE3)	iML1515	1		LASER doi:10.1016/j.ymben.2005.02.001		glmS:mut|nagA:del|nagB:del|nagC:del|nagE:del|umpH:del|glucosamine-6-phosphate acetyltransferase:add	N	MNXM1364174,MNXM2138	N-acetyl-beta-D-glucosamine 6-phosphate;N-acetyl-beta-D-glucosamine	mechanical,resolved	+			LASER:Record1421359559.42:M1	0
LASER:Record1421359559.42:M1__C	gof	scored	add+del	K-12(DE3)	iML1515	1		LASER doi:10.1016/j.ymben.2005.02.001		glmS:mut|nagA:del|nagB:del|nagC:del|nagE:del|umpH:del|glucosamine-6-phosphate acetyltransferase:add	C	MNXM1364174,MNXM2138	N-acetyl-beta-D-glucosamine 6-phosphate;N-acetyl-beta-D-glucosamine	mechanical,resolved	+			LASER:Record1421359559.42:M1	0
LASER:Record1421359559.42:M1__P	gof	scored	add+del	K-12(DE3)	iML1515	1		LASER doi:10.1016/j.ymben.2005.02.001		glmS:mut|nagA:del|nagB:del|nagC:del|nagE:del|umpH:del|glucosamine-6-phosphate acetyltransferase:add	P	MNXM1364174	N-acetyl-beta-D-glucosamine 6-phosphate	mechanical	+			LASER:Record1421359559.42:M1	0
LASER:Record1421360315.24:M1__C	gof	scored	add	BL21(DE3)	iML1515	7		LASER doi:10.1186/1754-6834-6-57		ERG12:add|ERG8:add|mvaS:add|nudF:add|mvaE:add|MVD1:add|IDI1:add	C	MNXM1104235,MNXM1104266,MNXM1105057,MNXM5,MNXM733934,MNXM738283,MNXM83	(3S)-3-hydroxy-3-methylglutaryl-CoA;acetyl-CoA;(R)-mevalonate;NADP(+);(R)-5-diphosphomevalonate;(R)-5-phosphomevalonate;isopentenyl diphosphate	mechanical	+			LASER:Record1421360315.24:M1	1
LASER:Record1421360315.24:M1__P	gof	scored	add	BL21(DE3)	iML1515	7		LASER doi:10.1186/1754-6834-6-57		ERG12:add|ERG8:add|mvaS:add|nudF:add|mvaE:add|MVD1:add|IDI1:add	P	MNXM1104235,MNXM1104266,MNXM5,MNXM733934,MNXM738283,MNXM83	(3S)-3-hydroxy-3-methylglutaryl-CoA;acetyl-CoA;NADP(+);(R)-5-diphosphomevalonate;(R)-5-phosphomevalonate;isopentenyl diphosphate	mechanical	+			LASER:Record1421360315.24:M1	1
LASER:Record1421360315.24:M1__N	gof	scored	add	BL21(DE3)	iML1515	7		LASER doi:10.1186/1754-6834-6-57		ERG12:add|ERG8:add|mvaS:add|nudF:add|mvaE:add|MVD1:add|IDI1:add	N	MNXM1104235,MNXM1104266,MNXM5	(3S)-3-hydroxy-3-methylglutaryl-CoA;acetyl-CoA;NADP(+)	mechanical	+			LASER:Record1421360315.24:M1	1
LASER:Record1421360315.24:M1__S	gof	scored	add	BL21(DE3)	iML1515	7		LASER doi:10.1186/1754-6834-6-57		ERG12:add|ERG8:add|mvaS:add|nudF:add|mvaE:add|MVD1:add|IDI1:add	S	MNXM1104235,MNXM1104266	(3S)-3-hydroxy-3-methylglutaryl-CoA;acetyl-CoA	mechanical	+			LASER:Record1421360315.24:M1	1
LASER:Record1421360315.24:M2__C	gof	scored	add	BL21(DE3)	iML1515	8		LASER doi:10.1186/1754-6834-6-57		nudF:reg+|ERG12:add|ERG8:add|mvaS:add|IDI1:add|mvaE:add|MVD1:add	C	MNXM1104235,MNXM1104266,MNXM1105057,MNXM1363910,MNXM5,MNXM733934,MNXM737751,MNXM738283,MNXM83	(3S)-3-hydroxy-3-methylglutaryl-CoA;acetyl-CoA;(R)-mevalonate;alpha-D-ribofuranose 5-phosphate;NADP(+);(R)-5-diphosphomevalonate;prenol;(R)-5-phosphomevalonate;isopentenyl diphosphate	mechanical,resolved	+			LASER:Record1421360315.24:M2	1
LASER:Record1421360315.24:M2__P	gof	scored	add	BL21(DE3)	iML1515	8		LASER doi:10.1186/1754-6834-6-57		nudF:reg+|ERG12:add|ERG8:add|mvaS:add|IDI1:add|mvaE:add|MVD1:add	P	MNXM1104235,MNXM1104266,MNXM1363910,MNXM5,MNXM733934,MNXM738283,MNXM83	(3S)-3-hydroxy-3-methylglutaryl-CoA;acetyl-CoA;alpha-D-ribofuranose 5-phosphate;NADP(+);(R)-5-diphosphomevalonate;(R)-5-phosphomevalonate;isopentenyl diphosphate	mechanical	+			LASER:Record1421360315.24:M2	1
LASER:Record1421360315.24:M2__N	gof	scored	add	BL21(DE3)	iML1515	8		LASER doi:10.1186/1754-6834-6-57		nudF:reg+|ERG12:add|ERG8:add|mvaS:add|IDI1:add|mvaE:add|MVD1:add	N	MNXM1104235,MNXM1104266,MNXM5	(3S)-3-hydroxy-3-methylglutaryl-CoA;acetyl-CoA;NADP(+)	mechanical	+			LASER:Record1421360315.24:M2	1
LASER:Record1421360315.24:M2__S	gof	scored	add	BL21(DE3)	iML1515	8		LASER doi:10.1186/1754-6834-6-57		nudF:reg+|ERG12:add|ERG8:add|mvaS:add|IDI1:add|mvaE:add|MVD1:add	S	MNXM1104235,MNXM1104266	(3S)-3-hydroxy-3-methylglutaryl-CoA;acetyl-CoA	mechanical	+			LASER:Record1421360315.24:M2	1
LASER:Record1421361586.89:M1__N	gof	scored	add+del	BL21(DE3)	iML1515	7		LASER doi:10.1021/jf500355p		ldhA:del|poxB:del|frdA:del|ptsG:del|adhE:del|pta:del|crt:add|phaA:add|hbd:add|ter:add	N	MNXM1103616,MNXM1104266,MNXM1104300,MNXM1104721,MNXM1105912,MNXM1363936,MNXM8	hexanoyl-CoA;acetyl-CoA;butanoyl-CoA;(3S)-hydroxyhexanoyl-CoA;(3S)-3-hydroxybutanoyl-CoA;(2E)-butenoyl-CoA;NAD(+)	mechanical	+			LASER:Record1421361586.89:M1	1
LASER:Record1421361586.89:M1__S	gof	scored	add+del	BL21(DE3)	iML1515	7		LASER doi:10.1021/jf500355p		ldhA:del|poxB:del|frdA:del|ptsG:del|adhE:del|pta:del|crt:add|phaA:add|hbd:add|ter:add	S	MNXM1103616,MNXM1104266,MNXM1104300,MNXM1104721,MNXM1105912,MNXM1363936	hexanoyl-CoA;acetyl-CoA;butanoyl-CoA;(3S)-hydroxyhexanoyl-CoA;(3S)-3-hydroxybutanoyl-CoA;(2E)-butenoyl-CoA	mechanical	+			LASER:Record1421361586.89:M1	1
LASER:Record1421361586.89:M1__C	gof	scored	add+del	BL21(DE3)	iML1515	7		LASER doi:10.1021/jf500355p		ldhA:del|poxB:del|frdA:del|ptsG:del|adhE:del|pta:del|crt:add|phaA:add|hbd:add|ter:add	C	MNXM1103616,MNXM1104266,MNXM1104300,MNXM1104721,MNXM1105912,MNXM1363936,MNXM458,MNXM8	hexanoyl-CoA;acetyl-CoA;butanoyl-CoA;(3S)-hydroxyhexanoyl-CoA;(3S)-3-hydroxybutanoyl-CoA;(2E)-butenoyl-CoA;butanoate;NAD(+)	mechanical,resolved	+			LASER:Record1421361586.89:M1	1
LASER:Record1421361586.89:M1__P	gof	scored	add+del	BL21(DE3)	iML1515	7		LASER doi:10.1021/jf500355p		ldhA:del|poxB:del|frdA:del|ptsG:del|adhE:del|pta:del|crt:add|phaA:add|hbd:add|ter:add	P	MNXM1103616,MNXM1104266,MNXM1104300,MNXM1104721,MNXM1105912,MNXM1363936,MNXM8	hexanoyl-CoA;acetyl-CoA;butanoyl-CoA;(3S)-hydroxyhexanoyl-CoA;(3S)-3-hydroxybutanoyl-CoA;(2E)-butenoyl-CoA;NAD(+)	mechanical	+			LASER:Record1421361586.89:M1	1
LASER:Record1421362283.55:M1__C	gof	scored	add	BL21(DE3)	iML1515	9		LASER doi:10.1186/1754-6834-6-60		ERG12:add|ERG8:add|mvaS:add|(+)-&alpha;-pinene synthase:add|IDI1:add|mvaE:add|geranyl diphosphate synthase:add|MVD1:add	C	MNXM1104235,MNXM1104266,MNXM1105057,MNXM132,MNXM5,MNXM733934,MNXM738283,MNXM83	(3S)-3-hydroxy-3-methylglutaryl-CoA;acetyl-CoA;(R)-mevalonate;dimethylallyl diphosphate;NADP(+);(R)-5-diphosphomevalonate;(R)-5-phosphomevalonate;isopentenyl diphosphate	mechanical	+			LASER:Record1421362283.55:M1	1
LASER:Record1421362283.55:M1__P	gof	scored	add	BL21(DE3)	iML1515	9		LASER doi:10.1186/1754-6834-6-60		ERG12:add|ERG8:add|mvaS:add|(+)-&alpha;-pinene synthase:add|IDI1:add|mvaE:add|geranyl diphosphate synthase:add|MVD1:add	P	MNXM1104235,MNXM1104266,MNXM132,MNXM5,MNXM733934,MNXM738283,MNXM83	(3S)-3-hydroxy-3-methylglutaryl-CoA;acetyl-CoA;dimethylallyl diphosphate;NADP(+);(R)-5-diphosphomevalonate;(R)-5-phosphomevalonate;isopentenyl diphosphate	mechanical	+			LASER:Record1421362283.55:M1	1
LASER:Record1421362283.55:M1__N	gof	scored	add	BL21(DE3)	iML1515	9		LASER doi:10.1186/1754-6834-6-60		ERG12:add|ERG8:add|mvaS:add|(+)-&alpha;-pinene synthase:add|IDI1:add|mvaE:add|geranyl diphosphate synthase:add|MVD1:add	N	MNXM1104235,MNXM1104266,MNXM5	(3S)-3-hydroxy-3-methylglutaryl-CoA;acetyl-CoA;NADP(+)	mechanical	+			LASER:Record1421362283.55:M1	1
LASER:Record1421362283.55:M1__S	gof	scored	add	BL21(DE3)	iML1515	9		LASER doi:10.1186/1754-6834-6-60		ERG12:add|ERG8:add|mvaS:add|(+)-&alpha;-pinene synthase:add|IDI1:add|mvaE:add|geranyl diphosphate synthase:add|MVD1:add	S	MNXM1104235,MNXM1104266	(3S)-3-hydroxy-3-methylglutaryl-CoA;acetyl-CoA	mechanical	+			LASER:Record1421362283.55:M1	1
LASER:Record1421362933.52:M1__N	gof	scored	add+del	W3110	iML1515	9		LASER doi:10.1002/bit.22502		speC:reg+|lacI:del|speE:del|speG:del|puuA:del|speF:reg+|rpoS:del|argI:del|argH:reg+|argB:reg+|potE:reg+|puuP:del|argC:reg+|argD:reg+|argE:reg+	N	MNXM118,MNXM1384,MNXM1563,MNXM722743,MNXM741173,MNXM741175,MNXM817	putrescine;N-acetyl-L-glutamyl 5-phosphate;(S)-2-succinylamino-6-oxoheptanedioate;Argininosuccinic acid;L-glutamate;L-ornithine;N(2)-acetyl-L-ornithine	mechanical	+			LASER:Record1421362933.52:M1	0
LASER:Record1421362933.52:M1__C	gof	scored	add+del	W3110	iML1515	9		LASER doi:10.1002/bit.22502		speC:reg+|lacI:del|speE:del|speG:del|puuA:del|speF:reg+|rpoS:del|argI:del|argH:reg+|argB:reg+|potE:reg+|puuP:del|argC:reg+|argD:reg+|argE:reg+	C	MNXM118,MNXM1368744,MNXM1384,MNXM1563,MNXM722743,MNXM741173,MNXM741175,MNXM817	putrescine;2-oxoglutarate;N-acetyl-L-glutamyl 5-phosphate;(S)-2-succinylamino-6-oxoheptanedioate;Argininosuccinic acid;L-glutamate;L-ornithine;N(2)-acetyl-L-ornithine	mechanical	+			LASER:Record1421362933.52:M1	0
LASER:Record1421362933.52:M1__P	gof	scored	add+del	W3110	iML1515	9		LASER doi:10.1002/bit.22502		speC:reg+|lacI:del|speE:del|speG:del|puuA:del|speF:reg+|rpoS:del|argI:del|argH:reg+|argB:reg+|potE:reg+|puuP:del|argC:reg+|argD:reg+|argE:reg+	P	MNXM1384	N-acetyl-L-glutamyl 5-phosphate	mechanical	+			LASER:Record1421362933.52:M1	0
LASER:Record1421364365.33:M2__C	gof	scored	add	ATCC31882	iML1515	2		LASER doi:10.1007/s00253-007-1307-z		aroH:mut|tktA:reg+|aroF:mut|tyrR:mut|csrA:del|aroG:mut|pheA:mut|malT:mut	C	MNXM1372044,MNXM186,MNXM258,MNXM733314,MNXM741664	glyceraldehyde 3-phosphate;D-xylulose 5-phosphate;D-erythrose 4-phosphate;D-sedoheptulose 7-phosphate;L-phenylalanine	mechanical,resolved	+			LASER:Record1421364365.33:M2	0
LASER:Record1421364365.33:M2__P	gof	scored	add	ATCC31882	iML1515	2		LASER doi:10.1007/s00253-007-1307-z		aroH:mut|tktA:reg+|aroF:mut|tyrR:mut|csrA:del|aroG:mut|pheA:mut|malT:mut	P	MNXM1372044,MNXM186,MNXM258,MNXM733314	glyceraldehyde 3-phosphate;D-xylulose 5-phosphate;D-erythrose 4-phosphate;D-sedoheptulose 7-phosphate	mechanical	+			LASER:Record1421364365.33:M2	0
LASER:Record1421364365.33:M2__N	gof	scored	add	ATCC31882	iML1515	2		LASER doi:10.1007/s00253-007-1307-z		aroH:mut|tktA:reg+|aroF:mut|tyrR:mut|csrA:del|aroG:mut|pheA:mut|malT:mut	N	MNXM741664	L-phenylalanine	resolved	+			LASER:Record1421364365.33:M2	0
LASER:Record1421365017.9:M1__C	gof	scored	add	K-12	iML1515	1		LASER doi:8756-7938/95/3011-0475$09.0		acetolactate synthase:add|lacZ:mut	C	MNXM23	pyruvate	mechanical	+			LASER:Record1421365017.9:M1	0
LASER:Record1421366778.23:M1__N	gof	scored	add+del	ATCC8739	iML1515	8		LASER doi:10.1128/AEM.03863-13		dhaL:reg+|dhaK:reg+|adhE:reg+|pta:del|frdB:del|frdC:del|ldhA:del|poxB:del|frdA:del|frdD:del|ackA:del|gldA:reg+|dhaM:reg+	N	MNXM1107675,MNXM8	1-aminopropan-2-ol;NAD(+)	mechanical	+			LASER:Record1421366778.23:M1	1
LASER:Record1421366778.23:M1__C	gof	scored	add+del	ATCC8739	iML1515	8		LASER doi:10.1128/AEM.03863-13		dhaL:reg+|dhaK:reg+|adhE:reg+|pta:del|frdB:del|frdC:del|ldhA:del|poxB:del|frdA:del|frdD:del|ackA:del|gldA:reg+|dhaM:reg+	C	MNXM1107675,MNXM1108092,MNXM460,MNXM73,MNXM75,MNXM8,MNXM89612,MNXM909	1-aminopropan-2-ol;ethanol;dihydroxyacetone;phosphoenolpyruvate;acetaldehyde;NAD(+);glycerol;(R)-lactaldehyde	mechanical	+			LASER:Record1421366778.23:M1	1
LASER:Record1421366778.23:M1__P	gof	scored	add+del	ATCC8739	iML1515	8		LASER doi:10.1128/AEM.03863-13		dhaL:reg+|dhaK:reg+|adhE:reg+|pta:del|frdB:del|frdC:del|ldhA:del|poxB:del|frdA:del|frdD:del|ackA:del|gldA:reg+|dhaM:reg+	P	MNXM73,MNXM8	phosphoenolpyruvate;NAD(+)	mechanical	+			LASER:Record1421366778.23:M1	1
LASER:Record1421434706.45:M1__N	gof	scored	add	K-12	iML1515	68		LASER doi:10.1038/ncomms2425		gapA:reg+|accC:reg+|accD:reg+|aceF:reg+|accA:reg+|fabA:reg+|aceE:reg+|accB:reg+|lpd:reg+|fabD:reg+|fadD:del|fabI:reg+|pgk:reg+|fabH:reg+|fabG:reg+|fatty acyl-ACP thioesterase:add	N	MNXM1103936,MNXM1106093,MNXM163784,MNXM29,MNXM3075,MNXM5,MNXM5959,MNXM5960,MNXM6837,MNXM6838,MNXM6839,MNXM728588,MNXM728596,MNXM728600,MNXM728604,MNXM728608,MNXM728705,MNXM728713,MNXM728721,MNXM733048,MNXM733096,MNXM733304,MNXM733432,MNXM735180,MNXM738485,MNXM8,MNXM89949,MNXM89950,MNXM90185,MNXM90458	(6S)-5,6,7,8-tetrahydrofolate;malonyl-CoA;Cis-dodec-5-enoyl-[acyl-carrier protein] (n-C12:1);glycine;Octadecanoyl-ACP (n-C18:0ACP);NADP(+);Trans-3-cis-5-dodecenoyl-[acyl-carrier protein];Trans-3-cis-7-myristoleoyl-[acyl-carrier protein];3-oxo-cis-dodec-5-enoyl-[acyl-carrier protein];3-oxo-cis-myristol-7-eoyl-[acyl-carrier protein];3-oxo-cis-palm-9-eoyl-[acyl-carrier protein];Trans-Oct-2-enoyl-[acyl-carrier protein];3-Oxododecanoyl-[acyl-carrier protein];3-Oxohexadecanoyl-[acyl-carrier protein];3-Oxohexanoyl-[acyl-carrier protein];3-Oxooctanoyl-[acyl-carrier protein];But-2-enoyl-[acyl-carrier protein];Trans-Hex-2-enoyl-[acyl-carrier protein];Trans-Tetradec-2-enoyl-[acyl-carrier protein];(R)-3-Hydroxyhexanoyl-[acyl-carrier protein];R-3-hydroxypalmitoyl-[acyl-carrier protein];(R)-3-Hydroxydodecanoyl-[acyl-carrier protein];Trans-Dec-2-enoyl-[acyl-carrier protein];(R)-3-Hydroxyoctadecanoyl-[acyl-carrier protein];(3R)-3-Hydroxyacyl-[acyl-carrier protein];NAD(+);Cis-hexadec-9-enoyl-[acyl-carrier protein] (n-C16:1);Cis-octadec-11-enoyl-[acyl-carrier protein] (n-C18:1);Octanoyl-ACP (n-C8:0ACP);Butyryl-ACP (n-C4:0ACP)	mechanical	+			LASER:Record1421434706.45:M1	0
LASER:Record1421434706.45:M1__C	gof	scored	add	K-12	iML1515	68		LASER doi:10.1038/ncomms2425		gapA:reg+|accC:reg+|accD:reg+|aceF:reg+|accA:reg+|fabA:reg+|aceE:reg+|accB:reg+|lpd:reg+|fabD:reg+|fadD:del|fabI:reg+|pgk:reg+|fabH:reg+|fabG:reg+|fatty acyl-ACP thioesterase:add	C	MNXM1103936,MNXM1106093,MNXM1368744,MNXM1372044,MNXM162426,MNXM163784,MNXM23,MNXM258,MNXM29,MNXM3075,MNXM5,MNXM5959,MNXM5960,MNXM6837,MNXM6838,MNXM6839,MNXM726234,MNXM727386,MNXM727604,MNXM727672,MNXM728536,MNXM728548,MNXM728578,MNXM728588,MNXM728596,MNXM728600,MNXM728604,MNXM728608,MNXM728619,MNXM728705,MNXM728708,MNXM728711,MNXM728713,MNXM728718,MNXM728721,MNXM731937,MNXM733048,MNXM733096,MNXM733304,MNXM733432,MNXM733433,MNXM735180,MNXM738485,MNXM8,MNXM89949,MNXM89950,MNXM90185,MNXM90458	(6S)-5,6,7,8-tetrahydrofolate;malonyl-CoA;2-oxoglutarate;glyceraldehyde 3-phosphate;Cis-tetradec-7-enoyl-[acyl-carrier protein] (n-C14:1);Cis-dodec-5-enoyl-[acyl-carrier protein] (n-C12:1);pyruvate;D-erythrose 4-phosphate;glycine;Octadecanoyl-ACP (n-C18:0ACP);NADP(+);Trans-3-cis-5-dodecenoyl-[acyl-carrier protein];Trans-3-cis-7-myristoleoyl-[acyl-carrier protein];3-oxo-cis-dodec-5-enoyl-[acyl-carrier protein];3-oxo-cis-myristol-7-eoyl-[acyl-carrier protein];3-oxo-cis-palm-9-eoyl-[acyl-carrier protein];Dodecanoyl-[acyl-carrier protein];acetoacetyl-[acp];(2R)-3-phosphoglycerate;Acetyl-[pcp];palmitoyl-[acyl-carrier protein];myristoyl-[acyl-carrier protein];Fatty-Acids;Trans-Oct-2-enoyl-[acyl-carrier protein];3-Oxododecanoyl-[acyl-carrier protein];3-Oxohexadecanoyl-[acyl-carrier protein];3-Oxohexanoyl-[acyl-carrier protein];3-Oxooctanoyl-[acyl-carrier protein];Hexanoyl-[acp];But-2-enoyl-[acyl-carrier protein];trans-Dodec-2-enoyl-[acp];trans-Hexadec-2-enoyl-[acp];Trans-Hex-2-enoyl-[acyl-carrier protein];(2E)-Octadecenoyl-[acp];Trans-Tetradec-2-enoyl-[acyl-carrier protein];carboxyacetyl-[acyl-carrier protein];(R)-3-Hydroxyhexanoyl-[acyl-carrier protein];R-3-hydroxypalmitoyl-[acyl-carrier protein];(R)-3-Hydroxydodecanoyl-[acyl-carrier protein];Trans-Dec-2-enoyl-[acyl-carrier protein];trans-Dec-2-enoyl-[acp];(R)-3-Hydroxyoctadecanoyl-[acyl-carrier protein];(3R)-3-Hydroxyacyl-[acyl-carrier protein];NAD(+);Cis-hexadec-9-enoyl-[acyl-carrier protein] (n-C16:1);Cis-octadec-11-enoyl-[acyl-carrier protein] (n-C18:1);Octanoyl-ACP (n-C8:0ACP);Butyryl-ACP (n-C4:0ACP)	mechanical,resolved	+			LASER:Record1421434706.45:M1	0
LASER:Record1421434706.45:M1__P	gof	scored	add	K-12	iML1515	68		LASER doi:10.1038/ncomms2425		gapA:reg+|accC:reg+|accD:reg+|aceF:reg+|accA:reg+|fabA:reg+|aceE:reg+|accB:reg+|lpd:reg+|fabD:reg+|fadD:del|fabI:reg+|pgk:reg+|fabH:reg+|fabG:reg+|fatty acyl-ACP thioesterase:add	P	MNXM1106093,MNXM1372044,MNXM163784,MNXM258,MNXM3075,MNXM5,MNXM5959,MNXM5960,MNXM6837,MNXM6838,MNXM6839,MNXM727604,MNXM728588,MNXM728596,MNXM728600,MNXM728604,MNXM728608,MNXM728705,MNXM728713,MNXM728721,MNXM733048,MNXM733096,MNXM733304,MNXM733432,MNXM735180,MNXM738485,MNXM8,MNXM89949,MNXM89950,MNXM90185,MNXM90458	malonyl-CoA;glyceraldehyde 3-phosphate;Cis-dodec-5-enoyl-[acyl-carrier protein] (n-C12:1);D-erythrose 4-phosphate;Octadecanoyl-ACP (n-C18:0ACP);NADP(+);Trans-3-cis-5-dodecenoyl-[acyl-carrier protein];Trans-3-cis-7-myristoleoyl-[acyl-carrier protein];3-oxo-cis-dodec-5-enoyl-[acyl-carrier protein];3-oxo-cis-myristol-7-eoyl-[acyl-carrier protein];3-oxo-cis-palm-9-eoyl-[acyl-carrier protein];(2R)-3-phosphoglycerate;Trans-Oct-2-enoyl-[acyl-carrier protein];3-Oxododecanoyl-[acyl-carrier protein];3-Oxohexadecanoyl-[acyl-carrier protein];3-Oxohexanoyl-[acyl-carrier protein];3-Oxooctanoyl-[acyl-carrier protein];But-2-enoyl-[acyl-carrier protein];Trans-Hex-2-enoyl-[acyl-carrier protein];Trans-Tetradec-2-enoyl-[acyl-carrier protein];(R)-3-Hydroxyhexanoyl-[acyl-carrier protein];R-3-hydroxypalmitoyl-[acyl-carrier protein];(R)-3-Hydroxydodecanoyl-[acyl-carrier protein];Trans-Dec-2-enoyl-[acyl-carrier protein];(R)-3-Hydroxyoctadecanoyl-[acyl-carrier protein];(3R)-3-Hydroxyacyl-[acyl-carrier protein];NAD(+);Cis-hexadec-9-enoyl-[acyl-carrier protein] (n-C16:1);Cis-octadec-11-enoyl-[acyl-carrier protein] (n-C18:1);Octanoyl-ACP (n-C8:0ACP);Butyryl-ACP (n-C4:0ACP)	mechanical	+			LASER:Record1421434706.45:M1	0
LASER:Record1421434706.45:M1__S	gof	scored	add	K-12	iML1515	68		LASER doi:10.1038/ncomms2425		gapA:reg+|accC:reg+|accD:reg+|aceF:reg+|accA:reg+|fabA:reg+|aceE:reg+|accB:reg+|lpd:reg+|fabD:reg+|fadD:del|fabI:reg+|pgk:reg+|fabH:reg+|fabG:reg+|fatty acyl-ACP thioesterase:add	S	MNXM1106093,MNXM162426,MNXM163784,MNXM3075,MNXM5959,MNXM5960,MNXM6837,MNXM6838,MNXM6839,MNXM726234,MNXM727386,MNXM727672,MNXM728536,MNXM728548,MNXM728588,MNXM728596,MNXM728600,MNXM728604,MNXM728608,MNXM728619,MNXM728705,MNXM728708,MNXM728711,MNXM728713,MNXM728718,MNXM728721,MNXM731937,MNXM733048,MNXM733096,MNXM733304,MNXM733432,MNXM733433,MNXM735180,MNXM738485,MNXM89949,MNXM89950,MNXM90185,MNXM90458	malonyl-CoA;Cis-tetradec-7-enoyl-[acyl-carrier protein] (n-C14:1);Cis-dodec-5-enoyl-[acyl-carrier protein] (n-C12:1);Octadecanoyl-ACP (n-C18:0ACP);Trans-3-cis-5-dodecenoyl-[acyl-carrier protein];Trans-3-cis-7-myristoleoyl-[acyl-carrier protein];3-oxo-cis-dodec-5-enoyl-[acyl-carrier protein];3-oxo-cis-myristol-7-eoyl-[acyl-carrier protein];3-oxo-cis-palm-9-eoyl-[acyl-carrier protein];Dodecanoyl-[acyl-carrier protein];acetoacetyl-[acp];Acetyl-[pcp];palmitoyl-[acyl-carrier protein];myristoyl-[acyl-carrier protein];Trans-Oct-2-enoyl-[acyl-carrier protein];3-Oxododecanoyl-[acyl-carrier protein];3-Oxohexadecanoyl-[acyl-carrier protein];3-Oxohexanoyl-[acyl-carrier protein];3-Oxooctanoyl-[acyl-carrier protein];Hexanoyl-[acp];But-2-enoyl-[acyl-carrier protein];trans-Dodec-2-enoyl-[acp];trans-Hexadec-2-enoyl-[acp];Trans-Hex-2-enoyl-[acyl-carrier protein];(2E)-Octadecenoyl-[acp];Trans-Tetradec-2-enoyl-[acyl-carrier protein];carboxyacetyl-[acyl-carrier protein];(R)-3-Hydroxyhexanoyl-[acyl-carrier protein];R-3-hydroxypalmitoyl-[acyl-carrier protein];(R)-3-Hydroxydodecanoyl-[acyl-carrier protein];Trans-Dec-2-enoyl-[acyl-carrier protein];trans-Dec-2-enoyl-[acp];(R)-3-Hydroxyoctadecanoyl-[acyl-carrier protein];(3R)-3-Hydroxyacyl-[acyl-carrier protein];Cis-hexadec-9-enoyl-[acyl-carrier protein] (n-C16:1);Cis-octadec-11-enoyl-[acyl-carrier protein] (n-C18:1);Octanoyl-ACP (n-C8:0ACP);Butyryl-ACP (n-C4:0ACP)	mechanical	+			LASER:Record1421434706.45:M1	0
LASER:Record1421435623.97:M1__N	gof	scored	add+del	BL21(DE3)	iML1515	1		LASER doi:10.1021/sb400158w		accC:reg+|accD:reg+|accA:reg+|lacI:reg+|accB:reg+|tesA:del|fapR:add	N	MNXM1106093	malonyl-CoA	mechanical	+			LASER:Record1421435623.97:M1	1
LASER:Record1421435623.97:M1__S	gof	scored	add+del	BL21(DE3)	iML1515	1		LASER doi:10.1021/sb400158w		accC:reg+|accD:reg+|accA:reg+|lacI:reg+|accB:reg+|tesA:del|fapR:add	S	MNXM1106093	malonyl-CoA	mechanical	+			LASER:Record1421435623.97:M1	1
LASER:Record1421435623.97:M1__C	gof	scored	add+del	BL21(DE3)	iML1515	1		LASER doi:10.1021/sb400158w		accC:reg+|accD:reg+|accA:reg+|lacI:reg+|accB:reg+|tesA:del|fapR:add	C	MNXM1106093,MNXM728578	malonyl-CoA;Fatty-Acids	mechanical,resolved	+			LASER:Record1421435623.97:M1	1
LASER:Record1421435623.97:M1__P	gof	scored	add+del	BL21(DE3)	iML1515	1		LASER doi:10.1021/sb400158w		accC:reg+|accD:reg+|accA:reg+|lacI:reg+|accB:reg+|tesA:del|fapR:add	P	MNXM1106093	malonyl-CoA	mechanical	+			LASER:Record1421435623.97:M1	1
LASER:Record1421436127.08:M1__C	gof	scored	add	W	iML1515	2		LASER doi:10.1007/s10295-014-1451-2		&alpha;-ketoglutarate semialdehyde dehydrogenase:add|glycerol dehydratase:add|glycerol dehydratase:add|dhaB:add	C	MNXM89612	glycerol	mechanical	+			LASER:Record1421436127.08:M1	1
LASER:Record1421436723.73:M1__N	gof	scored	add+del	W	iML1515	1		LASER doi:10.1007/s00253-007-1170-y		frdB:del|frdC:del|mgsA:del|ldhA:del|frdA:del|frdD:del|dadX:del|ackA:del|pflB:del|adhE:del|L-alanine dehydrogenase:add	N	MNXM1105732	L-alanine	resolved	+			LASER:Record1421436723.73:M1	1
LASER:Record1421436723.73:M1__C	gof	scored	add+del	W	iML1515	1		LASER doi:10.1007/s00253-007-1170-y		frdB:del|frdC:del|mgsA:del|ldhA:del|frdA:del|frdD:del|dadX:del|ackA:del|pflB:del|adhE:del|L-alanine dehydrogenase:add	C	MNXM1105732	L-alanine	resolved	+			LASER:Record1421436723.73:M1	1
LASER:Record1421861601.87:M1__C	gof	scored	add+del	EcNR2	iML1515	3		LASER doi:10.1073/pnas.1409523111		CdaR:mut|garK:del|myo-inositol oxygenase:add|INO1:add|uronate dehydrogenase:add	C	MNXM1364686,MNXM728682,MNXM8	1D-myo-inositol 3-phosphate;beta-D-glucuronate;NAD(+)	mechanical	+			LASER:Record1421861601.87:M1	0
LASER:Record1421861601.87:M1__N	gof	scored	add+del	EcNR2	iML1515	3		LASER doi:10.1073/pnas.1409523111		CdaR:mut|garK:del|myo-inositol oxygenase:add|INO1:add|uronate dehydrogenase:add	N	MNXM8	NAD(+)	mechanical	+			LASER:Record1421861601.87:M1	0
LASER:Record1421861601.87:M1__P	gof	scored	add+del	EcNR2	iML1515	3		LASER doi:10.1073/pnas.1409523111		CdaR:mut|garK:del|myo-inositol oxygenase:add|INO1:add|uronate dehydrogenase:add	P	MNXM1364686,MNXM8	1D-myo-inositol 3-phosphate;NAD(+)	mechanical	+			LASER:Record1421861601.87:M1	0
LASER:Record1421861601.87:M2__C	gof	scored	add+del	EcNR2	iML1515	5		LASER doi:10.1073/pnas.1409523111		tyrosine ammonia-lyase:add|4-coumarate coenzyme A ligase:add|chalcone synthase:add|chalcone isomerase:add|TgtR:mut|fabD:mut|fabH:mut|fumC:mut|tyrA:mut|mhpD:del|entB:del|rpoD:mut|accA:reg+|accB:reg+|accC:reg+|accD:reg+	C	MNXM1106093,MNXM1370019,MNXM5901,MNXM738152,MNXM738153,MNXM76	malonyl-CoA;(E)-4-coumarate;pinocembrin chalcone;(2S)-naringenin;naringenin;L-tyrosine	mechanical,resolved	+			LASER:Record1421861601.87:M2	0
LASER:Record1421861601.87:M2__N	gof	scored	add+del	EcNR2	iML1515	5		LASER doi:10.1073/pnas.1409523111		tyrosine ammonia-lyase:add|4-coumarate coenzyme A ligase:add|chalcone synthase:add|chalcone isomerase:add|TgtR:mut|fabD:mut|fabH:mut|fumC:mut|tyrA:mut|mhpD:del|entB:del|rpoD:mut|accA:reg+|accB:reg+|accC:reg+|accD:reg+	N	MNXM1106093,MNXM76	malonyl-CoA;L-tyrosine	mechanical	+			LASER:Record1421861601.87:M2	0
LASER:Record1421861601.87:M2__S	gof	scored	add+del	EcNR2	iML1515	5		LASER doi:10.1073/pnas.1409523111		tyrosine ammonia-lyase:add|4-coumarate coenzyme A ligase:add|chalcone synthase:add|chalcone isomerase:add|TgtR:mut|fabD:mut|fabH:mut|fumC:mut|tyrA:mut|mhpD:del|entB:del|rpoD:mut|accA:reg+|accB:reg+|accC:reg+|accD:reg+	S	MNXM1106093	malonyl-CoA	mechanical	+			LASER:Record1421861601.87:M2	0
LASER:Record1421861601.87:M2__P	gof	scored	add+del	EcNR2	iML1515	5		LASER doi:10.1073/pnas.1409523111		tyrosine ammonia-lyase:add|4-coumarate coenzyme A ligase:add|chalcone synthase:add|chalcone isomerase:add|TgtR:mut|fabD:mut|fabH:mut|fumC:mut|tyrA:mut|mhpD:del|entB:del|rpoD:mut|accA:reg+|accB:reg+|accC:reg+|accD:reg+	P	MNXM1106093	malonyl-CoA	mechanical	+			LASER:Record1421861601.87:M2	0
LASER:Record1423246634.26:M1__N	gof	scored	add	BL21 (DE3)	iML1515	2		LASER doi:10.1002/bit.25324		aat:add|car:add|ppt:reg+|ahr:reg+	N	MNXM5	NADP(+)	mechanical	+			LASER:Record1423246634.26:M1	1
LASER:Record1423246634.26:M1__C	gof	scored	add	BL21 (DE3)	iML1515	2		LASER doi:10.1002/bit.25324		aat:add|car:add|ppt:reg+|ahr:reg+	C	MNXM3230,MNXM5,MNXM75,MNXM821	butan-1-ol;NADP(+);acetaldehyde;propanal	mechanical,resolved	+			LASER:Record1423246634.26:M1	1
LASER:Record1423246634.26:M1__P	gof	scored	add	BL21 (DE3)	iML1515	2		LASER doi:10.1002/bit.25324		aat:add|car:add|ppt:reg+|ahr:reg+	P	MNXM5	NADP(+)	mechanical	+			LASER:Record1423246634.26:M1	1
LASER:Record1445332284.92:M1__C	gof	scored	add	JM109	iML1515	13		LASER doi:10.1186/s12934-014-0172-6		serA:reg+|serB:reg+|serC:reg+|pgk:reg+|edd:reg+|eda:reg+|zwf:reg+|aceE:reg+	C	MNXM1364111,MNXM1368744,MNXM1514,MNXM1563,MNXM23,MNXM46,MNXM5,MNXM541,MNXM649,MNXM727604,MNXM733231,MNXM734080,MNXM737787,MNXM741173,MNXM8	D-glucose 6-phosphate;2-oxoglutarate;(R)-3-hydroxy-2-oxo-4-phosphooxybutanoate;(S)-2-succinylamino-6-oxoheptanedioate;pyruvate;oxaloacetate;NADP(+);3-phosphooxypyruvate;2-dehydro-3-deoxy-6-phospho-D-gluconate;(2R)-3-phosphoglycerate;(S)-2-hydroxyglutarate;6-phospho-D-gluconate;L-serine;L-glutamate;NAD(+)	mechanical	+			LASER:Record1445332284.92:M1	0
LASER:Record1445332284.92:M1__P	gof	scored	add	JM109	iML1515	13		LASER doi:10.1186/s12934-014-0172-6		serA:reg+|serB:reg+|serC:reg+|pgk:reg+|edd:reg+|eda:reg+|zwf:reg+|aceE:reg+	P	MNXM1364111,MNXM1514,MNXM5,MNXM541,MNXM649,MNXM727604,MNXM734080,MNXM8	D-glucose 6-phosphate;(R)-3-hydroxy-2-oxo-4-phosphooxybutanoate;NADP(+);3-phosphooxypyruvate;2-dehydro-3-deoxy-6-phospho-D-gluconate;(2R)-3-phosphoglycerate;6-phospho-D-gluconate;NAD(+)	mechanical	+			LASER:Record1445332284.92:M1	0
LASER:Record1445332284.92:M1__N	gof	scored	add	JM109	iML1515	13		LASER doi:10.1186/s12934-014-0172-6		serA:reg+|serB:reg+|serC:reg+|pgk:reg+|edd:reg+|eda:reg+|zwf:reg+|aceE:reg+	N	MNXM1563,MNXM5,MNXM737787,MNXM741173,MNXM8	(S)-2-succinylamino-6-oxoheptanedioate;NADP(+);L-serine;L-glutamate;NAD(+)	mechanical	+			LASER:Record1445332284.92:M1	0
LASER:Record1445493164.91:M1__N	gof	scored	del	DH5alpha	iECDH10B	0		LASER doi:10.1128/AEM.02187-15		dcsC:add|dcsD:add|dcsE:add|dcsG:add|dcsJ:add|cysJ:del|cysK:del	N	MNXM59345	D-cycloserine	resolved	+			LASER:Record1445493164.91:M1	0
LASER:Record1445493164.91:M1__C	gof	scored	del	DH5alpha	iECDH10B	0		LASER doi:10.1128/AEM.02187-15		dcsC:add|dcsD:add|dcsE:add|dcsG:add|dcsJ:add|cysJ:del|cysK:del	C	MNXM59345	D-cycloserine	resolved	+			LASER:Record1445493164.91:M1	0
LASER:Record1445494730.2:M1__N	gof	scored	add+del	BW25113	iML1515	4		LASER doi:10.1128/AEM.01386-15		pobA:add|aroY:add|catA:add|ubiC:reg+|aroF:mut|aroE:reg+|aroL:reg+|ptsH:del|ptsI:del|crr:del|pykF:del	N	MNXM421,MNXM5	4-aminobenzoate;NADP(+)	mechanical	+			LASER:Record1445494730.2:M1	0
LASER:Record1445494730.2:M1__C	gof	scored	add+del	BW25113	iML1515	4		LASER doi:10.1128/AEM.01386-15		pobA:add|aroY:add|catA:add|ubiC:reg+|aroF:mut|aroE:reg+|aroL:reg+|ptsH:del|ptsI:del|crr:del|pykF:del	C	MNXM23,MNXM337,MNXM421,MNXM5,MNXM602	pyruvate;chorismate;4-aminobenzoate;NADP(+);shikimate	mechanical	+			LASER:Record1445494730.2:M1	0
LASER:Record1445494730.2:M1__P	gof	scored	add+del	BW25113	iML1515	4		LASER doi:10.1128/AEM.01386-15		pobA:add|aroY:add|catA:add|ubiC:reg+|aroF:mut|aroE:reg+|aroL:reg+|ptsH:del|ptsI:del|crr:del|pykF:del	P	MNXM5	NADP(+)	mechanical	+			LASER:Record1445494730.2:M1	0
LASER:Record1445579670.04:M1__N	gof	scored	add	W3110	iML1515	4		LASER doi:10.1128/AEM.02242-15		metJ:del|metA:mut|yjeH:reg+	N	MNXM1106761,MNXM199,MNXM728337,MNXM738804	L-leucine;L-valine;L-isoleucine;L-methionine	mechanical	+			LASER:Record1445579670.04:M1	0
LASER:Record1445579670.04:M1__C	gof	scored	add	W3110	iML1515	4		LASER doi:10.1128/AEM.02242-15		metJ:del|metA:mut|yjeH:reg+	C	MNXM1106761,MNXM199,MNXM728337,MNXM738804	L-leucine;L-valine;L-isoleucine;L-methionine	mechanical	+			LASER:Record1445579670.04:M1	0
LASER:Record1445579670.04:M1__S	gof	scored	add	W3110	iML1515	4		LASER doi:10.1128/AEM.02242-15		metJ:del|metA:mut|yjeH:reg+	S	MNXM738804	L-methionine	mechanical	+			LASER:Record1445579670.04:M1	0
LASER:Record1445581702.36:M1__N	gof	scored	add	BW25113	iML1515	15		LASER doi:10.1186/s12934-015-0301-x		crtE:add|crtB:add|crtI:add|dxs:reg+|idi:reg+|ptsG:del|glk:reg+|eda:reg+|gnd:reg+|ispD:reg+|ispF:reg+	N	MNXM1641,MNXM5,MNXM730948	4-CDP-2-C-methyl-D-erythritol 2-phosphate;NADP(+);4-CDP-2-C-methyl-D-erythritol	mechanical	+			LASER:Record1445581702.36:M1	0
LASER:Record1445581702.36:M1__C	gof	scored	add	BW25113	iML1515	15		LASER doi:10.1186/s12934-015-0301-x		crtE:add|crtB:add|crtI:add|dxs:reg+|idi:reg+|ptsG:del|glk:reg+|eda:reg+|gnd:reg+|ispD:reg+|ispF:reg+	C	MNXM1363833,MNXM1364111,MNXM1370262,MNXM1641,MNXM46,MNXM5,MNXM622,MNXM649,MNXM728266,MNXM730948,MNXM734080,MNXM83	(2E,6E)-farnesyl diphosphate;D-glucose 6-phosphate;15-cis-phytoene;4-CDP-2-C-methyl-D-erythritol 2-phosphate;oxaloacetate;NADP(+);1-deoxy-D-xylulose 5-phosphate;2-dehydro-3-deoxy-6-phospho-D-gluconate;(2E,6E,10E)-geranylgeranyl diphosphate;4-CDP-2-C-methyl-D-erythritol;6-phospho-D-gluconate;isopentenyl diphosphate	mechanical	+			LASER:Record1445581702.36:M1	0
LASER:Record1445581702.36:M1__P	gof	scored	add	BW25113	iML1515	15		LASER doi:10.1186/s12934-015-0301-x		crtE:add|crtB:add|crtI:add|dxs:reg+|idi:reg+|ptsG:del|glk:reg+|eda:reg+|gnd:reg+|ispD:reg+|ispF:reg+	P	MNXM1363833,MNXM1364111,MNXM1641,MNXM5,MNXM622,MNXM649,MNXM728266,MNXM730948,MNXM734080,MNXM83	(2E,6E)-farnesyl diphosphate;D-glucose 6-phosphate;4-CDP-2-C-methyl-D-erythritol 2-phosphate;NADP(+);1-deoxy-D-xylulose 5-phosphate;2-dehydro-3-deoxy-6-phospho-D-gluconate;(2E,6E,10E)-geranylgeranyl diphosphate;4-CDP-2-C-methyl-D-erythritol;6-phospho-D-gluconate;isopentenyl diphosphate	mechanical	+			LASER:Record1445581702.36:M1	0
LASER:Record1445848934.32:M1__N	gof	scored	add+del	BW25113	iML1515	2		LASER doi:10.1073/pnas.1502866112		iclR:del|aceA:del|sucD:del|sucA:del|sucB:del|sucC:del|poxB:del|deacetoxycephalosporin C synthase:add|acs:reg+	N	MNXM1364266,MNXM1812	propanoyl-CoA;penicillin G	mechanical,resolved	+			LASER:Record1445848934.32:M1	0
LASER:Record1445848934.32:M1__S	gof	scored	add+del	BW25113	iML1515	2		LASER doi:10.1073/pnas.1502866112		iclR:del|aceA:del|sucD:del|sucA:del|sucB:del|sucC:del|poxB:del|deacetoxycephalosporin C synthase:add|acs:reg+	S	MNXM1364266,MNXM1812	propanoyl-CoA;penicillin G	mechanical,resolved	+			LASER:Record1445848934.32:M1	0
LASER:Record1445848934.32:M1__C	gof	scored	add+del	BW25113	iML1515	2		LASER doi:10.1073/pnas.1502866112		iclR:del|aceA:del|sucD:del|sucA:del|sucB:del|sucC:del|poxB:del|deacetoxycephalosporin C synthase:add|acs:reg+	C	MNXM1364266,MNXM1812,MNXM26	propanoyl-CoA;penicillin G;acetate	mechanical,resolved	+			LASER:Record1445848934.32:M1	0
LASER:Record1445848934.32:M1__P	gof	scored	add+del	BW25113	iML1515	2		LASER doi:10.1073/pnas.1502866112		iclR:del|aceA:del|sucD:del|sucA:del|sucB:del|sucC:del|poxB:del|deacetoxycephalosporin C synthase:add|acs:reg+	P	MNXM1364266	propanoyl-CoA	mechanical	+			LASER:Record1445848934.32:M1	0
LASER:Record1445925852.59:M1__C	gof	scored	add+del	W3110	iML1515	1		LASER doi:10.1007/s00253-015-6816-6		iclR:del|fumC:del|fumA:del|fumB:del|arcA:del|ptsG:del|aspA:del|ppc:reg+	C	MNXM46	oxaloacetate	mechanical	+			LASER:Record1445925852.59:M1	0
LASER:Record1446183606.86:M1__N	gof	scored	add+del	BL21(DE3)	iML1515	26		LASER doi:10.1186/s13068-015-0270-7		diacylglycerol acyltransferase:add|ARO10:add|ADH2:add|fadD:reg+|alsS:add|ilvC:reg+|ilvD:reg+|tesA:del	N	MNXM1092836,MNXM1106160,MNXM1364251,MNXM1686,MNXM315,MNXM5,MNXM8	decanoyl-CoA;hexadecanoyl-CoA;(9Z)-hexadecenoyl-CoA;indole-3-ethanol;indole-3-pyruvate;NADP(+);NAD(+)	mechanical	+			LASER:Record1446183606.86:M1	1
LASER:Record1446183606.86:M1__C	gof	scored	add+del	BL21(DE3)	iML1515	26		LASER doi:10.1186/s13068-015-0270-7		diacylglycerol acyltransferase:add|ARO10:add|ADH2:add|fadD:reg+|alsS:add|ilvC:reg+|ilvD:reg+|tesA:del	C	MNXM1092836,MNXM1106160,MNXM1108092,MNXM1363844,MNXM1364251,MNXM1364393,MNXM1364443,MNXM1653,MNXM1670,MNXM1686,MNXM236,MNXM2476,MNXM314,MNXM315,MNXM402,MNXM404,MNXM4964,MNXM5,MNXM5188,MNXM5476,MNXM593,MNXM726902,MNXM728578,MNXM734,MNXM750,MNXM8	decanoyl-CoA;hexadecanoyl-CoA;ethanol;3-methyl-2-oxopentanoate;(9Z)-hexadecenoyl-CoA;(9Z)-octadecenoate;(9E)-tetradecenoic acid;hexanoate;3-methylbutanol;indole-3-ethanol;octadecanoate;2-phenylethanol;tetradecanoate;indole-3-pyruvate;dodecanoate;4-methyl-2-oxopentanoate;4-tyrosol;NADP(+);isobutanol;2-methylbutan-1-ol;(R)-pantoate;(S)-2-ethyl-2-hydroxy-3-oxobutanoate;Fatty-Acids;(2R)-2,3-dihydroxy-3-methylbutanoate;octanoate;NAD(+)	mechanical,resolved	+			LASER:Record1446183606.86:M1	1
LASER:Record1446183606.86:M1__P	gof	scored	add+del	BL21(DE3)	iML1515	26		LASER doi:10.1186/s13068-015-0270-7		diacylglycerol acyltransferase:add|ARO10:add|ADH2:add|fadD:reg+|alsS:add|ilvC:reg+|ilvD:reg+|tesA:del	P	MNXM1092836,MNXM1106160,MNXM1364251,MNXM5,MNXM8	decanoyl-CoA;hexadecanoyl-CoA;(9Z)-hexadecenoyl-CoA;NADP(+);NAD(+)	mechanical	+			LASER:Record1446183606.86:M1	1
LASER:Record1446183606.86:M1__S	gof	scored	add+del	BL21(DE3)	iML1515	26		LASER doi:10.1186/s13068-015-0270-7		diacylglycerol acyltransferase:add|ARO10:add|ADH2:add|fadD:reg+|alsS:add|ilvC:reg+|ilvD:reg+|tesA:del	S	MNXM1092836,MNXM1106160,MNXM1364251	decanoyl-CoA;hexadecanoyl-CoA;(9Z)-hexadecenoyl-CoA	mechanical	+			LASER:Record1446183606.86:M1	1
LASER:Record1446186204.92:M1__C	gof	scored	add+del	K-12	iML1515	3		LASER doi:10.1073/pnas.1506781112		ptsH:del|ptsI:del|crr:del|aroE:del|ydiB:del|ppsA:reg+|tktA:reg+|rpoA:mut	C	MNXM1372044,MNXM186,MNXM23,MNXM258,MNXM733314	glyceraldehyde 3-phosphate;D-xylulose 5-phosphate;pyruvate;D-erythrose 4-phosphate;D-sedoheptulose 7-phosphate	mechanical	+			LASER:Record1446186204.92:M1	0
LASER:Record1446186204.92:M1__P	gof	scored	add+del	K-12	iML1515	3		LASER doi:10.1073/pnas.1506781112		ptsH:del|ptsI:del|crr:del|aroE:del|ydiB:del|ppsA:reg+|tktA:reg+|rpoA:mut	P	MNXM1372044,MNXM186,MNXM258,MNXM733314	glyceraldehyde 3-phosphate;D-xylulose 5-phosphate;D-erythrose 4-phosphate;D-sedoheptulose 7-phosphate	mechanical	+			LASER:Record1446186204.92:M1	0
LASER:Record1446186204.92:M2__C	gof	scored	add+del	BL21(DE3)	iML1515	1		LASER doi:10.1073/pnas.1506781112		aroY:add|aroZ:add|catA:add|xylA:del|ShiA:reg+	C	MNXM602	shikimate	mechanical	+			LASER:Record1446186204.92:M2	1
LASER:Record1446188933.12:M1__N	gof	scored	add	BAP1	iML1515	1		LASER doi:10.1007/s10295-015-1642-5		indB:add|indC:add|glnA:reg+	N	MNXM729302,MNXM741173	NH4(+);L-glutamate	mechanical	+			LASER:Record1446188933.12:M1	1
LASER:Record1446188933.12:M1__C	gof	scored	add	BAP1	iML1515	1		LASER doi:10.1007/s10295-015-1642-5		indB:add|indC:add|glnA:reg+	C	MNXM741173	L-glutamate	mechanical	+			LASER:Record1446188933.12:M1	1
LASER:Record1446189740.63:M1__C	gof	scored	add+del	BW25113	iML1515	3		LASER doi:10.1007/s00253-015-6732-9		gapA:reg-|yqhD:reg+|glpK:mut|ptsG:del	C	MNXM2861,MNXM5,MNXM75,MNXM821	propane-1,3-diol;NADP(+);acetaldehyde;propanal	mechanical	+			LASER:Record1446189740.63:M1	0
LASER:Record1446189740.63:M1__N	gof	scored	add+del	BW25113	iML1515	3		LASER doi:10.1007/s00253-015-6732-9		gapA:reg-|yqhD:reg+|glpK:mut|ptsG:del	N	MNXM5	NADP(+)	mechanical	+			LASER:Record1446189740.63:M1	0
LASER:Record1446189740.63:M1__P	gof	scored	add+del	BW25113	iML1515	3		LASER doi:10.1007/s00253-015-6732-9		gapA:reg-|yqhD:reg+|glpK:mut|ptsG:del	P	MNXM5	NADP(+)	mechanical	+			LASER:Record1446189740.63:M1	0
LASER:Record1446446685.84:M1__C	gof	scored	add	W3110	iML1515	4		LASER doi:10.1016/j.ymben.2015.05.005		panD:add|aspA:reg+|ppc:reg+|acs:reg+	C	MNXM1364266,MNXM144,MNXM26,MNXM46,MNXM737340	propanoyl-CoA;beta-alanine;acetate;oxaloacetate;fumarate	mechanical,resolved	+			LASER:Record1446446685.84:M1	0
LASER:Record1446446685.84:M1__N	gof	scored	add	W3110	iML1515	4		LASER doi:10.1016/j.ymben.2015.05.005		panD:add|aspA:reg+|ppc:reg+|acs:reg+	N	MNXM1364266,MNXM144,MNXM729302	propanoyl-CoA;beta-alanine;NH4(+)	mechanical,resolved	+			LASER:Record1446446685.84:M1	0
LASER:Record1446446685.84:M1__S	gof	scored	add	W3110	iML1515	4		LASER doi:10.1016/j.ymben.2015.05.005		panD:add|aspA:reg+|ppc:reg+|acs:reg+	S	MNXM1364266	propanoyl-CoA	mechanical	+			LASER:Record1446446685.84:M1	0
LASER:Record1446446685.84:M1__P	gof	scored	add	W3110	iML1515	4		LASER doi:10.1016/j.ymben.2015.05.005		panD:add|aspA:reg+|ppc:reg+|acs:reg+	P	MNXM1364266	propanoyl-CoA	mechanical	+			LASER:Record1446446685.84:M1	0
LASER:Record1446532566.22:M1__C	gof	scored	del	BL21(DE3)	iML1515	0		LASER doi:10.1016/j.enzmictec.2009.08.003		ldhA:del|pflB:del|ptsG:del|ecaA:add	C	MNXM25	succinate	resolved	+			LASER:Record1446532566.22:M1	1
LASER:Record1446533955.78:M1__C	gof	scored	add	BW25113	iML1515	1		LASER doi:APPLIED AND ENVIRONMENTAL MICROBIOLOGY, May 1996, p. 1808-1810		ppc:reg+	C	MNXM25,MNXM46	succinate;oxaloacetate	mechanical,resolved	+			LASER:Record1446533955.78:M1	0
LASER:Record1446708226.78:M1__C	gof	scored	add	DH5alpha	iECDH10B	1		LASER doi:10.1002/jctb.4293		budA:add|budR:add|budB:add|NADH oxidase:add	C	MNXM664	(R)-acetoin	mechanical	+			LASER:Record1446708226.78:M1	0
LASER:Record1447396968.96:M1__C	gof	scored	add+del	MG1655	iML1515	1		LASER doi:10.1002/bit.25623		ackA:del|pta:del|adhE:del|ppsA:reg+	C	MNXM1371362,MNXM23	(R)-lactate;pyruvate	mechanical,resolved	+			LASER:Record1447396968.96:M1	0
LASER:Record1447398171.48:M1__C	gof	scored	add+del	MG1655	iML1515	2		LASER doi:10.1021/sb500240p		lldD:del|adhE:del|dld:del|ldhA:del|Lactoyl-CoA transferase:add|lactaldehyde dehydrogenase:add|YahK:reg+	C	MNXM732880,MNXM909	(S)-lactaldehyde;(R)-lactaldehyde	mechanical	+			LASER:Record1447398171.48:M1	0
LASER:Record1447654226.12:M1__N	gof	scored	add	BW25113	iML1515	6		LASER doi:10.1016/j.ymben.2015.04.005		LacI:reg+|luxI:reg+|luxR:reg+|tetR:reg+|gltA:reg+|thlA:add|atoA:reg+|acetoacetate decarboxylase:add|adhE:add|atoD:reg+	N	MNXM1104266,MNXM1104300,MNXM8	acetyl-CoA;butanoyl-CoA;NAD(+)	mechanical	+			LASER:Record1447654226.12:M1	0
LASER:Record1447654226.12:M1__S	gof	scored	add	BW25113	iML1515	6		LASER doi:10.1016/j.ymben.2015.04.005		LacI:reg+|luxI:reg+|luxR:reg+|tetR:reg+|gltA:reg+|thlA:add|atoA:reg+|acetoacetate decarboxylase:add|adhE:add|atoD:reg+	S	MNXM1104266,MNXM1104300	acetyl-CoA;butanoyl-CoA	mechanical	+			LASER:Record1447654226.12:M1	0
LASER:Record1447654226.12:M1__C	gof	scored	add	BW25113	iML1515	6		LASER doi:10.1016/j.ymben.2015.04.005		LacI:reg+|luxI:reg+|luxR:reg+|tetR:reg+|gltA:reg+|thlA:add|atoA:reg+|acetoacetate decarboxylase:add|adhE:add|atoD:reg+	C	MNXM1104266,MNXM1104300,MNXM1107752,MNXM1653,MNXM26,MNXM5188,MNXM729595,MNXM75,MNXM8	acetyl-CoA;butanoyl-CoA;citrate;hexanoate;acetate;isobutanol;acetoacetate;acetaldehyde;NAD(+)	mechanical,resolved	+			LASER:Record1447654226.12:M1	0
LASER:Record1447654226.12:M1__P	gof	scored	add	BW25113	iML1515	6		LASER doi:10.1016/j.ymben.2015.04.005		LacI:reg+|luxI:reg+|luxR:reg+|tetR:reg+|gltA:reg+|thlA:add|atoA:reg+|acetoacetate decarboxylase:add|adhE:add|atoD:reg+	P	MNXM1104266,MNXM1104300,MNXM8	acetyl-CoA;butanoyl-CoA;NAD(+)	mechanical	+			LASER:Record1447654226.12:M1	0
LASER:Record1447657780.0:M1__C	gof	scored	add	JM101	iML1515	12		LASER doi:Biotechnology Letters 21: 791795, 1999		dxs:reg+|dxr:reg+|idi:reg+|crtE:add|crtB:add|crtI:add|crtY:add	C	MNXM1108250,MNXM1363833,MNXM1370262,MNXM5,MNXM622,MNXM728266,MNXM730435,MNXM83	all-trans-beta-carotene;(2E,6E)-farnesyl diphosphate;15-cis-phytoene;NADP(+);1-deoxy-D-xylulose 5-phosphate;(2E,6E,10E)-geranylgeranyl diphosphate;2-C-methyl-D-erythritol 4-phosphate;isopentenyl diphosphate	mechanical	+			LASER:Record1447657780.0:M1	0
LASER:Record1447657780.0:M1__P	gof	scored	add	JM101	iML1515	12		LASER doi:Biotechnology Letters 21: 791795, 1999		dxs:reg+|dxr:reg+|idi:reg+|crtE:add|crtB:add|crtI:add|crtY:add	P	MNXM1363833,MNXM5,MNXM622,MNXM728266,MNXM730435,MNXM83	(2E,6E)-farnesyl diphosphate;NADP(+);1-deoxy-D-xylulose 5-phosphate;(2E,6E,10E)-geranylgeranyl diphosphate;2-C-methyl-D-erythritol 4-phosphate;isopentenyl diphosphate	mechanical	+			LASER:Record1447657780.0:M1	0
LASER:Record1447657780.0:M1__N	gof	scored	add	JM101	iML1515	12		LASER doi:Biotechnology Letters 21: 791795, 1999		dxs:reg+|dxr:reg+|idi:reg+|crtE:add|crtB:add|crtI:add|crtY:add	N	MNXM5	NADP(+)	mechanical	+			LASER:Record1447657780.0:M1	0
LASER:Record1447658659.44:M1__C	gof	scored	add+del	W3110	iML1515	5		LASER doi:10.1002/bit.10702		glk:reg+|galP:reg+|lacI:del|ptsH:del|ptsI:del|crr:del|pdc:add|adhB:add	C	MNXM1108092,MNXM1364061,MNXM1364111,MNXM1364488,MNXM23,MNXM8	ethanol;D-glucose;D-glucose 6-phosphate;D-Galactose;pyruvate;NAD(+)	mechanical	+			LASER:Record1447658659.44:M1	0
LASER:Record1447658659.44:M1__P	gof	scored	add+del	W3110	iML1515	5		LASER doi:10.1002/bit.10702		glk:reg+|galP:reg+|lacI:del|ptsH:del|ptsI:del|crr:del|pdc:add|adhB:add	P	MNXM1364111,MNXM8	D-glucose 6-phosphate;NAD(+)	mechanical	+			LASER:Record1447658659.44:M1	0
LASER:Record1447658659.44:M1__N	gof	scored	add+del	W3110	iML1515	5		LASER doi:10.1002/bit.10702		glk:reg+|galP:reg+|lacI:del|ptsH:del|ptsI:del|crr:del|pdc:add|adhB:add	N	MNXM8	NAD(+)	mechanical	+			LASER:Record1447658659.44:M1	0
LASER:Record1447749536.66:M1__C	gof	scored	del	W1485	iML1515	0		LASER doi:0273-2289/98/70-72-0187$11.00-X		ptsG:del|ldhA:del|pflB:del	C	MNXM25	succinate	resolved	+			LASER:Record1447749536.66:M1	0
LASER:Record1447752243.55:M2__N	gof	scored	add+del	MG1655	iML1515	19		LASER doi:10.1016/j.ymben.2015.04.003		fadE:del|araD:del|acpS:add|FAS1A:add|mlut_11700:add|fadM:reg+|fadB:reg+	N	MNXM1103315,MNXM1104681,MNXM1104711,MNXM1104721,MNXM1104724,MNXM1104726,MNXM1104783,MNXM1105912,MNXM1106007,MNXM1363936,MNXM1364155,MNXM1364251,MNXM1364270,MNXM2290,MNXM8	(3S)-hydroxyoctadecanoyl-CoA;(3S)-hydroxydecanoyl-CoA;(3S)-3-hydroxydodecanoyl-CoA;(3S)-hydroxyhexanoyl-CoA;(3S)-hydroxyoctanoyl-CoA;(3S)-hydroxytetradecanoyl-CoA;(2E)-octadecenoyl-CoA;(3S)-3-hydroxybutanoyl-CoA;(2E)-octenoyl-CoA;(2E)-butenoyl-CoA;(9Z)-octadecenoyl-CoA;(9Z)-hexadecenoyl-CoA;(3S)-hydroxyhexadecanoyl-CoA;a tetradecenoyl-CoA (n-C14:1CoA);NAD(+)	mechanical	+			LASER:Record1447752243.55:M2	0
LASER:Record1447752243.55:M2__S	gof	scored	add+del	MG1655	iML1515	19		LASER doi:10.1016/j.ymben.2015.04.003		fadE:del|araD:del|acpS:add|FAS1A:add|mlut_11700:add|fadM:reg+|fadB:reg+	S	MNXM1103315,MNXM1104681,MNXM1104711,MNXM1104721,MNXM1104724,MNXM1104726,MNXM1104783,MNXM1105912,MNXM1106007,MNXM1363936,MNXM1364155,MNXM1364251,MNXM1364270,MNXM2290	(3S)-hydroxyoctadecanoyl-CoA;(3S)-hydroxydecanoyl-CoA;(3S)-3-hydroxydodecanoyl-CoA;(3S)-hydroxyhexanoyl-CoA;(3S)-hydroxyoctanoyl-CoA;(3S)-hydroxytetradecanoyl-CoA;(2E)-octadecenoyl-CoA;(3S)-3-hydroxybutanoyl-CoA;(2E)-octenoyl-CoA;(2E)-butenoyl-CoA;(9Z)-octadecenoyl-CoA;(9Z)-hexadecenoyl-CoA;(3S)-hydroxyhexadecanoyl-CoA;a tetradecenoyl-CoA (n-C14:1CoA)	mechanical	+			LASER:Record1447752243.55:M2	0
LASER:Record1447752243.55:M2__C	gof	scored	add+del	MG1655	iML1515	19		LASER doi:10.1016/j.ymben.2015.04.003		fadE:del|araD:del|acpS:add|FAS1A:add|mlut_11700:add|fadM:reg+|fadB:reg+	C	MNXM1103315,MNXM1104681,MNXM1104711,MNXM1104721,MNXM1104724,MNXM1104726,MNXM1104783,MNXM1105912,MNXM1106007,MNXM1363936,MNXM1364155,MNXM1364251,MNXM1364270,MNXM2290,MNXM8	(3S)-hydroxyoctadecanoyl-CoA;(3S)-hydroxydecanoyl-CoA;(3S)-3-hydroxydodecanoyl-CoA;(3S)-hydroxyhexanoyl-CoA;(3S)-hydroxyoctanoyl-CoA;(3S)-hydroxytetradecanoyl-CoA;(2E)-octadecenoyl-CoA;(3S)-3-hydroxybutanoyl-CoA;(2E)-octenoyl-CoA;(2E)-butenoyl-CoA;(9Z)-octadecenoyl-CoA;(9Z)-hexadecenoyl-CoA;(3S)-hydroxyhexadecanoyl-CoA;a tetradecenoyl-CoA (n-C14:1CoA);NAD(+)	mechanical	+			LASER:Record1447752243.55:M2	0
LASER:Record1447752243.55:M2__P	gof	scored	add+del	MG1655	iML1515	19		LASER doi:10.1016/j.ymben.2015.04.003		fadE:del|araD:del|acpS:add|FAS1A:add|mlut_11700:add|fadM:reg+|fadB:reg+	P	MNXM1103315,MNXM1104681,MNXM1104711,MNXM1104721,MNXM1104724,MNXM1104726,MNXM1104783,MNXM1105912,MNXM1106007,MNXM1363936,MNXM1364155,MNXM1364251,MNXM1364270,MNXM2290,MNXM8	(3S)-hydroxyoctadecanoyl-CoA;(3S)-hydroxydecanoyl-CoA;(3S)-3-hydroxydodecanoyl-CoA;(3S)-hydroxyhexanoyl-CoA;(3S)-hydroxyoctanoyl-CoA;(3S)-hydroxytetradecanoyl-CoA;(2E)-octadecenoyl-CoA;(3S)-3-hydroxybutanoyl-CoA;(2E)-octenoyl-CoA;(2E)-butenoyl-CoA;(9Z)-octadecenoyl-CoA;(9Z)-hexadecenoyl-CoA;(3S)-hydroxyhexadecanoyl-CoA;a tetradecenoyl-CoA (n-C14:1CoA);NAD(+)	mechanical	+			LASER:Record1447752243.55:M2	0
LASER:Record1447998153.11:M1__N	gof	scored	add+del	BL21(DE3)	iML1515	2		LASER doi:10.1099/mic.0.078329-0		ldhA:del|adhE:del|ackA:del|pta:del|frdC:del|yciA:del|acetyl-CoA C-acetyltransferase:add|3-hydroxybutyryl-CoA dehydrogenase:add|3-hydroxybutyryl-CoA dehydratase:add|ter:del	N	MNXM1104266,MNXM1105912,MNXM8	acetyl-CoA;(3S)-3-hydroxybutanoyl-CoA;NAD(+)	mechanical	+			LASER:Record1447998153.11:M1	1
LASER:Record1447998153.11:M1__S	gof	scored	add+del	BL21(DE3)	iML1515	2		LASER doi:10.1099/mic.0.078329-0		ldhA:del|adhE:del|ackA:del|pta:del|frdC:del|yciA:del|acetyl-CoA C-acetyltransferase:add|3-hydroxybutyryl-CoA dehydrogenase:add|3-hydroxybutyryl-CoA dehydratase:add|ter:del	S	MNXM1104266,MNXM1105912	acetyl-CoA;(3S)-3-hydroxybutanoyl-CoA	mechanical	+			LASER:Record1447998153.11:M1	1
LASER:Record1447998153.11:M1__C	gof	scored	add+del	BL21(DE3)	iML1515	2		LASER doi:10.1099/mic.0.078329-0		ldhA:del|adhE:del|ackA:del|pta:del|frdC:del|yciA:del|acetyl-CoA C-acetyltransferase:add|3-hydroxybutyryl-CoA dehydrogenase:add|3-hydroxybutyryl-CoA dehydratase:add|ter:del	C	MNXM1104266,MNXM1105912,MNXM1653,MNXM8	acetyl-CoA;(3S)-3-hydroxybutanoyl-CoA;hexanoate;NAD(+)	mechanical,resolved	+			LASER:Record1447998153.11:M1	1
LASER:Record1447998153.11:M1__P	gof	scored	add+del	BL21(DE3)	iML1515	2		LASER doi:10.1099/mic.0.078329-0		ldhA:del|adhE:del|ackA:del|pta:del|frdC:del|yciA:del|acetyl-CoA C-acetyltransferase:add|3-hydroxybutyryl-CoA dehydrogenase:add|3-hydroxybutyryl-CoA dehydratase:add|ter:del	P	MNXM1104266,MNXM1105912,MNXM8	acetyl-CoA;(3S)-3-hydroxybutanoyl-CoA;NAD(+)	mechanical	+			LASER:Record1447998153.11:M1	1
LASER:Record1449036887.89:M1__C	gof	scored	add+del	BW25113	iML1515	1		LASER doi:10.1016/j.ymben.2015.03.018		fabH:reg-|entC:reg+|pqsD:add|sdgA:add|pchB:add	C	MNXM799	isochorismate	mechanical	+			LASER:Record1449036887.89:M1	0
LASER:Record1449036887.89:M2__C	gof	scored	add+del	BW25113	iML1515	1		LASER doi:10.1016/j.ymben.2015.03.018		fabF:reg-|entC:reg+|pqsD:add|sdgA:add|pchB:add	C	MNXM799	isochorismate	mechanical	+			LASER:Record1449036887.89:M2	0
LASER:Record1449036887.89:M3__C	gof	scored	add+del	BW25113	iML1515	1		LASER doi:10.1016/j.ymben.2015.03.018		fabB:reg-|entC:reg+|pqsD:add|sdgA:add|pchB:add	C	MNXM799	isochorismate	mechanical	+			LASER:Record1449036887.89:M3	0
LASER:Record1449036887.89:M4__C	gof	scored	add+del	BW25113	iML1515	1		LASER doi:10.1016/j.ymben.2015.03.018		fabD:reg-|entC:reg+|pqsD:add|sdgA:add|pchB:add	C	MNXM799	isochorismate	mechanical	+			LASER:Record1449036887.89:M4	0
LASER:Record1449036887.89:M5__C	gof	scored	add+del	BW25113	iML1515	1		LASER doi:10.1016/j.ymben.2015.03.018		fabH:reg-|entC:reg+|pqsD:add|sdgA:add|pchB:add|fabD:reg-	C	MNXM799	isochorismate	mechanical	+			LASER:Record1449036887.89:M5	0
LASER:Record1449048863.44:M1__C	gof	scored	add	BL21	iML1515	11		LASER doi:Patrik R Jones		atoB:reg+|hbd:add|crt:add|ter:add|adhE2:add|ADO:add	C	MNXM1103616,MNXM1104266,MNXM1104300,MNXM1104721,MNXM1105912,MNXM1363936,MNXM18358,MNXM3230,MNXM8	hexanoyl-CoA;acetyl-CoA;butanoyl-CoA;(3S)-hydroxyhexanoyl-CoA;(3S)-3-hydroxybutanoyl-CoA;(2E)-butenoyl-CoA;hexan-1-ol;butan-1-ol;NAD(+)	mechanical	+			LASER:Record1449048863.44:M1	1
LASER:Record1449048863.44:M1__N	gof	scored	add	BL21	iML1515	11		LASER doi:Patrik R Jones		atoB:reg+|hbd:add|crt:add|ter:add|adhE2:add|ADO:add	N	MNXM1103616,MNXM1104266,MNXM1104300,MNXM1104721,MNXM1105912,MNXM1363936,MNXM8	hexanoyl-CoA;acetyl-CoA;butanoyl-CoA;(3S)-hydroxyhexanoyl-CoA;(3S)-3-hydroxybutanoyl-CoA;(2E)-butenoyl-CoA;NAD(+)	mechanical	+			LASER:Record1449048863.44:M1	1
LASER:Record1449048863.44:M1__P	gof	scored	add	BL21	iML1515	11		LASER doi:Patrik R Jones		atoB:reg+|hbd:add|crt:add|ter:add|adhE2:add|ADO:add	P	MNXM1103616,MNXM1104266,MNXM1104300,MNXM1104721,MNXM1105912,MNXM1363936,MNXM8	hexanoyl-CoA;acetyl-CoA;butanoyl-CoA;(3S)-hydroxyhexanoyl-CoA;(3S)-3-hydroxybutanoyl-CoA;(2E)-butenoyl-CoA;NAD(+)	mechanical	+			LASER:Record1449048863.44:M1	1
LASER:Record1449048863.44:M1__S	gof	scored	add	BL21	iML1515	11		LASER doi:Patrik R Jones		atoB:reg+|hbd:add|crt:add|ter:add|adhE2:add|ADO:add	S	MNXM1103616,MNXM1104266,MNXM1104300,MNXM1104721,MNXM1105912,MNXM1363936	hexanoyl-CoA;acetyl-CoA;butanoyl-CoA;(3S)-hydroxyhexanoyl-CoA;(3S)-3-hydroxybutanoyl-CoA;(2E)-butenoyl-CoA	mechanical	+			LASER:Record1449048863.44:M1	1
LASER:Record1449048863.44:M2__N	gof	scored	add	BL21	iML1515	7		LASER doi:Patrik R Jones		atoB:reg+|crt:add|ter:add|hbd:add|ADO:add|yciA:add|CAR:add	N	MNXM1103616,MNXM1104266,MNXM1104300,MNXM1104721,MNXM1105912,MNXM1363936,MNXM8	hexanoyl-CoA;acetyl-CoA;butanoyl-CoA;(3S)-hydroxyhexanoyl-CoA;(3S)-3-hydroxybutanoyl-CoA;(2E)-butenoyl-CoA;NAD(+)	mechanical	+			LASER:Record1449048863.44:M2	1
LASER:Record1449048863.44:M2__S	gof	scored	add	BL21	iML1515	7		LASER doi:Patrik R Jones		atoB:reg+|crt:add|ter:add|hbd:add|ADO:add|yciA:add|CAR:add	S	MNXM1103616,MNXM1104266,MNXM1104300,MNXM1104721,MNXM1105912,MNXM1363936	hexanoyl-CoA;acetyl-CoA;butanoyl-CoA;(3S)-hydroxyhexanoyl-CoA;(3S)-3-hydroxybutanoyl-CoA;(2E)-butenoyl-CoA	mechanical	+			LASER:Record1449048863.44:M2	1
LASER:Record1449048863.44:M2__C	gof	scored	add	BL21	iML1515	7		LASER doi:Patrik R Jones		atoB:reg+|crt:add|ter:add|hbd:add|ADO:add|yciA:add|CAR:add	C	MNXM1103616,MNXM1104266,MNXM1104300,MNXM1104721,MNXM1105912,MNXM1363936,MNXM8	hexanoyl-CoA;acetyl-CoA;butanoyl-CoA;(3S)-hydroxyhexanoyl-CoA;(3S)-3-hydroxybutanoyl-CoA;(2E)-butenoyl-CoA;NAD(+)	mechanical	+			LASER:Record1449048863.44:M2	1
LASER:Record1449048863.44:M2__P	gof	scored	add	BL21	iML1515	7		LASER doi:Patrik R Jones		atoB:reg+|crt:add|ter:add|hbd:add|ADO:add|yciA:add|CAR:add	P	MNXM1103616,MNXM1104266,MNXM1104300,MNXM1104721,MNXM1105912,MNXM1363936,MNXM8	hexanoyl-CoA;acetyl-CoA;butanoyl-CoA;(3S)-hydroxyhexanoyl-CoA;(3S)-3-hydroxybutanoyl-CoA;(2E)-butenoyl-CoA;NAD(+)	mechanical	+			LASER:Record1449048863.44:M2	1
LASER:Record1449048863.44:M3__N	gof	scored	add	BL21	iML1515	6		LASER doi:Patrik R Jones		nphT7:add|hbd:add|crt:add|ter:add|yciA:add|CAR:add|ADO:add	N	MNXM1103616,MNXM1104300,MNXM1104721,MNXM1105912,MNXM1363936,MNXM8	hexanoyl-CoA;butanoyl-CoA;(3S)-hydroxyhexanoyl-CoA;(3S)-3-hydroxybutanoyl-CoA;(2E)-butenoyl-CoA;NAD(+)	mechanical	+			LASER:Record1449048863.44:M3	1
LASER:Record1449048863.44:M3__S	gof	scored	add	BL21	iML1515	6		LASER doi:Patrik R Jones		nphT7:add|hbd:add|crt:add|ter:add|yciA:add|CAR:add|ADO:add	S	MNXM1103616,MNXM1104300,MNXM1104721,MNXM1105912,MNXM1363936	hexanoyl-CoA;butanoyl-CoA;(3S)-hydroxyhexanoyl-CoA;(3S)-3-hydroxybutanoyl-CoA;(2E)-butenoyl-CoA	mechanical	+			LASER:Record1449048863.44:M3	1
LASER:Record1449048863.44:M3__C	gof	scored	add	BL21	iML1515	6		LASER doi:Patrik R Jones		nphT7:add|hbd:add|crt:add|ter:add|yciA:add|CAR:add|ADO:add	C	MNXM1103616,MNXM1104300,MNXM1104721,MNXM1105912,MNXM1363936,MNXM8	hexanoyl-CoA;butanoyl-CoA;(3S)-hydroxyhexanoyl-CoA;(3S)-3-hydroxybutanoyl-CoA;(2E)-butenoyl-CoA;NAD(+)	mechanical	+			LASER:Record1449048863.44:M3	1
LASER:Record1449048863.44:M3__P	gof	scored	add	BL21	iML1515	6		LASER doi:Patrik R Jones		nphT7:add|hbd:add|crt:add|ter:add|yciA:add|CAR:add|ADO:add	P	MNXM1103616,MNXM1104300,MNXM1104721,MNXM1105912,MNXM1363936,MNXM8	hexanoyl-CoA;butanoyl-CoA;(3S)-hydroxyhexanoyl-CoA;(3S)-3-hydroxybutanoyl-CoA;(2E)-butenoyl-CoA;NAD(+)	mechanical	+			LASER:Record1449048863.44:M3	1
LASER:Record1449048863.44:M4__C	gof	scored	add	BL21	iML1515	10		LASER doi:Patrik R Jones		nphT7:add|hbd:add|crt:add|ter:add|adhE2:add|ADO:add	C	MNXM1103616,MNXM1104300,MNXM1104721,MNXM1105912,MNXM1363936,MNXM18358,MNXM3230,MNXM8	hexanoyl-CoA;butanoyl-CoA;(3S)-hydroxyhexanoyl-CoA;(3S)-3-hydroxybutanoyl-CoA;(2E)-butenoyl-CoA;hexan-1-ol;butan-1-ol;NAD(+)	mechanical	+			LASER:Record1449048863.44:M4	1
LASER:Record1449048863.44:M4__N	gof	scored	add	BL21	iML1515	10		LASER doi:Patrik R Jones		nphT7:add|hbd:add|crt:add|ter:add|adhE2:add|ADO:add	N	MNXM1103616,MNXM1104300,MNXM1104721,MNXM1105912,MNXM1363936,MNXM8	hexanoyl-CoA;butanoyl-CoA;(3S)-hydroxyhexanoyl-CoA;(3S)-3-hydroxybutanoyl-CoA;(2E)-butenoyl-CoA;NAD(+)	mechanical	+			LASER:Record1449048863.44:M4	1
LASER:Record1449048863.44:M4__P	gof	scored	add	BL21	iML1515	10		LASER doi:Patrik R Jones		nphT7:add|hbd:add|crt:add|ter:add|adhE2:add|ADO:add	P	MNXM1103616,MNXM1104300,MNXM1104721,MNXM1105912,MNXM1363936,MNXM8	hexanoyl-CoA;butanoyl-CoA;(3S)-hydroxyhexanoyl-CoA;(3S)-3-hydroxybutanoyl-CoA;(2E)-butenoyl-CoA;NAD(+)	mechanical	+			LASER:Record1449048863.44:M4	1
LASER:Record1449048863.44:M4__S	gof	scored	add	BL21	iML1515	10		LASER doi:Patrik R Jones		nphT7:add|hbd:add|crt:add|ter:add|adhE2:add|ADO:add	S	MNXM1103616,MNXM1104300,MNXM1104721,MNXM1105912,MNXM1363936	hexanoyl-CoA;butanoyl-CoA;(3S)-hydroxyhexanoyl-CoA;(3S)-3-hydroxybutanoyl-CoA;(2E)-butenoyl-CoA	mechanical	+			LASER:Record1449048863.44:M4	1
LASER:Record1449050713.56:M1__N	gof	scored	add+del	BW25113	iML1515	5		LASER doi:10.1016/j.jbiotec.2015.03.027		ldhA:del|ter:add|phaJ:add|phaA:add|phaB:add|bld:add	N	MNXM1103616,MNXM1104266,MNXM1104300,MNXM1364140,MNXM5,MNXM8	hexanoyl-CoA;acetyl-CoA;butanoyl-CoA;(3R)-3-hydroxybutanoyl-CoA;NADP(+);NAD(+)	mechanical	+			LASER:Record1449050713.56:M1	0
LASER:Record1449050713.56:M1__S	gof	scored	add+del	BW25113	iML1515	5		LASER doi:10.1016/j.jbiotec.2015.03.027		ldhA:del|ter:add|phaJ:add|phaA:add|phaB:add|bld:add	S	MNXM1103616,MNXM1104266,MNXM1104300,MNXM1364140	hexanoyl-CoA;acetyl-CoA;butanoyl-CoA;(3R)-3-hydroxybutanoyl-CoA	mechanical	+			LASER:Record1449050713.56:M1	0
LASER:Record1449050713.56:M1__C	gof	scored	add+del	BW25113	iML1515	5		LASER doi:10.1016/j.jbiotec.2015.03.027		ldhA:del|ter:add|phaJ:add|phaA:add|phaB:add|bld:add	C	MNXM1103616,MNXM1104266,MNXM1104300,MNXM1364140,MNXM5,MNXM8	hexanoyl-CoA;acetyl-CoA;butanoyl-CoA;(3R)-3-hydroxybutanoyl-CoA;NADP(+);NAD(+)	mechanical	+			LASER:Record1449050713.56:M1	0
LASER:Record1449050713.56:M1__P	gof	scored	add+del	BW25113	iML1515	5		LASER doi:10.1016/j.jbiotec.2015.03.027		ldhA:del|ter:add|phaJ:add|phaA:add|phaB:add|bld:add	P	MNXM1103616,MNXM1104266,MNXM1104300,MNXM1364140,MNXM5,MNXM8	hexanoyl-CoA;acetyl-CoA;butanoyl-CoA;(3R)-3-hydroxybutanoyl-CoA;NADP(+);NAD(+)	mechanical	+			LASER:Record1449050713.56:M1	0
LASER:Record1449201641.39:M1__C	gof	scored	add	JM109	iML1515	3		LASER doi:10.1016/j.ymben.2015.03.015i		phaC:add|pduP:add|gdrA:add|gdrB:add|dhaB:add|GPP2:add|GPD1:add	C	MNXM66,MNXM8,MNXM89612	sn-glycerol 3-phosphate;NAD(+);glycerol	mechanical	+			LASER:Record1449201641.39:M1	0
LASER:Record1449201641.39:M1__P	gof	scored	add	JM109	iML1515	3		LASER doi:10.1016/j.ymben.2015.03.015i		phaC:add|pduP:add|gdrA:add|gdrB:add|dhaB:add|GPP2:add|GPD1:add	P	MNXM66,MNXM8	sn-glycerol 3-phosphate;NAD(+)	mechanical	+			LASER:Record1449201641.39:M1	0
LASER:Record1449201641.39:M1__N	gof	scored	add	JM109	iML1515	3		LASER doi:10.1016/j.ymben.2015.03.015i		phaC:add|pduP:add|gdrA:add|gdrB:add|dhaB:add|GPP2:add|GPD1:add	N	MNXM8	NAD(+)	mechanical	+			LASER:Record1449201641.39:M1	0
LASER:Record1449201641.39:M2__C	gof	scored	add	JM109	iML1515	5		LASER doi:10.1016/j.ymben.2015.03.015i		phaB:add|phaA:add|phaC:add|pduP:add|gdrA:add|gdrB:add|dhaB:add|GPP2:add|GPD1:add	C	MNXM1104266,MNXM1364140,MNXM5,MNXM66,MNXM8,MNXM89612	acetyl-CoA;(3R)-3-hydroxybutanoyl-CoA;NADP(+);sn-glycerol 3-phosphate;NAD(+);glycerol	mechanical	+			LASER:Record1449201641.39:M2	0
LASER:Record1449201641.39:M2__N	gof	scored	add	JM109	iML1515	5		LASER doi:10.1016/j.ymben.2015.03.015i		phaB:add|phaA:add|phaC:add|pduP:add|gdrA:add|gdrB:add|dhaB:add|GPP2:add|GPD1:add	N	MNXM1104266,MNXM1364140,MNXM5,MNXM8	acetyl-CoA;(3R)-3-hydroxybutanoyl-CoA;NADP(+);NAD(+)	mechanical	+			LASER:Record1449201641.39:M2	0
LASER:Record1449201641.39:M2__S	gof	scored	add	JM109	iML1515	5		LASER doi:10.1016/j.ymben.2015.03.015i		phaB:add|phaA:add|phaC:add|pduP:add|gdrA:add|gdrB:add|dhaB:add|GPP2:add|GPD1:add	S	MNXM1104266,MNXM1364140	acetyl-CoA;(3R)-3-hydroxybutanoyl-CoA	mechanical	+			LASER:Record1449201641.39:M2	0
LASER:Record1449201641.39:M2__P	gof	scored	add	JM109	iML1515	5		LASER doi:10.1016/j.ymben.2015.03.015i		phaB:add|phaA:add|phaC:add|pduP:add|gdrA:add|gdrB:add|dhaB:add|GPP2:add|GPD1:add	P	MNXM1104266,MNXM1364140,MNXM5,MNXM66,MNXM8	acetyl-CoA;(3R)-3-hydroxybutanoyl-CoA;NADP(+);sn-glycerol 3-phosphate;NAD(+)	mechanical	+			LASER:Record1449201641.39:M2	0
LASER:Record1449209053.61:M1__C	gof	scored	add+del	BL21(DE3)	iML1515	7		LASER doi:10.1002/biot.201400023		atoB:reg+|ERG13:add|HMG1:del|ERG12:add|ERG8:add|ERG19:add|idi:reg+|Limonene synthase:add|GPPS2:add	C	MNXM1104235,MNXM1104266,MNXM1372148,MNXM733934,MNXM738283,MNXM83	(3S)-3-hydroxy-3-methylglutaryl-CoA;acetyl-CoA;(4S)-limonene;(R)-5-diphosphomevalonate;(R)-5-phosphomevalonate;isopentenyl diphosphate	mechanical,resolved	+			LASER:Record1449209053.61:M1	1
LASER:Record1449209053.61:M1__P	gof	scored	add+del	BL21(DE3)	iML1515	7		LASER doi:10.1002/biot.201400023		atoB:reg+|ERG13:add|HMG1:del|ERG12:add|ERG8:add|ERG19:add|idi:reg+|Limonene synthase:add|GPPS2:add	P	MNXM1104235,MNXM1104266,MNXM733934,MNXM738283,MNXM83	(3S)-3-hydroxy-3-methylglutaryl-CoA;acetyl-CoA;(R)-5-diphosphomevalonate;(R)-5-phosphomevalonate;isopentenyl diphosphate	mechanical	+			LASER:Record1449209053.61:M1	1
LASER:Record1449209053.61:M1__N	gof	scored	add+del	BL21(DE3)	iML1515	7		LASER doi:10.1002/biot.201400023		atoB:reg+|ERG13:add|HMG1:del|ERG12:add|ERG8:add|ERG19:add|idi:reg+|Limonene synthase:add|GPPS2:add	N	MNXM1104235,MNXM1104266	(3S)-3-hydroxy-3-methylglutaryl-CoA;acetyl-CoA	mechanical	+			LASER:Record1449209053.61:M1	1
LASER:Record1449209053.61:M1__S	gof	scored	add+del	BL21(DE3)	iML1515	7		LASER doi:10.1002/biot.201400023		atoB:reg+|ERG13:add|HMG1:del|ERG12:add|ERG8:add|ERG19:add|idi:reg+|Limonene synthase:add|GPPS2:add	S	MNXM1104235,MNXM1104266	(3S)-3-hydroxy-3-methylglutaryl-CoA;acetyl-CoA	mechanical	+			LASER:Record1449209053.61:M1	1
LASER:Record1449210616.38:M1__C	gof	scored	add	BL21(DE3)	iML1515	5		LASER doi:10.1021/acssynbio.5b00012		4-coumaroyl-coenzyme A:add|chalcone synthase:add|chalcone isomerase:add|fumC:reg+|sucA:reg+|scpC:reg+|fadR:reg+	C	MNXM1364266,MNXM1368744,MNXM25,MNXM5901,MNXM737340,MNXM738152,MNXM738153,MNXM8	propanoyl-CoA;2-oxoglutarate;succinate;pinocembrin chalcone;fumarate;(2S)-naringenin;naringenin;NAD(+)	mechanical,resolved	+			LASER:Record1449210616.38:M1	1
LASER:Record1449210616.38:M1__N	gof	scored	add	BL21(DE3)	iML1515	5		LASER doi:10.1021/acssynbio.5b00012		4-coumaroyl-coenzyme A:add|chalcone synthase:add|chalcone isomerase:add|fumC:reg+|sucA:reg+|scpC:reg+|fadR:reg+	N	MNXM1364266,MNXM8	propanoyl-CoA;NAD(+)	mechanical	+			LASER:Record1449210616.38:M1	1
LASER:Record1449210616.38:M1__S	gof	scored	add	BL21(DE3)	iML1515	5		LASER doi:10.1021/acssynbio.5b00012		4-coumaroyl-coenzyme A:add|chalcone synthase:add|chalcone isomerase:add|fumC:reg+|sucA:reg+|scpC:reg+|fadR:reg+	S	MNXM1364266	propanoyl-CoA	mechanical	+			LASER:Record1449210616.38:M1	1
LASER:Record1449210616.38:M1__P	gof	scored	add	BL21(DE3)	iML1515	5		LASER doi:10.1021/acssynbio.5b00012		4-coumaroyl-coenzyme A:add|chalcone synthase:add|chalcone isomerase:add|fumC:reg+|sucA:reg+|scpC:reg+|fadR:reg+	P	MNXM1364266,MNXM8	propanoyl-CoA;NAD(+)	mechanical	+			LASER:Record1449210616.38:M1	1
LASER:Record1449552601.91:M1__N	gof	scored	add	BW25113 (DE3)	iML1515	5		LASER doi:10.1007/s11274-014-1679-z		aroK:del|aroL:del|aroG:reg+|aroB:reg+|tktA:reg+|aroE:reg+	N	MNXM5	NADP(+)	mechanical	+			LASER:Record1449552601.91:M1	0
LASER:Record1449552601.91:M1__C	gof	scored	add	BW25113 (DE3)	iML1515	5		LASER doi:10.1007/s11274-014-1679-z		aroK:del|aroL:del|aroG:reg+|aroB:reg+|tktA:reg+|aroE:reg+	C	MNXM1372044,MNXM186,MNXM258,MNXM5,MNXM602,MNXM73,MNXM733314,MNXM736874	glyceraldehyde 3-phosphate;D-xylulose 5-phosphate;D-erythrose 4-phosphate;NADP(+);shikimate;phosphoenolpyruvate;D-sedoheptulose 7-phosphate;3-dehydroquinate	mechanical	+			LASER:Record1449552601.91:M1	0
LASER:Record1449552601.91:M1__P	gof	scored	add	BW25113 (DE3)	iML1515	5		LASER doi:10.1007/s11274-014-1679-z		aroK:del|aroL:del|aroG:reg+|aroB:reg+|tktA:reg+|aroE:reg+	P	MNXM1372044,MNXM186,MNXM258,MNXM5,MNXM73,MNXM733314	glyceraldehyde 3-phosphate;D-xylulose 5-phosphate;D-erythrose 4-phosphate;NADP(+);phosphoenolpyruvate;D-sedoheptulose 7-phosphate	mechanical	+			LASER:Record1449552601.91:M1	0
LASER:Record1449554092.27:M1__C	gof	scored	add	BW25113 (DE3)	iML1515	3		LASER doi:10.1080/09168451.2014.878222		pabC:reg+|aroF:mut|pabA:reg+|pabB:reg+|pabAB:add	C	MNXM23,MNXM337,MNXM37,MNXM421	pyruvate;chorismate;L-glutamine;4-aminobenzoate	mechanical	+			LASER:Record1449554092.27:M1	0
LASER:Record1449554092.27:M1__N	gof	scored	add	BW25113 (DE3)	iML1515	3		LASER doi:10.1080/09168451.2014.878222		pabC:reg+|aroF:mut|pabA:reg+|pabB:reg+|pabAB:add	N	MNXM37,MNXM421	L-glutamine;4-aminobenzoate	mechanical	+			LASER:Record1449554092.27:M1	0
LASER:Record1449560226.93:M1__C	gof	scored	add	MG1655	iML1515	4		LASER doi:10.1016/j.ymben.2015.03.001		zwf:add|pgi:add|edd:add|eda:add|pgl:add	C	MNXM1107898,MNXM1364111,MNXM5,MNXM649,MNXM734080,MNXM738702	beta-D-fructose 6-phosphate;D-glucose 6-phosphate;NADP(+);2-dehydro-3-deoxy-6-phospho-D-gluconate;6-phospho-D-gluconate;NADPH	mechanical,resolved	+			LASER:Record1449560226.93:M1	0
LASER:Record1449560226.93:M1__P	gof	scored	add	MG1655	iML1515	4		LASER doi:10.1016/j.ymben.2015.03.001		zwf:add|pgi:add|edd:add|eda:add|pgl:add	P	MNXM1107898,MNXM1364111,MNXM5,MNXM649,MNXM734080,MNXM738702	beta-D-fructose 6-phosphate;D-glucose 6-phosphate;NADP(+);2-dehydro-3-deoxy-6-phospho-D-gluconate;6-phospho-D-gluconate;NADPH	mechanical,resolved	+			LASER:Record1449560226.93:M1	0
LASER:Record1449560226.93:M1__N	gof	scored	add	MG1655	iML1515	4		LASER doi:10.1016/j.ymben.2015.03.001		zwf:add|pgi:add|edd:add|eda:add|pgl:add	N	MNXM5,MNXM738702	NADP(+);NADPH	mechanical,resolved	+			LASER:Record1449560226.93:M1	0
LASER:Record1449641331.14:M1__C	gof	scored	add	DH5alpha	iECDH10B	15		LASER doi:10.1002/bit.25577		crtE:add|crtB:add|crtI:add|crtY:add|ipiHP1:add|dxs:reg+|blh:add|mvaE:add|mvaS:add|mvaK1:add|mvaK2:add|mvaD:add|idi:reg+|ybbO:reg+	C	MNXM1104235,MNXM1104266,MNXM1105057,MNXM1108250,MNXM1363773,MNXM1363833,MNXM1370262,MNXM5,MNXM622,MNXM728266,MNXM733934,MNXM83	(3S)-3-hydroxy-3-methylglutaryl-CoA;acetyl-CoA;(R)-mevalonate;all-trans-beta-carotene;all-trans-retinol;(2E,6E)-farnesyl diphosphate;15-cis-phytoene;NADP(+);1-deoxy-D-xylulose 5-phosphate;(2E,6E,10E)-geranylgeranyl diphosphate;(R)-5-diphosphomevalonate;isopentenyl diphosphate	mechanical,resolved	+			LASER:Record1449641331.14:M1	0
LASER:Record1449641331.14:M1__P	gof	scored	add	DH5alpha	iECDH10B	15		LASER doi:10.1002/bit.25577		crtE:add|crtB:add|crtI:add|crtY:add|ipiHP1:add|dxs:reg+|blh:add|mvaE:add|mvaS:add|mvaK1:add|mvaK2:add|mvaD:add|idi:reg+|ybbO:reg+	P	MNXM1104235,MNXM1104266,MNXM1363833,MNXM5,MNXM622,MNXM728266,MNXM733934,MNXM83	(3S)-3-hydroxy-3-methylglutaryl-CoA;acetyl-CoA;(2E,6E)-farnesyl diphosphate;NADP(+);1-deoxy-D-xylulose 5-phosphate;(2E,6E,10E)-geranylgeranyl diphosphate;(R)-5-diphosphomevalonate;isopentenyl diphosphate	mechanical	+			LASER:Record1449641331.14:M1	0
LASER:Record1449641331.14:M1__N	gof	scored	add	DH5alpha	iECDH10B	15		LASER doi:10.1002/bit.25577		crtE:add|crtB:add|crtI:add|crtY:add|ipiHP1:add|dxs:reg+|blh:add|mvaE:add|mvaS:add|mvaK1:add|mvaK2:add|mvaD:add|idi:reg+|ybbO:reg+	N	MNXM1104235,MNXM1104266,MNXM5	(3S)-3-hydroxy-3-methylglutaryl-CoA;acetyl-CoA;NADP(+)	mechanical	+			LASER:Record1449641331.14:M1	0
LASER:Record1449641331.14:M1__S	gof	scored	add	DH5alpha	iECDH10B	15		LASER doi:10.1002/bit.25577		crtE:add|crtB:add|crtI:add|crtY:add|ipiHP1:add|dxs:reg+|blh:add|mvaE:add|mvaS:add|mvaK1:add|mvaK2:add|mvaD:add|idi:reg+|ybbO:reg+	S	MNXM1104235,MNXM1104266	(3S)-3-hydroxy-3-methylglutaryl-CoA;acetyl-CoA	mechanical	+			LASER:Record1449641331.14:M1	0
LASER:Record1449642554.79:M1__C	gof	scored	del	BW25113	iML1515	0		LASER doi:10.1002/bit.25585		ubiG:del|lePGT-1:add	C	MNXM1371362	(R)-lactate	resolved	+			LASER:Record1449642554.79:M1	0
LASER:Record1449643772.58:M1__N	gof	scored	add+del	C600	iML1515	2		LASER doi:10.1186/s12934-015-0211-y		argA:del|adiA:del|speC:del|speF:del|argR:del|argO:reg+	N	MNXM1364268,MNXM739527	L-lysine;L-arginine	mechanical	+			LASER:Record1449643772.58:M1	0
LASER:Record1449643772.58:M1__C	gof	scored	add+del	C600	iML1515	2		LASER doi:10.1186/s12934-015-0211-y		argA:del|adiA:del|speC:del|speF:del|argR:del|argO:reg+	C	MNXM1364268,MNXM739527	L-lysine;L-arginine	mechanical	+			LASER:Record1449643772.58:M1	0
LASER:Record1449647007.8:M1__N	gof	scored	add+del	MG1655	iML1515	24		LASER doi:10.1016/j.ymben.2015.01.007		ldhA:del|pta:del|adhE:del|poxB:del|frdA:del|bktB:reg+|fadB:reg+|fadA:del|ter:add|ydiI:reg+|alkB:add|alkG:add|alkT:add|yjgB:reg+|chnE:add	N	MNXM1103315,MNXM1103616,MNXM1104300,MNXM1104681,MNXM1104711,MNXM1104721,MNXM1104724,MNXM1104726,MNXM1104783,MNXM1105912,MNXM1106007,MNXM1363936,MNXM1364155,MNXM1364251,MNXM1364270,MNXM2290,MNXM8	(3S)-hydroxyoctadecanoyl-CoA;hexanoyl-CoA;butanoyl-CoA;(3S)-hydroxydecanoyl-CoA;(3S)-3-hydroxydodecanoyl-CoA;(3S)-hydroxyhexanoyl-CoA;(3S)-hydroxyoctanoyl-CoA;(3S)-hydroxytetradecanoyl-CoA;(2E)-octadecenoyl-CoA;(3S)-3-hydroxybutanoyl-CoA;(2E)-octenoyl-CoA;(2E)-butenoyl-CoA;(9Z)-octadecenoyl-CoA;(9Z)-hexadecenoyl-CoA;(3S)-hydroxyhexadecanoyl-CoA;a tetradecenoyl-CoA (n-C14:1CoA);NAD(+)	mechanical	+			LASER:Record1449647007.8:M1	0
LASER:Record1449647007.8:M1__S	gof	scored	add+del	MG1655	iML1515	24		LASER doi:10.1016/j.ymben.2015.01.007		ldhA:del|pta:del|adhE:del|poxB:del|frdA:del|bktB:reg+|fadB:reg+|fadA:del|ter:add|ydiI:reg+|alkB:add|alkG:add|alkT:add|yjgB:reg+|chnE:add	S	MNXM1103315,MNXM1103616,MNXM1104300,MNXM1104681,MNXM1104711,MNXM1104721,MNXM1104724,MNXM1104726,MNXM1104783,MNXM1105912,MNXM1106007,MNXM1363936,MNXM1364155,MNXM1364251,MNXM1364270,MNXM2290	(3S)-hydroxyoctadecanoyl-CoA;hexanoyl-CoA;butanoyl-CoA;(3S)-hydroxydecanoyl-CoA;(3S)-3-hydroxydodecanoyl-CoA;(3S)-hydroxyhexanoyl-CoA;(3S)-hydroxyoctanoyl-CoA;(3S)-hydroxytetradecanoyl-CoA;(2E)-octadecenoyl-CoA;(3S)-3-hydroxybutanoyl-CoA;(2E)-octenoyl-CoA;(2E)-butenoyl-CoA;(9Z)-octadecenoyl-CoA;(9Z)-hexadecenoyl-CoA;(3S)-hydroxyhexadecanoyl-CoA;a tetradecenoyl-CoA (n-C14:1CoA)	mechanical	+			LASER:Record1449647007.8:M1	0
LASER:Record1449647007.8:M1__C	gof	scored	add+del	MG1655	iML1515	24		LASER doi:10.1016/j.ymben.2015.01.007		ldhA:del|pta:del|adhE:del|poxB:del|frdA:del|bktB:reg+|fadB:reg+|fadA:del|ter:add|ydiI:reg+|alkB:add|alkG:add|alkT:add|yjgB:reg+|chnE:add	C	MNXM1103315,MNXM1103616,MNXM1104300,MNXM1104681,MNXM1104711,MNXM1104721,MNXM1104724,MNXM1104726,MNXM1104783,MNXM1105912,MNXM1106007,MNXM1363936,MNXM1364155,MNXM1364251,MNXM1364270,MNXM2290,MNXM8	(3S)-hydroxyoctadecanoyl-CoA;hexanoyl-CoA;butanoyl-CoA;(3S)-hydroxydecanoyl-CoA;(3S)-3-hydroxydodecanoyl-CoA;(3S)-hydroxyhexanoyl-CoA;(3S)-hydroxyoctanoyl-CoA;(3S)-hydroxytetradecanoyl-CoA;(2E)-octadecenoyl-CoA;(3S)-3-hydroxybutanoyl-CoA;(2E)-octenoyl-CoA;(2E)-butenoyl-CoA;(9Z)-octadecenoyl-CoA;(9Z)-hexadecenoyl-CoA;(3S)-hydroxyhexadecanoyl-CoA;a tetradecenoyl-CoA (n-C14:1CoA);NAD(+)	mechanical	+			LASER:Record1449647007.8:M1	0
LASER:Record1449647007.8:M1__P	gof	scored	add+del	MG1655	iML1515	24		LASER doi:10.1016/j.ymben.2015.01.007		ldhA:del|pta:del|adhE:del|poxB:del|frdA:del|bktB:reg+|fadB:reg+|fadA:del|ter:add|ydiI:reg+|alkB:add|alkG:add|alkT:add|yjgB:reg+|chnE:add	P	MNXM1103315,MNXM1103616,MNXM1104300,MNXM1104681,MNXM1104711,MNXM1104721,MNXM1104724,MNXM1104726,MNXM1104783,MNXM1105912,MNXM1106007,MNXM1363936,MNXM1364155,MNXM1364251,MNXM1364270,MNXM2290,MNXM8	(3S)-hydroxyoctadecanoyl-CoA;hexanoyl-CoA;butanoyl-CoA;(3S)-hydroxydecanoyl-CoA;(3S)-3-hydroxydodecanoyl-CoA;(3S)-hydroxyhexanoyl-CoA;(3S)-hydroxyoctanoyl-CoA;(3S)-hydroxytetradecanoyl-CoA;(2E)-octadecenoyl-CoA;(3S)-3-hydroxybutanoyl-CoA;(2E)-octenoyl-CoA;(2E)-butenoyl-CoA;(9Z)-octadecenoyl-CoA;(9Z)-hexadecenoyl-CoA;(3S)-hydroxyhexadecanoyl-CoA;a tetradecenoyl-CoA (n-C14:1CoA);NAD(+)	mechanical	+			LASER:Record1449647007.8:M1	0
LASER:Record1449726897.09:M1__C	gof	scored	add	ATCC11303	iML1515	1		LASER doi:10.1016/j.jbiosc.2014.12.023		dhaB1:add|dhaB2:add|dhaB3:add|gdrA:add|gdrB:add|araE:reg+|PduP:add|PduL:add|PduW:add	C	MNXM734859	aldehydo-L-arabinose	mechanical	+			LASER:Record1449726897.09:M1	1
LASER:Record1449727708.82:M1__C	gof	scored	add+del	BW25113	iML1515	11		LASER doi:10.1007/s10529-013-1317-0		crtE:add|pgi:del|idi:reg+|dxs:reg+|ispD:reg+|ispF:reg+|crtB:add|crtI:add	C	MNXM1363833,MNXM1370262,MNXM1641,MNXM622,MNXM728266,MNXM730948,MNXM83	(2E,6E)-farnesyl diphosphate;15-cis-phytoene;4-CDP-2-C-methyl-D-erythritol 2-phosphate;1-deoxy-D-xylulose 5-phosphate;(2E,6E,10E)-geranylgeranyl diphosphate;4-CDP-2-C-methyl-D-erythritol;isopentenyl diphosphate	mechanical	+			LASER:Record1449727708.82:M1	0
LASER:Record1449727708.82:M1__P	gof	scored	add+del	BW25113	iML1515	11		LASER doi:10.1007/s10529-013-1317-0		crtE:add|pgi:del|idi:reg+|dxs:reg+|ispD:reg+|ispF:reg+|crtB:add|crtI:add	P	MNXM1363833,MNXM1641,MNXM622,MNXM728266,MNXM730948,MNXM83	(2E,6E)-farnesyl diphosphate;4-CDP-2-C-methyl-D-erythritol 2-phosphate;1-deoxy-D-xylulose 5-phosphate;(2E,6E,10E)-geranylgeranyl diphosphate;4-CDP-2-C-methyl-D-erythritol;isopentenyl diphosphate	mechanical	+			LASER:Record1449727708.82:M1	0
LASER:Record1449727708.82:M1__N	gof	scored	add+del	BW25113	iML1515	11		LASER doi:10.1007/s10529-013-1317-0		crtE:add|pgi:del|idi:reg+|dxs:reg+|ispD:reg+|ispF:reg+|crtB:add|crtI:add	N	MNXM1641,MNXM730948	4-CDP-2-C-methyl-D-erythritol 2-phosphate;4-CDP-2-C-methyl-D-erythritol	mechanical	+			LASER:Record1449727708.82:M1	0
LASER:Record1449727708.82:M2__C	gof	scored	add+del	BW25113	iML1515	11		LASER doi:10.1007/s10529-013-1317-0		crtE:add|zwf:del|idi:reg+|dxs:reg+|ispD:reg+|ispF:reg+|crtB:add|crtI:add	C	MNXM1363833,MNXM1370262,MNXM1641,MNXM622,MNXM728266,MNXM730948,MNXM83	(2E,6E)-farnesyl diphosphate;15-cis-phytoene;4-CDP-2-C-methyl-D-erythritol 2-phosphate;1-deoxy-D-xylulose 5-phosphate;(2E,6E,10E)-geranylgeranyl diphosphate;4-CDP-2-C-methyl-D-erythritol;isopentenyl diphosphate	mechanical	+			LASER:Record1449727708.82:M2	0
LASER:Record1449727708.82:M2__P	gof	scored	add+del	BW25113	iML1515	11		LASER doi:10.1007/s10529-013-1317-0		crtE:add|zwf:del|idi:reg+|dxs:reg+|ispD:reg+|ispF:reg+|crtB:add|crtI:add	P	MNXM1363833,MNXM1641,MNXM622,MNXM728266,MNXM730948,MNXM83	(2E,6E)-farnesyl diphosphate;4-CDP-2-C-methyl-D-erythritol 2-phosphate;1-deoxy-D-xylulose 5-phosphate;(2E,6E,10E)-geranylgeranyl diphosphate;4-CDP-2-C-methyl-D-erythritol;isopentenyl diphosphate	mechanical	+			LASER:Record1449727708.82:M2	0
LASER:Record1449727708.82:M2__N	gof	scored	add+del	BW25113	iML1515	11		LASER doi:10.1007/s10529-013-1317-0		crtE:add|zwf:del|idi:reg+|dxs:reg+|ispD:reg+|ispF:reg+|crtB:add|crtI:add	N	MNXM1641,MNXM730948	4-CDP-2-C-methyl-D-erythritol 2-phosphate;4-CDP-2-C-methyl-D-erythritol	mechanical	+			LASER:Record1449727708.82:M2	0
LASER:Record1449727708.82:M3__C	gof	scored	add	BW25113	iML1515	11		LASER doi:10.1007/s10529-013-1317-0		crtE:add|gdhA:del|idi:reg+|dxs:reg+|ispD:reg+|ispF:reg+|crtB:add|crtI:add	C	MNXM1363833,MNXM1370262,MNXM1641,MNXM622,MNXM728266,MNXM730948,MNXM83	(2E,6E)-farnesyl diphosphate;15-cis-phytoene;4-CDP-2-C-methyl-D-erythritol 2-phosphate;1-deoxy-D-xylulose 5-phosphate;(2E,6E,10E)-geranylgeranyl diphosphate;4-CDP-2-C-methyl-D-erythritol;isopentenyl diphosphate	mechanical	+			LASER:Record1449727708.82:M3	0
LASER:Record1449727708.82:M3__P	gof	scored	add	BW25113	iML1515	11		LASER doi:10.1007/s10529-013-1317-0		crtE:add|gdhA:del|idi:reg+|dxs:reg+|ispD:reg+|ispF:reg+|crtB:add|crtI:add	P	MNXM1363833,MNXM1641,MNXM622,MNXM728266,MNXM730948,MNXM83	(2E,6E)-farnesyl diphosphate;4-CDP-2-C-methyl-D-erythritol 2-phosphate;1-deoxy-D-xylulose 5-phosphate;(2E,6E,10E)-geranylgeranyl diphosphate;4-CDP-2-C-methyl-D-erythritol;isopentenyl diphosphate	mechanical	+			LASER:Record1449727708.82:M3	0
LASER:Record1449727708.82:M3__N	gof	scored	add	BW25113	iML1515	11		LASER doi:10.1007/s10529-013-1317-0		crtE:add|gdhA:del|idi:reg+|dxs:reg+|ispD:reg+|ispF:reg+|crtB:add|crtI:add	N	MNXM1641,MNXM730948	4-CDP-2-C-methyl-D-erythritol 2-phosphate;4-CDP-2-C-methyl-D-erythritol	mechanical	+			LASER:Record1449727708.82:M3	0
LASER:Record1449731661.54:M1__N	gof	scored	add+del	BW25113	iML1515	6		LASER doi:10.1021/sb500345t		zwf:del|tpiA:del|ldhA:del|gloA:del|adhE:del|mgsA:add|gldA:reg+|fucO:reg+|fdh1:add	N	MNXM1107675,MNXM8	1-aminopropan-2-ol;NAD(+)	mechanical	+			LASER:Record1449731661.54:M1	0
LASER:Record1449731661.54:M1__C	gof	scored	add+del	BW25113	iML1515	6		LASER doi:10.1021/sb500345t		zwf:del|tpiA:del|ldhA:del|gloA:del|adhE:del|mgsA:add|gldA:reg+|fucO:reg+|fdh1:add	C	MNXM1107675,MNXM1255,MNXM39,MNXM8,MNXM89612,MNXM909	1-aminopropan-2-ol;(S)-propane-1,2-diol;formate;NAD(+);glycerol;(R)-lactaldehyde	mechanical	+			LASER:Record1449731661.54:M1	0
LASER:Record1449731661.54:M1__P	gof	scored	add+del	BW25113	iML1515	6		LASER doi:10.1021/sb500345t		zwf:del|tpiA:del|ldhA:del|gloA:del|adhE:del|mgsA:add|gldA:reg+|fucO:reg+|fdh1:add	P	MNXM8	NAD(+)	mechanical	+			LASER:Record1449731661.54:M1	0
LASER:Record1449738882.59:M1__C	gof	scored	add+del	BW25113 (DE3)	iML1515	4		LASER doi:10.1007/s00253-014-6092-x		pta:del|ldhA:del|cadA:add|acnA:add|gltA:add	C	MNXM1107752,MNXM162,MNXM1747	citrate;D-threo-isocitrate;itaconate	mechanical,resolved	+			LASER:Record1449738882.59:M1	0
LASER:Record1449805187.29:M1__N	gof	scored	add	MG1655 (DE3)	iML1515	1		LASER doi:10.1016/j.enzmictec.2015.01.001		tyrosine ammonia-lyase:add|CYP199A2:add	N	MNXM76	L-tyrosine	mechanical	+			LASER:Record1449805187.29:M1	0
LASER:Record1449805187.29:M1__C	gof	scored	add	MG1655 (DE3)	iML1515	1		LASER doi:10.1016/j.enzmictec.2015.01.001		tyrosine ammonia-lyase:add|CYP199A2:add	C	MNXM1370996,MNXM76	caffeic acid;L-tyrosine	mechanical,resolved	+			LASER:Record1449805187.29:M1	0
LASER:Record1449806335.95:M1__C	gof	scored	add+del	ATCC8739	iML1515	1		LASER doi:10.1002/elsc.201400113		ldhA:del|ptsG:del|xylA:del|pflB:del|pyruvate carboxylase:add	C	MNXM25,MNXM46	succinate;oxaloacetate	mechanical,resolved	+			LASER:Record1449806335.95:M1	1
LASER:Record1449806335.95:M2__C	gof	scored	del	ATCC8739	iML1515	0		LASER doi:10.1002/elsc.201400113		crr:del|ptsG:del|glk:del|manZ:del|pflB:del|ppc:del|PEP carboxykinase:add	C	MNXM25	succinate	resolved	+			LASER:Record1449806335.95:M2	1
LASER:Record1449807401.65:M1__N	gof	scored	add	BL21(DE3)	iML1515	6		LASER doi:10.1186/s12934-015-0192-x		trpR:del|trpE:mut|trpD:reg+|vioA:add|vioB:add|vioC:add|vioD:add|vioE:add	N	MNXM1489,MNXM162231,MNXM37,MNXM97268,MNXM97338	N-(5-phospho-beta-D-ribosyl)anthranilate;NAD(P)H;L-glutamine;protodeoxyviolaceinate;protoviolaceinate	mechanical	+			LASER:Record1449807401.65:M1	1
LASER:Record1449807401.65:M1__C	gof	scored	add	BL21(DE3)	iML1515	6		LASER doi:10.1186/s12934-015-0192-x		trpR:del|trpE:mut|trpD:reg+|vioA:add|vioB:add|vioC:add|vioD:add|vioE:add	C	MNXM1489,MNXM162231,MNXM337,MNXM37,MNXM97268,MNXM97338	N-(5-phospho-beta-D-ribosyl)anthranilate;NAD(P)H;chorismate;L-glutamine;protodeoxyviolaceinate;protoviolaceinate	mechanical	+			LASER:Record1449807401.65:M1	1
LASER:Record1449807401.65:M1__P	gof	scored	add	BL21(DE3)	iML1515	6		LASER doi:10.1186/s12934-015-0192-x		trpR:del|trpE:mut|trpD:reg+|vioA:add|vioB:add|vioC:add|vioD:add|vioE:add	P	MNXM1489,MNXM162231	N-(5-phospho-beta-D-ribosyl)anthranilate;NAD(P)H	mechanical	+			LASER:Record1449807401.65:M1	1
LASER:Record1450062712.23:M1__C	gof	scored	add	MG1655	iML1515	1		LASER doi:10.1016/j.ymben.2014.12.008		hexulose-6-phosphate synthase:add|6-phospho-3-hexuloisomerase:add|methanol dehydrogenase:add|act:add	C	MNXM729799,MNXM8	methanol;NAD(+)	mechanical	+			LASER:Record1450062712.23:M1	0
LASER:Record1450062712.23:M1__N	gof	scored	add	MG1655	iML1515	1		LASER doi:10.1016/j.ymben.2014.12.008		hexulose-6-phosphate synthase:add|6-phospho-3-hexuloisomerase:add|methanol dehydrogenase:add|act:add	N	MNXM8	NAD(+)	mechanical	+			LASER:Record1450062712.23:M1	0
LASER:Record1450062712.23:M1__P	gof	scored	add	MG1655	iML1515	1		LASER doi:10.1016/j.ymben.2014.12.008		hexulose-6-phosphate synthase:add|6-phospho-3-hexuloisomerase:add|methanol dehydrogenase:add|act:add	P	MNXM8	NAD(+)	mechanical	+			LASER:Record1450062712.23:M1	0
LASER:Record1450065069.79:M1__C	gof	scored	add+del	W	iML1515	1		LASER doi:10.1002/bit.25196		ldhA:del|pflB:del|adhE:del|lpdA:del|mdh:del|arcA:del|gltA:mut|cat1:mut|cat2:mut|sucD:mut|4hbd:reg+|bld:add|butanol dehydrogenase:add	C	MNXM3230,MNXM8	butan-1-ol;NAD(+)	mechanical	+			LASER:Record1450065069.79:M1	1
LASER:Record1450065069.79:M1__N	gof	scored	add+del	W	iML1515	1		LASER doi:10.1002/bit.25196		ldhA:del|pflB:del|adhE:del|lpdA:del|mdh:del|arcA:del|gltA:mut|cat1:mut|cat2:mut|sucD:mut|4hbd:reg+|bld:add|butanol dehydrogenase:add	N	MNXM8	NAD(+)	mechanical	+			LASER:Record1450065069.79:M1	1
LASER:Record1450065069.79:M1__P	gof	scored	add+del	W	iML1515	1		LASER doi:10.1002/bit.25196		ldhA:del|pflB:del|adhE:del|lpdA:del|mdh:del|arcA:del|gltA:mut|cat1:mut|cat2:mut|sucD:mut|4hbd:reg+|bld:add|butanol dehydrogenase:add	P	MNXM8	NAD(+)	mechanical	+			LASER:Record1450065069.79:M1	1
LASER:Record1450066966.79:M1__C	gof	scored	add	MG1655	iML1515	9		LASER doi:10.1038/nbt.3095		endA:del|recA:del|ispD:reg+|ispF:reg+|dxs:reg+|idi:reg+|taxadiene synthase:add|GGPPS:add|pta:reg+|ackA:reg+	C	MNXM1363833,MNXM1499,MNXM1641,MNXM280,MNXM622,MNXM728266,MNXM730948,MNXM83	(2E,6E)-farnesyl diphosphate;propanoyl phosphate;4-CDP-2-C-methyl-D-erythritol 2-phosphate;acetyl phosphate;1-deoxy-D-xylulose 5-phosphate;(2E,6E,10E)-geranylgeranyl diphosphate;4-CDP-2-C-methyl-D-erythritol;isopentenyl diphosphate	mechanical	+			LASER:Record1450066966.79:M1	0
LASER:Record1450066966.79:M1__P	gof	scored	add	MG1655	iML1515	9		LASER doi:10.1038/nbt.3095		endA:del|recA:del|ispD:reg+|ispF:reg+|dxs:reg+|idi:reg+|taxadiene synthase:add|GGPPS:add|pta:reg+|ackA:reg+	P	MNXM1363833,MNXM1499,MNXM1641,MNXM280,MNXM622,MNXM728266,MNXM730948,MNXM83	(2E,6E)-farnesyl diphosphate;propanoyl phosphate;4-CDP-2-C-methyl-D-erythritol 2-phosphate;acetyl phosphate;1-deoxy-D-xylulose 5-phosphate;(2E,6E,10E)-geranylgeranyl diphosphate;4-CDP-2-C-methyl-D-erythritol;isopentenyl diphosphate	mechanical	+			LASER:Record1450066966.79:M1	0
LASER:Record1450066966.79:M1__N	gof	scored	add	MG1655	iML1515	9		LASER doi:10.1038/nbt.3095		endA:del|recA:del|ispD:reg+|ispF:reg+|dxs:reg+|idi:reg+|taxadiene synthase:add|GGPPS:add|pta:reg+|ackA:reg+	N	MNXM1641,MNXM730948	4-CDP-2-C-methyl-D-erythritol 2-phosphate;4-CDP-2-C-methyl-D-erythritol	mechanical	+			LASER:Record1450066966.79:M1	0
LASER:Record1450073286.05:M1__C	gof	scored	add	DH10B	iECDH10B	5		LASER doi:10.1128/AEM.00861-07		mevalonate kinase:add|phosphomevalonate kinase:add|diphosphomevalonate decarboxylase:add|IDI1:add|ERG20:add|NudF:add	C	MNXM132,MNXM1363833,MNXM733934,MNXM738283,MNXM83	dimethylallyl diphosphate;(2E,6E)-farnesyl diphosphate;(R)-5-diphosphomevalonate;(R)-5-phosphomevalonate;isopentenyl diphosphate	mechanical	+			LASER:Record1450073286.05:M1	0
LASER:Record1450073286.05:M1__P	gof	scored	add	DH10B	iECDH10B	5		LASER doi:10.1128/AEM.00861-07		mevalonate kinase:add|phosphomevalonate kinase:add|diphosphomevalonate decarboxylase:add|IDI1:add|ERG20:add|NudF:add	P	MNXM132,MNXM1363833,MNXM733934,MNXM738283,MNXM83	dimethylallyl diphosphate;(2E,6E)-farnesyl diphosphate;(R)-5-diphosphomevalonate;(R)-5-phosphomevalonate;isopentenyl diphosphate	mechanical	+			LASER:Record1450073286.05:M1	0
LASER:Record1450074655.33:M1__C	gof	scored	add+del	DH1	iECDH10B	8		LASER doi:10.1016/j.ymben.2014.11.011		atoB:reg+|HMGS:add|mvaA:add|Mevalonate Kinase:add|PhosphoMevalonate Kinase:add|ERG19:add|idi:reg+|GPPS:del|Limonene synthase:add	C	MNXM1104235,MNXM1104266,MNXM1105057,MNXM1372148,MNXM5,MNXM733934,MNXM738283,MNXM83	(3S)-3-hydroxy-3-methylglutaryl-CoA;acetyl-CoA;(R)-mevalonate;(4S)-limonene;NADP(+);(R)-5-diphosphomevalonate;(R)-5-phosphomevalonate;isopentenyl diphosphate	mechanical,resolved	+			LASER:Record1450074655.33:M1	0
LASER:Record1450074655.33:M1__P	gof	scored	add+del	DH1	iECDH10B	8		LASER doi:10.1016/j.ymben.2014.11.011		atoB:reg+|HMGS:add|mvaA:add|Mevalonate Kinase:add|PhosphoMevalonate Kinase:add|ERG19:add|idi:reg+|GPPS:del|Limonene synthase:add	P	MNXM1104235,MNXM1104266,MNXM5,MNXM733934,MNXM738283,MNXM83	(3S)-3-hydroxy-3-methylglutaryl-CoA;acetyl-CoA;NADP(+);(R)-5-diphosphomevalonate;(R)-5-phosphomevalonate;isopentenyl diphosphate	mechanical	+			LASER:Record1450074655.33:M1	0
LASER:Record1450074655.33:M1__N	gof	scored	add+del	DH1	iECDH10B	8		LASER doi:10.1016/j.ymben.2014.11.011		atoB:reg+|HMGS:add|mvaA:add|Mevalonate Kinase:add|PhosphoMevalonate Kinase:add|ERG19:add|idi:reg+|GPPS:del|Limonene synthase:add	N	MNXM1104235,MNXM1104266,MNXM5	(3S)-3-hydroxy-3-methylglutaryl-CoA;acetyl-CoA;NADP(+)	mechanical	+			LASER:Record1450074655.33:M1	0
LASER:Record1450074655.33:M1__S	gof	scored	add+del	DH1	iECDH10B	8		LASER doi:10.1016/j.ymben.2014.11.011		atoB:reg+|HMGS:add|mvaA:add|Mevalonate Kinase:add|PhosphoMevalonate Kinase:add|ERG19:add|idi:reg+|GPPS:del|Limonene synthase:add	S	MNXM1104235,MNXM1104266	(3S)-3-hydroxy-3-methylglutaryl-CoA;acetyl-CoA	mechanical	+			LASER:Record1450074655.33:M1	0
LASER:Record1450145811.55:M1__C	gof	scored	del	W3110	iML1515	0		LASER doi:10.1016/j.ymben.2014.11.012		pflB:del|mdh:del	C	MNXM26	acetate	resolved	+			LASER:Record1450145811.55:M1	0
LASER:Record1450145811.55:M2__C	gof	scored	del	W3110	iML1515	0		LASER doi:10.1016/j.ymben.2014.11.012		pflB:del|aceF:del	C	MNXM1371362	(R)-lactate	resolved	+			LASER:Record1450145811.55:M2	0
LASER:Record1450146760.69:M1__C	gof	scored	add+del	BW25113	iML1515	1		LASER doi:10.1016/j.ymben.2014.12.005		sspB:del|pfkA:del|endA:del|zwf:del|pfkB:del|INO1:add	C	MNXM1105941,MNXM1364686	myo-inositol;1D-myo-inositol 3-phosphate	mechanical,resolved	+			LASER:Record1450146760.69:M1	0
LASER:Record1450146760.69:M1__P	gof	scored	add+del	BW25113	iML1515	1		LASER doi:10.1016/j.ymben.2014.12.005		sspB:del|pfkA:del|endA:del|zwf:del|pfkB:del|INO1:add	P	MNXM1364686	1D-myo-inositol 3-phosphate	mechanical	+			LASER:Record1450146760.69:M1	0
LASER:Record1450152197.59:M1__N	gof	scored	add+del	BL21(DE3)	iML1515	1		LASER doi:10.1128/AEM.03797-13		UXS:add|ugd:reg+|UXE:add|arnA:del	N	MNXM1364019,MNXM8	UDP-alpha-D-glucose;NAD(+)	mechanical	+			LASER:Record1450152197.59:M1	1
LASER:Record1450152197.59:M1__C	gof	scored	add+del	BL21(DE3)	iML1515	1		LASER doi:10.1128/AEM.03797-13		UXS:add|ugd:reg+|UXE:add|arnA:del	C	MNXM1364019,MNXM8	UDP-alpha-D-glucose;NAD(+)	mechanical	+			LASER:Record1450152197.59:M1	1
LASER:Record1450152197.59:M1__P	gof	scored	add+del	BL21(DE3)	iML1515	1		LASER doi:10.1128/AEM.03797-13		UXS:add|ugd:reg+|UXE:add|arnA:del	P	MNXM1364019,MNXM8	UDP-alpha-D-glucose;NAD(+)	mechanical	+			LASER:Record1450152197.59:M1	1
LASER:Record1450153062.56:M1__C	gof	scored	add	MG1655	iML1515	5		LASER doi:10.1128/AEM.02920-14		ribB:mut|idi:reg+|ispA:reg+|AgBIS:add|ispD:reg+|ispF:reg+	C	MNXM132,MNXM1363834,MNXM1641,MNXM730948,MNXM83	dimethylallyl diphosphate;farnesyl diphosphate;4-CDP-2-C-methyl-D-erythritol 2-phosphate;4-CDP-2-C-methyl-D-erythritol;isopentenyl diphosphate	mechanical	+			LASER:Record1450153062.56:M1	0
LASER:Record1450153062.56:M1__P	gof	scored	add	MG1655	iML1515	5		LASER doi:10.1128/AEM.02920-14		ribB:mut|idi:reg+|ispA:reg+|AgBIS:add|ispD:reg+|ispF:reg+	P	MNXM132,MNXM1363834,MNXM1641,MNXM730948,MNXM83	dimethylallyl diphosphate;farnesyl diphosphate;4-CDP-2-C-methyl-D-erythritol 2-phosphate;4-CDP-2-C-methyl-D-erythritol;isopentenyl diphosphate	mechanical	+			LASER:Record1450153062.56:M1	0
LASER:Record1450153062.56:M1__N	gof	scored	add	MG1655	iML1515	5		LASER doi:10.1128/AEM.02920-14		ribB:mut|idi:reg+|ispA:reg+|AgBIS:add|ispD:reg+|ispF:reg+	N	MNXM1641,MNXM730948	4-CDP-2-C-methyl-D-erythritol 2-phosphate;4-CDP-2-C-methyl-D-erythritol	mechanical	+			LASER:Record1450153062.56:M1	0
LASER:Record1450234731.36:M1__C	gof	scored	add+del	MG1655	iML1515	17		LASER doi:10.1016/j.ymben.2014.06.004		iclR:del|aceB:del|gcl:del|glcB:del|ghrA:reg+|aceA:reg+|aceK:reg+|bktB:add|phaB:add|pct:add|tesB:reg+	C	MNXM1092836,MNXM1104699,MNXM1106160,MNXM1136254,MNXM1364140,MNXM1364251,MNXM1364393,MNXM1653,MNXM222,MNXM2290,MNXM236,MNXM314,MNXM392,MNXM402,MNXM5,MNXM750,MNXM8,MNXM89661	decanoyl-CoA;3-oxohexanoyl-CoA;hexadecanoyl-CoA;(R)-glycerate;(3R)-3-hydroxybutanoyl-CoA;(9Z)-hexadecenoyl-CoA;(9Z)-octadecenoate;hexanoate;glycolate;a tetradecenoyl-CoA (n-C14:1CoA);octadecanoate;tetradecanoate;3-hydroxypyruvate;dodecanoate;NADP(+);octanoate;NAD(+);isocitrate(3-)	mechanical	+			LASER:Record1450234731.36:M1	0
LASER:Record1450234731.36:M1__N	gof	scored	add+del	MG1655	iML1515	17		LASER doi:10.1016/j.ymben.2014.06.004		iclR:del|aceB:del|gcl:del|glcB:del|ghrA:reg+|aceA:reg+|aceK:reg+|bktB:add|phaB:add|pct:add|tesB:reg+	N	MNXM1092836,MNXM1104699,MNXM1106160,MNXM1364140,MNXM1364251,MNXM2290,MNXM5,MNXM8	decanoyl-CoA;3-oxohexanoyl-CoA;hexadecanoyl-CoA;(3R)-3-hydroxybutanoyl-CoA;(9Z)-hexadecenoyl-CoA;a tetradecenoyl-CoA (n-C14:1CoA);NADP(+);NAD(+)	mechanical	+			LASER:Record1450234731.36:M1	0
LASER:Record1450234731.36:M1__P	gof	scored	add+del	MG1655	iML1515	17		LASER doi:10.1016/j.ymben.2014.06.004		iclR:del|aceB:del|gcl:del|glcB:del|ghrA:reg+|aceA:reg+|aceK:reg+|bktB:add|phaB:add|pct:add|tesB:reg+	P	MNXM1092836,MNXM1104699,MNXM1106160,MNXM1364140,MNXM1364251,MNXM2290,MNXM5,MNXM8	decanoyl-CoA;3-oxohexanoyl-CoA;hexadecanoyl-CoA;(3R)-3-hydroxybutanoyl-CoA;(9Z)-hexadecenoyl-CoA;a tetradecenoyl-CoA (n-C14:1CoA);NADP(+);NAD(+)	mechanical	+			LASER:Record1450234731.36:M1	0
LASER:Record1450234731.36:M1__S	gof	scored	add+del	MG1655	iML1515	17		LASER doi:10.1016/j.ymben.2014.06.004		iclR:del|aceB:del|gcl:del|glcB:del|ghrA:reg+|aceA:reg+|aceK:reg+|bktB:add|phaB:add|pct:add|tesB:reg+	S	MNXM1092836,MNXM1104699,MNXM1106160,MNXM1364140,MNXM1364251,MNXM2290	decanoyl-CoA;3-oxohexanoyl-CoA;hexadecanoyl-CoA;(3R)-3-hydroxybutanoyl-CoA;(9Z)-hexadecenoyl-CoA;a tetradecenoyl-CoA (n-C14:1CoA)	mechanical	+			LASER:Record1450234731.36:M1	0
LASER:Record1450235866.81:M1__N	gof	scored	add	BL21(DE3)	iML1515	3		LASER doi:10.1128/AEM.02966-14		sts2:add|4-coumarate-CoA ligase:add|PAL1:add	N	MNXM741664	L-phenylalanine	mechanical	+			LASER:Record1450235866.81:M1	1
LASER:Record1450235866.81:M1__C	gof	scored	add	BL21(DE3)	iML1515	3		LASER doi:10.1128/AEM.02966-14		sts2:add|4-coumarate-CoA ligase:add|PAL1:add	C	MNXM1370019,MNXM741664	(E)-4-coumarate;L-phenylalanine	mechanical	+			LASER:Record1450235866.81:M1	1
LASER:Record1450236589.64:M1__C	gof	scored	add	BL21(DE3)	iML1515	1		LASER doi:10.1002/biot.201300263		aroK:reg+|tyrC:reg+|aroG:mut|tyrA:mut|csrA:reg-|tyrosine phenol-lyase:add	C	MNXM320,MNXM602	phenol;shikimate	mechanical,resolved	+			LASER:Record1450236589.64:M1	1
LASER:Record1450237558.23:M1__C	gof	scored	add+del	BL21(DE3)	iML1515	6		LASER doi:10.1007/s12033-013-9721-1		atoB:reg+|HMGS:add|HMG1:del|Mevalonate Kinase:add|PhosphoMevalonate Kinase:add|idi:reg+|Mevalonate Diphosphate Decarboxylase:add|2-Methyl-3-buten-2-ol synthase:add	C	MNXM1104235,MNXM1104266,MNXM733934,MNXM738283,MNXM83	(3S)-3-hydroxy-3-methylglutaryl-CoA;acetyl-CoA;(R)-5-diphosphomevalonate;(R)-5-phosphomevalonate;isopentenyl diphosphate	mechanical	+			LASER:Record1450237558.23:M1	1
LASER:Record1450237558.23:M1__P	gof	scored	add+del	BL21(DE3)	iML1515	6		LASER doi:10.1007/s12033-013-9721-1		atoB:reg+|HMGS:add|HMG1:del|Mevalonate Kinase:add|PhosphoMevalonate Kinase:add|idi:reg+|Mevalonate Diphosphate Decarboxylase:add|2-Methyl-3-buten-2-ol synthase:add	P	MNXM1104235,MNXM1104266,MNXM733934,MNXM738283,MNXM83	(3S)-3-hydroxy-3-methylglutaryl-CoA;acetyl-CoA;(R)-5-diphosphomevalonate;(R)-5-phosphomevalonate;isopentenyl diphosphate	mechanical	+			LASER:Record1450237558.23:M1	1
LASER:Record1450237558.23:M1__N	gof	scored	add+del	BL21(DE3)	iML1515	6		LASER doi:10.1007/s12033-013-9721-1		atoB:reg+|HMGS:add|HMG1:del|Mevalonate Kinase:add|PhosphoMevalonate Kinase:add|idi:reg+|Mevalonate Diphosphate Decarboxylase:add|2-Methyl-3-buten-2-ol synthase:add	N	MNXM1104235,MNXM1104266	(3S)-3-hydroxy-3-methylglutaryl-CoA;acetyl-CoA	mechanical	+			LASER:Record1450237558.23:M1	1
LASER:Record1450237558.23:M1__S	gof	scored	add+del	BL21(DE3)	iML1515	6		LASER doi:10.1007/s12033-013-9721-1		atoB:reg+|HMGS:add|HMG1:del|Mevalonate Kinase:add|PhosphoMevalonate Kinase:add|idi:reg+|Mevalonate Diphosphate Decarboxylase:add|2-Methyl-3-buten-2-ol synthase:add	S	MNXM1104235,MNXM1104266	(3S)-3-hydroxy-3-methylglutaryl-CoA;acetyl-CoA	mechanical	+			LASER:Record1450237558.23:M1	1
LASER:Record1450238255.03:M1__N	gof	scored	add+del	W3110 (DE3)	iML1515	1		LASER doi:10.1016/j.procbio.2013.10.002		xylA:del|xylB:del|yjhH:del|yagE:del|xylose dehydrogenase:add|mdlC:add	N	MNXM162231	NAD(P)H	mechanical	+			LASER:Record1450238255.03:M1	0
LASER:Record1450238255.03:M1__C	gof	scored	add+del	W3110 (DE3)	iML1515	1		LASER doi:10.1016/j.procbio.2013.10.002		xylA:del|xylB:del|yjhH:del|yagE:del|xylose dehydrogenase:add|mdlC:add	C	MNXM1106823,MNXM162231,MNXM1737	1,2,4-butanetriol;NAD(P)H;D-xylono-1,5-lactone	mechanical,resolved	+			LASER:Record1450238255.03:M1	0
LASER:Record1450238255.03:M1__P	gof	scored	add+del	W3110 (DE3)	iML1515	1		LASER doi:10.1016/j.procbio.2013.10.002		xylA:del|xylB:del|yjhH:del|yagE:del|xylose dehydrogenase:add|mdlC:add	P	MNXM162231	NAD(P)H	mechanical	+			LASER:Record1450238255.03:M1	0
LASER:Record1450238773.81:M1__C	gof	scored	del	BW25113 (DE3)	iML1515	0		LASER doi:10.1007/s00449-013-1003-6		gld:add|dgoK:del|galK:del	C	MNXM1734	D-galactonate	resolved	+			LASER:Record1450238773.81:M1	0
LASER:Record1450239058.45:M1__N	gof	scored	add	BL21 (DE3)	iML1515	2		LASER doi:10.1002/bit.25324		aat:add|car:add|ppt:add|ahr:reg+	N	MNXM5	NADP(+)	mechanical	+			LASER:Record1450239058.45:M1	1
LASER:Record1450239058.45:M1__C	gof	scored	add	BL21 (DE3)	iML1515	2		LASER doi:10.1002/bit.25324		aat:add|car:add|ppt:add|ahr:reg+	C	MNXM3230,MNXM5,MNXM75,MNXM821	butan-1-ol;NADP(+);acetaldehyde;propanal	mechanical,resolved	+			LASER:Record1450239058.45:M1	1
LASER:Record1450239058.45:M1__P	gof	scored	add	BL21 (DE3)	iML1515	2		LASER doi:10.1002/bit.25324		aat:add|car:add|ppt:add|ahr:reg+	P	MNXM5	NADP(+)	mechanical	+			LASER:Record1450239058.45:M1	1
LASER:Record1450240375.41:M1__C	gof	scored	add	BL21(DE3)	iML1515	13		LASER doi:10.1016/j.ymben.2014.11.001		acs:reg+|adhE2:add|atoD:reg+|atoA:reg+|atoB:reg+|atoE:reg+|adhE:del	C	MNXM1104266,MNXM1104300,MNXM1364266,MNXM1653,MNXM18358,MNXM26,MNXM3230,MNXM458,MNXM729595,MNXM8	acetyl-CoA;butanoyl-CoA;propanoyl-CoA;hexanoate;hexan-1-ol;acetate;butan-1-ol;butanoate;acetoacetate;NAD(+)	mechanical	+			LASER:Record1450240375.41:M1	1
LASER:Record1450240375.41:M1__N	gof	scored	add	BL21(DE3)	iML1515	13		LASER doi:10.1016/j.ymben.2014.11.001		acs:reg+|adhE2:add|atoD:reg+|atoA:reg+|atoB:reg+|atoE:reg+|adhE:del	N	MNXM1104266,MNXM1104300,MNXM1364266,MNXM8	acetyl-CoA;butanoyl-CoA;propanoyl-CoA;NAD(+)	mechanical	+			LASER:Record1450240375.41:M1	1
LASER:Record1450240375.41:M1__P	gof	scored	add	BL21(DE3)	iML1515	13		LASER doi:10.1016/j.ymben.2014.11.001		acs:reg+|adhE2:add|atoD:reg+|atoA:reg+|atoB:reg+|atoE:reg+|adhE:del	P	MNXM1104266,MNXM1104300,MNXM1364266,MNXM8	acetyl-CoA;butanoyl-CoA;propanoyl-CoA;NAD(+)	mechanical	+			LASER:Record1450240375.41:M1	1
LASER:Record1450240375.41:M1__S	gof	scored	add	BL21(DE3)	iML1515	13		LASER doi:10.1016/j.ymben.2014.11.001		acs:reg+|adhE2:add|atoD:reg+|atoA:reg+|atoB:reg+|atoE:reg+|adhE:del	S	MNXM1104266,MNXM1104300,MNXM1364266	acetyl-CoA;butanoyl-CoA;propanoyl-CoA	mechanical	+			LASER:Record1450240375.41:M1	1
LASER:Record1450241335.51:M1__C	gof	scored	add	BW25113	iML1515	14		LASER doi:10.1128/AEM.02046-08		ilvI:del|ilvB:del|kivD:add|ADH2:add|cimA:add|leuA:reg+|leuB:reg+|leuC:reg+|leuD:reg+	C	MNXM1107724,MNXM1108092,MNXM1670,MNXM1686,MNXM2476,MNXM404,MNXM4964,MNXM5188,MNXM5476,MNXM6396,MNXM730929,MNXM741109,MNXM8	(3R)-citramalate;ethanol;3-methylbutanol;indole-3-ethanol;2-phenylethanol;4-methyl-2-oxopentanoate;4-tyrosol;isobutanol;2-methylbutan-1-ol;1-propanol;(2S)-2-isopropylmalate;(2R,3S)-3-isopropylmalate;NAD(+)	mechanical,resolved	+			LASER:Record1450241335.51:M1	0
LASER:Record1450241335.51:M1__N	gof	scored	add	BW25113	iML1515	14		LASER doi:10.1128/AEM.02046-08		ilvI:del|ilvB:del|kivD:add|ADH2:add|cimA:add|leuA:reg+|leuB:reg+|leuC:reg+|leuD:reg+	N	MNXM1686,MNXM8	indole-3-ethanol;NAD(+)	mechanical	+			LASER:Record1450241335.51:M1	0
LASER:Record1450241335.51:M1__P	gof	scored	add	BW25113	iML1515	14		LASER doi:10.1128/AEM.02046-08		ilvI:del|ilvB:del|kivD:add|ADH2:add|cimA:add|leuA:reg+|leuB:reg+|leuC:reg+|leuD:reg+	P	MNXM8	NAD(+)	mechanical	+			LASER:Record1450241335.51:M1	0
LASER:Record1450246570.66:M1__N	gof	scored	add	K-12	iML1515	3		LASER doi:10.1016/S1096-7176(03)00046-6		guaA:reg+|guaB:reg+|mtrA:add|6-pyruvoyl-tetrahydropterin synthase:add|sepiapterin reductase:add	N	MNXM1101868,MNXM1104385,MNXM37,MNXM729302,MNXM8	IMP;XMP;L-glutamine;NH4(+);NAD(+)	mechanical	+			LASER:Record1450246570.66:M1	0
LASER:Record1450246570.66:M1__C	gof	scored	add	K-12	iML1515	3		LASER doi:10.1016/S1096-7176(03)00046-6		guaA:reg+|guaB:reg+|mtrA:add|6-pyruvoyl-tetrahydropterin synthase:add|sepiapterin reductase:add	C	MNXM1101868,MNXM1104385,MNXM37,MNXM8	IMP;XMP;L-glutamine;NAD(+)	mechanical	+			LASER:Record1450246570.66:M1	0
LASER:Record1450246570.66:M1__P	gof	scored	add	K-12	iML1515	3		LASER doi:10.1016/S1096-7176(03)00046-6		guaA:reg+|guaB:reg+|mtrA:add|6-pyruvoyl-tetrahydropterin synthase:add|sepiapterin reductase:add	P	MNXM1101868,MNXM1104385,MNXM8	IMP;XMP;NAD(+)	mechanical	+			LASER:Record1450246570.66:M1	0
curated:mmc__N	gof	scored	add	iML1515	iML1515	1		curated/mmc doi:Shin & Lee 2017 Bioresour Technol 245(Pt B):1627-1633; doi:10.1016/j.biortech.2017.05.169	+44% FFA titer with MMC alone (Shin & Lee 2017 Bioresour Technol 245:1627)	mmc(transcarboxylase,P.freudenreichii):add	N	MNXM1106093,MNXM115	malonyl-CoA;phosphatidylethanolamine	mechanical,resolved	+			curated:mmc	0
curated:mmc__S	gof	scored	add	iML1515	iML1515	1		curated/mmc doi:Shin & Lee 2017 Bioresour Technol 245(Pt B):1627-1633; doi:10.1016/j.biortech.2017.05.169	+44% FFA titer with MMC alone (Shin & Lee 2017 Bioresour Technol 245:1627)	mmc(transcarboxylase,P.freudenreichii):add	S	MNXM1106093	malonyl-CoA	mechanical	+			curated:mmc	0
curated:mmc__C	gof	scored	add	iML1515	iML1515	1		curated/mmc doi:Shin & Lee 2017 Bioresour Technol 245(Pt B):1627-1633; doi:10.1016/j.biortech.2017.05.169	+44% FFA titer with MMC alone (Shin & Lee 2017 Bioresour Technol 245:1627)	mmc(transcarboxylase,P.freudenreichii):add	C	MNXM1106093,MNXM115,MNXM23	malonyl-CoA;phosphatidylethanolamine;pyruvate	mechanical,resolved	+			curated:mmc	0
curated:mmc__P	gof	scored	add	iML1515	iML1515	1		curated/mmc doi:Shin & Lee 2017 Bioresour Technol 245(Pt B):1627-1633; doi:10.1016/j.biortech.2017.05.169	+44% FFA titer with MMC alone (Shin & Lee 2017 Bioresour Technol 245:1627)	mmc(transcarboxylase,P.freudenreichii):add	P	MNXM1106093,MNXM115	malonyl-CoA;phosphatidylethanolamine	mechanical,resolved	+			curated:mmc	0
curated:latent:serB_gph__C	gof	scored	add	iML1515	iML1515	1		curated/latent doi:PMC2678898	multicopy gph rescues the serB auxotroph (Patrick 2007 Table 1)	gph:add	C	MNXM222,MNXM737787	glycolate;L-serine	mechanical,resolved	+			curated:latent:serB_gph	0
curated:latent:serB_gph__N	gof	scored	add	iML1515	iML1515	1		curated/latent doi:PMC2678898	multicopy gph rescues the serB auxotroph (Patrick 2007 Table 1)	gph:add	N	MNXM737787	L-serine	resolved	+			curated:latent:serB_gph	0
lof_lysC	lof	scored	deletion	BW25113	iML1515	0		Baba et al. Mol Syst Biol 2006; doi:10.1038/msb4100050 (PMC1681482)	GPR is an OR of isozymes -- single KO kills no reaction; this is the redundancy control, not a mapping failure	lysC	C	MNXM1364497	l-aspartate	pheno_edges	-	no	True	Keio:lysC	
lof_metL	lof	scored	deletion	BW25113	iML1515	0		Baba et al. Mol Syst Biol 2006; doi:10.1038/msb4100050 (PMC1681482)	GPR is an OR of isozymes -- single KO kills no reaction; this is the redundancy control, not a mapping failure	metL	C	MNXM1364497	l-aspartate	pheno_edges	-	no	True	Keio:metL	
lof_thrA	lof	scored	deletion	BW25113	iML1515	0		Baba et al. Mol Syst Biol 2006; doi:10.1038/msb4100050 (PMC1681482)	GPR is an OR of isozymes -- single KO kills no reaction; this is the redundancy control, not a mapping failure	thrA	C	MNXM1364497	l-aspartate	pheno_edges	-	no	True	Keio:thrA	
lof_ilvB	lof	scored	deletion	BW25113	iML1515	0		Baba et al. Mol Syst Biol 2006; doi:10.1038/msb4100050 (PMC1681482)	GPR is an OR of isozymes -- single KO kills no reaction; this is the redundancy control, not a mapping failure	ilvB	C	MNXM728337	l-isoleucine	pheno_edges	-	no	True	Keio:ilvB	
lof_ilvC	lof	scored	deletion	BW25113	iML1515	2		Baba et al. Mol Syst Biol 2006; doi:10.1038/msb4100050 (PMC1681482)		ilvC	C	MNXM728337	l-isoleucine	pheno_edges	-	yes	False	Keio:ilvC	
lof_ilvD	lof	scored	deletion	BW25113	iML1515	2		Baba et al. Mol Syst Biol 2006; doi:10.1038/msb4100050 (PMC1681482)		ilvD	C	MNXM728337	l-isoleucine	pheno_edges	-	yes	False	Keio:ilvD	
lof_ilvE	lof	scored	deletion	BW25113	iML1515	2		Baba et al. Mol Syst Biol 2006; doi:10.1038/msb4100050 (PMC1681482)		ilvE	C	MNXM728337	l-isoleucine	pheno_edges	-	yes	False	Keio:ilvE	
lof_ilvH	lof	scored	deletion	BW25113	iML1515	0		Baba et al. Mol Syst Biol 2006; doi:10.1038/msb4100050 (PMC1681482)	GPR is an OR of isozymes -- single KO kills no reaction; this is the redundancy control, not a mapping failure	ilvH	C	MNXM728337	l-isoleucine	pheno_edges	-	no	True	Keio:ilvH	
lof_ilvI	lof	scored	deletion	BW25113	iML1515	0		Baba et al. Mol Syst Biol 2006; doi:10.1038/msb4100050 (PMC1681482)	GPR is an OR of isozymes -- single KO kills no reaction; this is the redundancy control, not a mapping failure	ilvI	C	MNXM728337	l-isoleucine	pheno_edges	-	no	True	Keio:ilvI	
lof_ilvN	lof	scored	deletion	BW25113	iML1515	0		Baba et al. Mol Syst Biol 2006; doi:10.1038/msb4100050 (PMC1681482)	GPR is an OR of isozymes -- single KO kills no reaction; this is the redundancy control, not a mapping failure	ilvN	C	MNXM728337	l-isoleucine	pheno_edges	-	no	True	Keio:ilvN	
lof_serA	lof	scored	deletion	BW25113	iML1515	3		Baba et al. Mol Syst Biol 2006; doi:10.1038/msb4100050 (PMC1681482)		serA	C	MNXM737787	l-serine	pheno_edges	-	yes	False	Keio:serA	
lof_serB	lof	scored	deletion	BW25113	iML1515	1		Baba et al. Mol Syst Biol 2006; doi:10.1038/msb4100050 (PMC1681482)		serB	C	MNXM737787	l-serine	pheno_edges	-	yes	False	Keio:serB	
lof_serC	lof	scored	deletion	BW25113	iML1515	2		Baba et al. Mol Syst Biol 2006; doi:10.1038/msb4100050 (PMC1681482)		serC	C	MNXM737787	l-serine	pheno_edges	-	yes	False	Keio:serC	
lof_nadA	lof	scored	deletion	BW25113	iML1515	1		Baba et al. Mol Syst Biol 2006; doi:10.1038/msb4100050 (PMC1681482)		nadA	C	MNXM555	quinolinate	pheno_edges	-	yes	False	Keio:nadA	
lof_nadB	lof	scored	deletion	BW25113	iML1515	4		Baba et al. Mol Syst Biol 2006; doi:10.1038/msb4100050 (PMC1681482)		nadB	C	MNXM555	quinolinate	pheno_edges	-	yes	False	Keio:nadB	
lof_nadC	lof	scored	deletion	BW25113	iML1515	1		Baba et al. Mol Syst Biol 2006; doi:10.1038/msb4100050 (PMC1681482)		nadC	C	MNXM555	quinolinate	pheno_edges	-	yes	False	Keio:nadC	
lof_pdxA	lof	scored	deletion	BW25113	iML1515	1		Baba et al. Mol Syst Biol 2006; doi:10.1038/msb4100050 (PMC1681482)		pdxA	C	MNXM161	pyridoxal 5'-phosphate	pheno_edges	-	yes	False	Keio:pdxA	
lof_pdxB	lof	scored	deletion	BW25113	iML1515	1		Baba et al. Mol Syst Biol 2006; doi:10.1038/msb4100050 (PMC1681482)		pdxB	C	MNXM161	pyridoxal 5'-phosphate	pheno_edges	-	yes	False	Keio:pdxB	
lof_pdxH	lof	scored	deletion	BW25113	iML1515	2		Baba et al. Mol Syst Biol 2006; doi:10.1038/msb4100050 (PMC1681482)		pdxH	C	MNXM161	pyridoxal 5'-phosphate	pheno_edges	-	yes	False	Keio:pdxH	
lof_pdxJ	lof	scored	deletion	BW25113	iML1515	1		Baba et al. Mol Syst Biol 2006; doi:10.1038/msb4100050 (PMC1681482)		pdxJ	C	MNXM161	pyridoxal 5'-phosphate	pheno_edges	-	yes	False	Keio:pdxJ	
lof_argA	lof	scored	deletion	BW25113	iML1515	1		Baba et al. Mol Syst Biol 2006; doi:10.1038/msb4100050 (PMC1681482)		argA	C	MNXM739527	l-arginine	pheno_edges	-	yes	False	Keio:argA	
lof_argB	lof	scored	deletion	BW25113	iML1515	1		Baba et al. Mol Syst Biol 2006; doi:10.1038/msb4100050 (PMC1681482)		argB	C	MNXM739527	l-arginine	pheno_edges	-	yes	False	Keio:argB	
lof_argC	lof	scored	deletion	BW25113	iML1515	1		Baba et al. Mol Syst Biol 2006; doi:10.1038/msb4100050 (PMC1681482)		argC	C	MNXM739527	l-arginine	pheno_edges	-	yes	False	Keio:argC	
lof_argD	lof	scored	deletion	BW25113	iML1515	0		Baba et al. Mol Syst Biol 2006; doi:10.1038/msb4100050 (PMC1681482)	GPR is an OR of isozymes -- single KO kills no reaction; this is the redundancy control, not a mapping failure	argD	C	MNXM739527	l-arginine	pheno_edges	-	yes	False	Keio:argD	
lof_argE	lof	scored	deletion	BW25113	iML1515	1		Baba et al. Mol Syst Biol 2006; doi:10.1038/msb4100050 (PMC1681482)		argE	C	MNXM739527	l-arginine	pheno_edges	-	yes	False	Keio:argE	
lof_argF	lof	scored	deletion	BW25113	iML1515	0		Baba et al. Mol Syst Biol 2006; doi:10.1038/msb4100050 (PMC1681482)	GPR is an OR of isozymes -- single KO kills no reaction; this is the redundancy control, not a mapping failure	argF	C	MNXM739527	l-arginine	pheno_edges	-	no	True	Keio:argF	
lof_argG	lof	scored	deletion	BW25113	iML1515	1		Baba et al. Mol Syst Biol 2006; doi:10.1038/msb4100050 (PMC1681482)		argG	C	MNXM739527	l-arginine	pheno_edges	-	yes	False	Keio:argG	
lof_argH	lof	scored	deletion	BW25113	iML1515	1		Baba et al. Mol Syst Biol 2006; doi:10.1038/msb4100050 (PMC1681482)		argH	C	MNXM739527	l-arginine	pheno_edges	-	yes	False	Keio:argH	
lof_argI	lof	scored	deletion	BW25113	iML1515	0		Baba et al. Mol Syst Biol 2006; doi:10.1038/msb4100050 (PMC1681482)	GPR is an OR of isozymes -- single KO kills no reaction; this is the redundancy control, not a mapping failure	argI	C	MNXM739527	l-arginine	pheno_edges	-	no	True	Keio:argI	
lof_tyrB	lof	scored	deletion	BW25113	iML1515	0		Baba et al. Mol Syst Biol 2006; doi:10.1038/msb4100050 (PMC1681482)	GPR is an OR of isozymes -- single KO kills no reaction; this is the redundancy control, not a mapping failure	tyrB	C	MNXM76	l-tyrosine	pheno_edges	-	no	True	Keio:tyrB	
lof_asnA	lof	scored	deletion	BW25113	iML1515	0		Baba et al. Mol Syst Biol 2006; doi:10.1038/msb4100050 (PMC1681482)	GPR is an OR of isozymes -- single KO kills no reaction; this is the redundancy control, not a mapping failure	asnA	C	MNXM1107821	l-asparagine	pheno_edges	-	no	True	Keio:asnA	
lof_asnB	lof	scored	deletion	BW25113	iML1515	1		Baba et al. Mol Syst Biol 2006; doi:10.1038/msb4100050 (PMC1681482)		asnB	C	MNXM1107821	l-asparagine	pheno_edges	-	no	True	Keio:asnB	
lof_aspC	lof	scored	deletion	BW25113	iML1515	1		Baba et al. Mol Syst Biol 2006; doi:10.1038/msb4100050 (PMC1681482)		aspC	C	MNXM1364497	l-aspartate	pheno_edges	-	no	True	Keio:aspC	
lof_bioA	lof	scored	deletion	BW25113	iML1515	1		Baba et al. Mol Syst Biol 2006; doi:10.1038/msb4100050 (PMC1681482)		bioA	C	MNXM304	biotin	pheno_edges	-	yes	False	Keio:bioA	
lof_bioB	lof	scored	deletion	BW25113	iML1515	1		Baba et al. Mol Syst Biol 2006; doi:10.1038/msb4100050 (PMC1681482)		bioB	C	MNXM304	biotin	pheno_edges	-	yes	False	Keio:bioB	
lof_bioC	lof	scored	deletion	BW25113	iML1515	1		Baba et al. Mol Syst Biol 2006; doi:10.1038/msb4100050 (PMC1681482)		bioC	C	MNXM304	biotin	pheno_edges	-	yes	False	Keio:bioC	
lof_bioD	lof	scored	deletion	BW25113	iML1515	1		Baba et al. Mol Syst Biol 2006; doi:10.1038/msb4100050 (PMC1681482)		bioD	C	MNXM304	biotin	pheno_edges	-	yes	False	Keio:bioD	
lof_bioF	lof	scored	deletion	BW25113	iML1515	1		Baba et al. Mol Syst Biol 2006; doi:10.1038/msb4100050 (PMC1681482)		bioF	C	MNXM304	biotin	pheno_edges	-	yes	False	Keio:bioF	
lof_bioH	lof	scored	deletion	BW25113	iML1515	1		Baba et al. Mol Syst Biol 2006; doi:10.1038/msb4100050 (PMC1681482)		bioH	C	MNXM304	biotin	pheno_edges	-	yes	False	Keio:bioH	
lof_carB	lof	scored	deletion	BW25113	iML1515	1		Baba et al. Mol Syst Biol 2006; doi:10.1038/msb4100050 (PMC1681482)		carB	C	MNXM1104823	ump	pheno_edges	-	yes	False	Keio:carB	
lof_carA	lof	scored	deletion	BW25113	iML1515	1		Baba et al. Mol Syst Biol 2006; doi:10.1038/msb4100050 (PMC1681482)		carA	C	MNXM1104823	ump	pheno_edges	-	yes	False	Keio:carA	
lof_cysE	lof	scored	deletion	BW25113	iML1515	1		Baba et al. Mol Syst Biol 2006; doi:10.1038/msb4100050 (PMC1681482)		cysE	C	MNXM738068	l-cysteine	pheno_edges	-	yes	False	Keio:cysE	
lof_cysK	lof	scored	deletion	BW25113	iML1515	0		Baba et al. Mol Syst Biol 2006; doi:10.1038/msb4100050 (PMC1681482)	GPR is an OR of isozymes -- single KO kills no reaction; this is the redundancy control, not a mapping failure	cysK	C	MNXM738068	l-cysteine	pheno_edges	-	no	True	Keio:cysK	
lof_cysM	lof	scored	deletion	BW25113	iML1515	0		Baba et al. Mol Syst Biol 2006; doi:10.1038/msb4100050 (PMC1681482)	GPR is an OR of isozymes -- single KO kills no reaction; this is the redundancy control, not a mapping failure	cysM	C	MNXM738068	l-cysteine	pheno_edges	-	no	True	Keio:cysM	
lof_fabA	lof	scored	deletion	BW25113	iML1515	1		Baba et al. Mol Syst Biol 2006; doi:10.1038/msb4100050 (PMC1681482)		fabA	C	MNXM115	PE	pheno_edges	-	yes	False	Keio:fabA	
lof_fabB	lof	scored	deletion	BW25113	iML1515	5		Baba et al. Mol Syst Biol 2006; doi:10.1038/msb4100050 (PMC1681482)		fabB	C	MNXM115	PE	pheno_edges	-	yes	False	Keio:fabB	
lof_ribC	lof	scored	deletion	BW25113	iML1515	1		Baba et al. Mol Syst Biol 2006; doi:10.1038/msb4100050 (PMC1681482)		ribC	C	MNXM1364149	fad	pheno_edges	-	yes	False	Keio:ribC	
lof_folB	lof	scored	deletion	BW25113	iML1515	2		Baba et al. Mol Syst Biol 2006; doi:10.1038/msb4100050 (PMC1681482)		folB	C	MNXM1103936	THF	pheno_edges	-	yes	False	Keio:folB	
lof_folC	lof	scored	deletion	BW25113	iML1515	1		Baba et al. Mol Syst Biol 2006; doi:10.1038/msb4100050 (PMC1681482)		folC	C	MNXM1103936	THF	pheno_edges	-	yes	False	Keio:folC	
lof_folE	lof	scored	deletion	BW25113	iML1515	1		Baba et al. Mol Syst Biol 2006; doi:10.1038/msb4100050 (PMC1681482)		folE	C	MNXM1103936	THF	pheno_edges	-	yes	False	Keio:folE	
lof_folK	lof	scored	deletion	BW25113	iML1515	1		Baba et al. Mol Syst Biol 2006; doi:10.1038/msb4100050 (PMC1681482)		folK	C	MNXM1103936	THF	pheno_edges	-	yes	False	Keio:folK	
lof_folP	lof	scored	deletion	BW25113	iML1515	1		Baba et al. Mol Syst Biol 2006; doi:10.1038/msb4100050 (PMC1681482)		folP	C	MNXM1103936	THF	pheno_edges	-	yes	False	Keio:folP	
lof_pabA	lof	scored	deletion	BW25113	iML1515	1		Baba et al. Mol Syst Biol 2006; doi:10.1038/msb4100050 (PMC1681482)		pabA	C	MNXM421	4-aminobenzoate	pheno_edges	-	yes	False	Keio:pabA	
lof_pabB	lof	scored	deletion	BW25113	iML1515	1		Baba et al. Mol Syst Biol 2006; doi:10.1038/msb4100050 (PMC1681482)		pabB	C	MNXM421	4-aminobenzoate	pheno_edges	-	yes	False	Keio:pabB	
lof_pabC	lof	scored	deletion	BW25113	iML1515	0		Baba et al. Mol Syst Biol 2006; doi:10.1038/msb4100050 (PMC1681482)	GPR is an OR of isozymes -- single KO kills no reaction; this is the redundancy control, not a mapping failure	pabC	C	MNXM421	4-aminobenzoate	pheno_edges	-	yes	False	Keio:pabC	
lof_gdhA	lof	scored	deletion	BW25113	iML1515	0		Baba et al. Mol Syst Biol 2006; doi:10.1038/msb4100050 (PMC1681482)	GPR is an OR of isozymes -- single KO kills no reaction; this is the redundancy control, not a mapping failure	gdhA	C	MNXM741173	l-glutamate	pheno_edges	-	no	True	Keio:gdhA	
lof_gltB	lof	scored	deletion	BW25113	iML1515	1		Baba et al. Mol Syst Biol 2006; doi:10.1038/msb4100050 (PMC1681482)		gltB	C	MNXM741173	l-glutamate	pheno_edges	-	no	True	Keio:gltB	
lof_gltD	lof	scored	deletion	BW25113	iML1515	1		Baba et al. Mol Syst Biol 2006; doi:10.1038/msb4100050 (PMC1681482)		gltD	C	MNXM741173	l-glutamate	pheno_edges	-	no	True	Keio:gltD	
lof_glnA	lof	scored	deletion	BW25113	iML1515	1		Baba et al. Mol Syst Biol 2006; doi:10.1038/msb4100050 (PMC1681482)		glnA	C	MNXM37	l-glutamine	pheno_edges	-	yes	False	Keio:glnA	
lof_gpsA	lof	scored	deletion	BW25113	iML1515	1		Baba et al. Mol Syst Biol 2006; doi:10.1038/msb4100050 (PMC1681482)		gpsA	C	MNXM66	sn-glycerol 3-phosphate	pheno_edges	-	yes	False	Keio:gpsA	
lof_glyA	lof	scored	deletion	BW25113	iML1515	2		Baba et al. Mol Syst Biol 2006; doi:10.1038/msb4100050 (PMC1681482)		glyA	C	MNXM29	glycine	pheno_edges	-	yes	False	Keio:glyA	
lof_hemA	lof	scored	deletion	BW25113	iML1515	1		Baba et al. Mol Syst Biol 2006; doi:10.1038/msb4100050 (PMC1681482)		hemA	C	MNXM554	PBG	pheno_edges	-	yes	False	Keio:hemA	
lof_hemB	lof	scored	deletion	BW25113	iML1515	1		Baba et al. Mol Syst Biol 2006; doi:10.1038/msb4100050 (PMC1681482)		hemB	C	MNXM554	PBG	pheno_edges	-	yes	False	Keio:hemB	
lof_hemC	lof	scored	deletion	BW25113	iML1515	1		Baba et al. Mol Syst Biol 2006; doi:10.1038/msb4100050 (PMC1681482)		hemC	C	MNXM554	PBG	pheno_edges	-	yes	False	Keio:hemC	
lof_hemE	lof	scored	deletion	BW25113	iML1515	1		Baba et al. Mol Syst Biol 2006; doi:10.1038/msb4100050 (PMC1681482)		hemE	C	MNXM554	PBG	pheno_edges	-	yes	False	Keio:hemE	
lof_hemL	lof	scored	deletion	BW25113	iML1515	1		Baba et al. Mol Syst Biol 2006; doi:10.1038/msb4100050 (PMC1681482)		hemL	C	MNXM554	PBG	pheno_edges	-	yes	False	Keio:hemL	
lof_hisA	lof	scored	deletion	BW25113	iML1515	1		Baba et al. Mol Syst Biol 2006; doi:10.1038/msb4100050 (PMC1681482)		hisA	C	MNXM1107769	l-histidine	pheno_edges	-	yes	False	Keio:hisA	
lof_hisB	lof	scored	deletion	BW25113	iML1515	2		Baba et al. Mol Syst Biol 2006; doi:10.1038/msb4100050 (PMC1681482)		hisB	C	MNXM1107769	l-histidine	pheno_edges	-	yes	False	Keio:hisB	
lof_hisC	lof	scored	deletion	BW25113	iML1515	1		Baba et al. Mol Syst Biol 2006; doi:10.1038/msb4100050 (PMC1681482)		hisC	C	MNXM1107769	l-histidine	pheno_edges	-	yes	False	Keio:hisC	
lof_hisD	lof	scored	deletion	BW25113	iML1515	1		Baba et al. Mol Syst Biol 2006; doi:10.1038/msb4100050 (PMC1681482)		hisD	C	MNXM1107769	l-histidine	pheno_edges	-	yes	False	Keio:hisD	
lof_hisF	lof	scored	deletion	BW25113	iML1515	1		Baba et al. Mol Syst Biol 2006; doi:10.1038/msb4100050 (PMC1681482)		hisF	C	MNXM1107769	l-histidine	pheno_edges	-	yes	False	Keio:hisF	
lof_hisG	lof	scored	deletion	BW25113	iML1515	1		Baba et al. Mol Syst Biol 2006; doi:10.1038/msb4100050 (PMC1681482)		hisG	C	MNXM1107769	l-histidine	pheno_edges	-	yes	False	Keio:hisG	
lof_hisH	lof	scored	deletion	BW25113	iML1515	1		Baba et al. Mol Syst Biol 2006; doi:10.1038/msb4100050 (PMC1681482)		hisH	C	MNXM1107769	l-histidine	pheno_edges	-	yes	False	Keio:hisH	
lof_hisI	lof	scored	deletion	BW25113	iML1515	2		Baba et al. Mol Syst Biol 2006; doi:10.1038/msb4100050 (PMC1681482)		hisI	C	MNXM1107769	l-histidine	pheno_edges	-	yes	False	Keio:hisI	
lof_ilvA	lof	scored	deletion	BW25113	iML1515	0		Baba et al. Mol Syst Biol 2006; doi:10.1038/msb4100050 (PMC1681482)	GPR is an OR of isozymes -- single KO kills no reaction; this is the redundancy control, not a mapping failure	ilvA	C	MNXM728337	l-isoleucine	pheno_edges	-	yes	False	Keio:ilvA	
lof_leuA	lof	scored	deletion	BW25113	iML1515	1		Baba et al. Mol Syst Biol 2006; doi:10.1038/msb4100050 (PMC1681482)		leuA	C	MNXM1106761	l-leucine	pheno_edges	-	yes	False	Keio:leuA	
lof_leuB	lof	scored	deletion	BW25113	iML1515	0		Baba et al. Mol Syst Biol 2006; doi:10.1038/msb4100050 (PMC1681482)	GPR is an OR of isozymes -- single KO kills no reaction; this is the redundancy control, not a mapping failure	leuB	C	MNXM1106761	l-leucine	pheno_edges	-	yes	False	Keio:leuB	
lof_leuC	lof	scored	deletion	BW25113	iML1515	2		Baba et al. Mol Syst Biol 2006; doi:10.1038/msb4100050 (PMC1681482)		leuC	C	MNXM1106761	l-leucine	pheno_edges	-	yes	False	Keio:leuC	
lof_leuD	lof	scored	deletion	BW25113	iML1515	2		Baba et al. Mol Syst Biol 2006; doi:10.1038/msb4100050 (PMC1681482)		leuD	C	MNXM1106761	l-leucine	pheno_edges	-	yes	False	Keio:leuD	
lof_lipA	lof	scored	deletion	BW25113	iML1515	1		Baba et al. Mol Syst Biol 2006; doi:10.1038/msb4100050 (PMC1681482)		lipA	S	MNXM1371179	LIP	pheno_edges	-	yes	False	Keio:lipA	
lof_lipB	lof	scored	deletion	BW25113	iML1515	1		Baba et al. Mol Syst Biol 2006; doi:10.1038/msb4100050 (PMC1681482)		lipB	S	MNXM1371179	LIP	pheno_edges	-	yes	False	Keio:lipB	
lof_lysA	lof	scored	deletion	BW25113	iML1515	1		Baba et al. Mol Syst Biol 2006; doi:10.1038/msb4100050 (PMC1681482)		lysA	C	MNXM1364268	l-lysine	pheno_edges	-	yes	False	Keio:lysA	
lof_dapA	lof	scored	deletion	BW25113	iML1515	1		Baba et al. Mol Syst Biol 2006; doi:10.1038/msb4100050 (PMC1681482)		dapA	C	MNXM1364268	l-lysine	pheno_edges	-	yes	False	Keio:dapA	
lof_dapB	lof	scored	deletion	BW25113	iML1515	1		Baba et al. Mol Syst Biol 2006; doi:10.1038/msb4100050 (PMC1681482)		dapB	C	MNXM1364268	l-lysine	pheno_edges	-	yes	False	Keio:dapB	
lof_dapD	lof	scored	deletion	BW25113	iML1515	1		Baba et al. Mol Syst Biol 2006; doi:10.1038/msb4100050 (PMC1681482)		dapD	C	MNXM1364268	l-lysine	pheno_edges	-	yes	False	Keio:dapD	
lof_dapE	lof	scored	deletion	BW25113	iML1515	1		Baba et al. Mol Syst Biol 2006; doi:10.1038/msb4100050 (PMC1681482)		dapE	C	MNXM1364268	l-lysine	pheno_edges	-	yes	False	Keio:dapE	
lof_dapF	lof	scored	deletion	BW25113	iML1515	1		Baba et al. Mol Syst Biol 2006; doi:10.1038/msb4100050 (PMC1681482)		dapF	C	MNXM1364268	l-lysine	pheno_edges	-	yes	False	Keio:dapF	
lof_metA	lof	scored	deletion	BW25113	iML1515	1		Baba et al. Mol Syst Biol 2006; doi:10.1038/msb4100050 (PMC1681482)		metA	C	MNXM738804	l-methionine	pheno_edges	-	yes	False	Keio:metA	
lof_metB	lof	scored	deletion	BW25113	iML1515	1		Baba et al. Mol Syst Biol 2006; doi:10.1038/msb4100050 (PMC1681482)		metB	C	MNXM738804	l-methionine	pheno_edges	-	yes	False	Keio:metB	
lof_metC	lof	scored	deletion	BW25113	iML1515	0		Baba et al. Mol Syst Biol 2006; doi:10.1038/msb4100050 (PMC1681482)	GPR is an OR of isozymes -- single KO kills no reaction; this is the redundancy control, not a mapping failure	metC	C	MNXM738804	l-methionine	pheno_edges	-	yes	False	Keio:metC	
lof_metE	lof	scored	deletion	BW25113	iML1515	0		Baba et al. Mol Syst Biol 2006; doi:10.1038/msb4100050 (PMC1681482)	GPR is an OR of isozymes -- single KO kills no reaction; this is the redundancy control, not a mapping failure	metE	C	MNXM738804	l-methionine	pheno_edges	-	yes	False	Keio:metE	
lof_metH	lof	scored	deletion	BW25113	iML1515	0		Baba et al. Mol Syst Biol 2006; doi:10.1038/msb4100050 (PMC1681482)	GPR is an OR of isozymes -- single KO kills no reaction; this is the redundancy control, not a mapping failure	metH	C	MNXM738804	l-methionine	pheno_edges	-	no	True	Keio:metH	
lof_moaA	lof	scored	deletion	BW25113	iML1515	1		Baba et al. Mol Syst Biol 2006; doi:10.1038/msb4100050 (PMC1681482)		moaA	C	MNXM1107741	cyclic pyranopterin phosphate	pheno_edges	-	no	True	Keio:moaA	
lof_moaC	lof	scored	deletion	BW25113	iML1515	1		Baba et al. Mol Syst Biol 2006; doi:10.1038/msb4100050 (PMC1681482)		moaC	C	MNXM1107741	cyclic pyranopterin phosphate	pheno_edges	-	no	True	Keio:moaC	
lof_moaE	lof	scored	deletion	BW25113	iML1515	1		Baba et al. Mol Syst Biol 2006; doi:10.1038/msb4100050 (PMC1681482)		moaE	C	MNXM1107741	cyclic pyranopterin phosphate	pheno_edges	-	no	True	Keio:moaE	
lof_moeA	lof	scored	deletion	BW25113	iML1515	4		Baba et al. Mol Syst Biol 2006; doi:10.1038/msb4100050 (PMC1681482)		moeA	C	MNXM1107741	cyclic pyranopterin phosphate	pheno_edges	-	no	True	Keio:moeA	
lof_mog	lof	scored	deletion	BW25113	iML1515	1		Baba et al. Mol Syst Biol 2006; doi:10.1038/msb4100050 (PMC1681482)		mog	C	MNXM1107741	cyclic pyranopterin phosphate	pheno_edges	-	no	True	Keio:mog	
lof_panB	lof	scored	deletion	BW25113	iML1515	1		Baba et al. Mol Syst Biol 2006; doi:10.1038/msb4100050 (PMC1681482)		panB	C	MNXM1371612	(r)-pantothenate	pheno_edges	-	yes	False	Keio:panB	
lof_panC	lof	scored	deletion	BW25113	iML1515	1		Baba et al. Mol Syst Biol 2006; doi:10.1038/msb4100050 (PMC1681482)		panC	C	MNXM1371612	(r)-pantothenate	pheno_edges	-	yes	False	Keio:panC	
lof_panD	lof	scored	deletion	BW25113	iML1515	1		Baba et al. Mol Syst Biol 2006; doi:10.1038/msb4100050 (PMC1681482)		panD	C	MNXM1371612	(r)-pantothenate	pheno_edges	-	yes	False	Keio:panD	
lof_panE	lof	scored	deletion	BW25113	iML1515	0		Baba et al. Mol Syst Biol 2006; doi:10.1038/msb4100050 (PMC1681482)	GPR is an OR of isozymes -- single KO kills no reaction; this is the redundancy control, not a mapping failure	panE	C	MNXM1371612	(r)-pantothenate	pheno_edges	-	no	True	Keio:panE	
lof_pheA	lof	scored	deletion	BW25113	iML1515	1		Baba et al. Mol Syst Biol 2006; doi:10.1038/msb4100050 (PMC1681482)		pheA	C	MNXM741664	l-phenylalanine	pheno_edges	-	yes	False	Keio:pheA	
lof_plsB	lof	scored	deletion	BW25113	iML1515	7		Baba et al. Mol Syst Biol 2006; doi:10.1038/msb4100050 (PMC1681482)		plsB	C	MNXM115	PE	pheno_edges	-	yes	False	Keio:plsB	
lof_plsC	lof	scored	deletion	BW25113	iML1515	7		Baba et al. Mol Syst Biol 2006; doi:10.1038/msb4100050 (PMC1681482)		plsC	C	MNXM115	PE	pheno_edges	-	yes	False	Keio:plsC	
lof_psd	lof	scored	deletion	BW25113	iML1515	7		Baba et al. Mol Syst Biol 2006; doi:10.1038/msb4100050 (PMC1681482)		psd	C	MNXM115	PE	pheno_edges	-	yes	False	Keio:psd	
lof_pssA	lof	scored	deletion	BW25113	iML1515	7		Baba et al. Mol Syst Biol 2006; doi:10.1038/msb4100050 (PMC1681482)		pssA	C	MNXM115	PE	pheno_edges	-	yes	False	Keio:pssA	
lof_proA	lof	scored	deletion	BW25113	iML1515	1		Baba et al. Mol Syst Biol 2006; doi:10.1038/msb4100050 (PMC1681482)		proA	C	MNXM114	l-proline	pheno_edges	-	yes	False	Keio:proA	
lof_proB	lof	scored	deletion	BW25113	iML1515	1		Baba et al. Mol Syst Biol 2006; doi:10.1038/msb4100050 (PMC1681482)		proB	C	MNXM114	l-proline	pheno_edges	-	yes	False	Keio:proB	
lof_proC	lof	scored	deletion	BW25113	iML1515	1		Baba et al. Mol Syst Biol 2006; doi:10.1038/msb4100050 (PMC1681482)		proC	C	MNXM114	l-proline	pheno_edges	-	yes	False	Keio:proC	
lof_guaA	lof	scored	deletion	BW25113	iML1515	2		Baba et al. Mol Syst Biol 2006; doi:10.1038/msb4100050 (PMC1681482)		guaA	C	MNXM1101285	gmp	pheno_edges	-	yes	False	Keio:guaA	
lof_guaB	lof	scored	deletion	BW25113	iML1515	1		Baba et al. Mol Syst Biol 2006; doi:10.1038/msb4100050 (PMC1681482)		guaB	C	MNXM1101285	gmp	pheno_edges	-	yes	False	Keio:guaB	
lof_purA	lof	scored	deletion	BW25113	iML1515	1		Baba et al. Mol Syst Biol 2006; doi:10.1038/msb4100050 (PMC1681482)		purA	C	MNXM728294	amp	pheno_edges	-	yes	False	Keio:purA	
lof_purB	lof	scored	deletion	BW25113	iML1515	2		Baba et al. Mol Syst Biol 2006; doi:10.1038/msb4100050 (PMC1681482)		purB	C	MNXM1101868	imp	pheno_edges	-	yes	False	Keio:purB	
lof_purC	lof	scored	deletion	BW25113	iML1515	1		Baba et al. Mol Syst Biol 2006; doi:10.1038/msb4100050 (PMC1681482)		purC	C	MNXM1101868	imp	pheno_edges	-	yes	False	Keio:purC	
lof_purD	lof	scored	deletion	BW25113	iML1515	1		Baba et al. Mol Syst Biol 2006; doi:10.1038/msb4100050 (PMC1681482)		purD	C	MNXM1101868	imp	pheno_edges	-	yes	False	Keio:purD	
lof_purE	lof	scored	deletion	BW25113	iML1515	1		Baba et al. Mol Syst Biol 2006; doi:10.1038/msb4100050 (PMC1681482)		purE	C	MNXM1101868	imp	pheno_edges	-	yes	False	Keio:purE	
lof_purF	lof	scored	deletion	BW25113	iML1515	1		Baba et al. Mol Syst Biol 2006; doi:10.1038/msb4100050 (PMC1681482)		purF	C	MNXM1101868	imp	pheno_edges	-	yes	False	Keio:purF	
lof_purH	lof	scored	deletion	BW25113	iML1515	2		Baba et al. Mol Syst Biol 2006; doi:10.1038/msb4100050 (PMC1681482)		purH	C	MNXM1101868	imp	pheno_edges	-	yes	False	Keio:purH	
lof_purK	lof	scored	deletion	BW25113	iML1515	1		Baba et al. Mol Syst Biol 2006; doi:10.1038/msb4100050 (PMC1681482)		purK	C	MNXM1101868	imp	pheno_edges	-	yes	False	Keio:purK	
lof_purL	lof	scored	deletion	BW25113	iML1515	1		Baba et al. Mol Syst Biol 2006; doi:10.1038/msb4100050 (PMC1681482)		purL	C	MNXM1101868	imp	pheno_edges	-	yes	False	Keio:purL	
lof_purM	lof	scored	deletion	BW25113	iML1515	1		Baba et al. Mol Syst Biol 2006; doi:10.1038/msb4100050 (PMC1681482)		purM	C	MNXM1101868	imp	pheno_edges	-	yes	False	Keio:purM	
lof_purN	lof	scored	deletion	BW25113	iML1515	1		Baba et al. Mol Syst Biol 2006; doi:10.1038/msb4100050 (PMC1681482)		purN	C	MNXM1101868	imp	pheno_edges	-	no	True	Keio:purN	
lof_purT	lof	scored	deletion	BW25113	iML1515	1		Baba et al. Mol Syst Biol 2006; doi:10.1038/msb4100050 (PMC1681482)		purT	C	MNXM1101868	imp	pheno_edges	-	no	True	Keio:purT	
lof_pyrB	lof	scored	deletion	BW25113	iML1515	1		Baba et al. Mol Syst Biol 2006; doi:10.1038/msb4100050 (PMC1681482)		pyrB	C	MNXM1104823	ump	pheno_edges	-	yes	False	Keio:pyrB	
lof_pyrC	lof	scored	deletion	BW25113	iML1515	1		Baba et al. Mol Syst Biol 2006; doi:10.1038/msb4100050 (PMC1681482)		pyrC	C	MNXM1104823	ump	pheno_edges	-	yes	False	Keio:pyrC	
lof_pyrD	lof	scored	deletion	BW25113	iML1515	2		Baba et al. Mol Syst Biol 2006; doi:10.1038/msb4100050 (PMC1681482)		pyrD	C	MNXM1104823	ump	pheno_edges	-	yes	False	Keio:pyrD	
lof_pyrE	lof	scored	deletion	BW25113	iML1515	1		Baba et al. Mol Syst Biol 2006; doi:10.1038/msb4100050 (PMC1681482)		pyrE	C	MNXM1104823	ump	pheno_edges	-	yes	False	Keio:pyrE	
lof_pyrF	lof	scored	deletion	BW25113	iML1515	1		Baba et al. Mol Syst Biol 2006; doi:10.1038/msb4100050 (PMC1681482)		pyrF	C	MNXM1104823	ump	pheno_edges	-	yes	False	Keio:pyrF	
lof_thyA	lof	scored	deletion	BW25113	iML1515	1		Baba et al. Mol Syst Biol 2006; doi:10.1038/msb4100050 (PMC1681482)		thyA	C	MNXM257	dtmp	pheno_edges	-	yes	False	Keio:thyA	
lof_ribA	lof	scored	deletion	BW25113	iML1515	1		Baba et al. Mol Syst Biol 2006; doi:10.1038/msb4100050 (PMC1681482)		ribA	C	MNXM270	riboflavin	pheno_edges	-	yes	False	Keio:ribA	
lof_ribB	lof	scored	deletion	BW25113	iML1515	1		Baba et al. Mol Syst Biol 2006; doi:10.1038/msb4100050 (PMC1681482)		ribB	C	MNXM270	riboflavin	pheno_edges	-	yes	False	Keio:ribB	
lof_ribD	lof	scored	deletion	BW25113	iML1515	2		Baba et al. Mol Syst Biol 2006; doi:10.1038/msb4100050 (PMC1681482)		ribD	C	MNXM270	riboflavin	pheno_edges	-	yes	False	Keio:ribD	
lof_ribE	lof	scored	deletion	BW25113	iML1515	1		Baba et al. Mol Syst Biol 2006; doi:10.1038/msb4100050 (PMC1681482)		ribE	C	MNXM270	riboflavin	pheno_edges	-	yes	False	Keio:ribE	
lof_aroA	lof	scored	deletion	BW25113	iML1515	1		Baba et al. Mol Syst Biol 2006; doi:10.1038/msb4100050 (PMC1681482)		aroA	C	MNXM337	chorismate	pheno_edges	-	yes	False	Keio:aroA	
lof_aroB	lof	scored	deletion	BW25113	iML1515	1		Baba et al. Mol Syst Biol 2006; doi:10.1038/msb4100050 (PMC1681482)		aroB	C	MNXM337	chorismate	pheno_edges	-	yes	False	Keio:aroB	
lof_aroC	lof	scored	deletion	BW25113	iML1515	1		Baba et al. Mol Syst Biol 2006; doi:10.1038/msb4100050 (PMC1681482)		aroC	C	MNXM337	chorismate	pheno_edges	-	yes	False	Keio:aroC	
lof_aroD	lof	scored	deletion	BW25113	iML1515	1		Baba et al. Mol Syst Biol 2006; doi:10.1038/msb4100050 (PMC1681482)		aroD	C	MNXM337	chorismate	pheno_edges	-	yes	False	Keio:aroD	
lof_aroE	lof	scored	deletion	BW25113	iML1515	0		Baba et al. Mol Syst Biol 2006; doi:10.1038/msb4100050 (PMC1681482)	GPR is an OR of isozymes -- single KO kills no reaction; this is the redundancy control, not a mapping failure	aroE	C	MNXM337	chorismate	pheno_edges	-	yes	False	Keio:aroE	
lof_aroF	lof	scored	deletion	BW25113	iML1515	0		Baba et al. Mol Syst Biol 2006; doi:10.1038/msb4100050 (PMC1681482)	GPR is an OR of isozymes -- single KO kills no reaction; this is the redundancy control, not a mapping failure	aroF	C	MNXM337	chorismate	pheno_edges	-	no	True	Keio:aroF	
lof_aroG	lof	scored	deletion	BW25113	iML1515	0		Baba et al. Mol Syst Biol 2006; doi:10.1038/msb4100050 (PMC1681482)	GPR is an OR of isozymes -- single KO kills no reaction; this is the redundancy control, not a mapping failure	aroG	C	MNXM337	chorismate	pheno_edges	-	no	True	Keio:aroG	
lof_aroH	lof	scored	deletion	BW25113	iML1515	0		Baba et al. Mol Syst Biol 2006; doi:10.1038/msb4100050 (PMC1681482)	GPR is an OR of isozymes -- single KO kills no reaction; this is the redundancy control, not a mapping failure	aroH	C	MNXM337	chorismate	pheno_edges	-	no	True	Keio:aroH	
lof_aroK	lof	scored	deletion	BW25113	iML1515	0		Baba et al. Mol Syst Biol 2006; doi:10.1038/msb4100050 (PMC1681482)	GPR is an OR of isozymes -- single KO kills no reaction; this is the redundancy control, not a mapping failure	aroK	C	MNXM337	chorismate	pheno_edges	-	no	True	Keio:aroK	
lof_aroL	lof	scored	deletion	BW25113	iML1515	0		Baba et al. Mol Syst Biol 2006; doi:10.1038/msb4100050 (PMC1681482)	GPR is an OR of isozymes -- single KO kills no reaction; this is the redundancy control, not a mapping failure	aroL	C	MNXM337	chorismate	pheno_edges	-	no	True	Keio:aroL	
lof_cysG	lof	scored	deletion	BW25113	iML1515	3		Baba et al. Mol Syst Biol 2006; doi:10.1038/msb4100050 (PMC1681482)		cysG	C	MNXM738068	l-cysteine	pheno_edges	-	yes	False	Keio:cysG	
lof_cysC	lof	scored	deletion	BW25113	iML1515	1		Baba et al. Mol Syst Biol 2006; doi:10.1038/msb4100050 (PMC1681482)		cysC	C	MNXM738068	l-cysteine	pheno_edges	-	yes	False	Keio:cysC	
lof_cysD	lof	scored	deletion	BW25113	iML1515	1		Baba et al. Mol Syst Biol 2006; doi:10.1038/msb4100050 (PMC1681482)		cysD	C	MNXM738068	l-cysteine	pheno_edges	-	yes	False	Keio:cysD	
lof_cysH	lof	scored	deletion	BW25113	iML1515	2		Baba et al. Mol Syst Biol 2006; doi:10.1038/msb4100050 (PMC1681482)		cysH	C	MNXM738068	l-cysteine	pheno_edges	-	yes	False	Keio:cysH	
lof_cysI	lof	scored	deletion	BW25113	iML1515	2		Baba et al. Mol Syst Biol 2006; doi:10.1038/msb4100050 (PMC1681482)		cysI	C	MNXM738068	l-cysteine	pheno_edges	-	yes	False	Keio:cysI	
lof_cysJ	lof	scored	deletion	BW25113	iML1515	2		Baba et al. Mol Syst Biol 2006; doi:10.1038/msb4100050 (PMC1681482)		cysJ	C	MNXM738068	l-cysteine	pheno_edges	-	yes	False	Keio:cysJ	
lof_cysN	lof	scored	deletion	BW25113	iML1515	1		Baba et al. Mol Syst Biol 2006; doi:10.1038/msb4100050 (PMC1681482)		cysN	C	MNXM738068	l-cysteine	pheno_edges	-	yes	False	Keio:cysN	
lof_thiC	lof	scored	deletion	BW25113	iML1515	1		Baba et al. Mol Syst Biol 2006; doi:10.1038/msb4100050 (PMC1681482)		thiC	C	MNXM256	thiamine diphosphate	pheno_edges	-	yes	False	Keio:thiC	
lof_thiD	lof	scored	deletion	BW25113	iML1515	1		Baba et al. Mol Syst Biol 2006; doi:10.1038/msb4100050 (PMC1681482)		thiD	C	MNXM256	thiamine diphosphate	pheno_edges	-	yes	False	Keio:thiD	
lof_thiE	lof	scored	deletion	BW25113	iML1515	1		Baba et al. Mol Syst Biol 2006; doi:10.1038/msb4100050 (PMC1681482)		thiE	C	MNXM256	thiamine diphosphate	pheno_edges	-	yes	False	Keio:thiE	
lof_thiF	lof	scored	deletion	BW25113	iML1515	1		Baba et al. Mol Syst Biol 2006; doi:10.1038/msb4100050 (PMC1681482)		thiF	C	MNXM256	thiamine diphosphate	pheno_edges	-	yes	False	Keio:thiF	
lof_thiG	lof	scored	deletion	BW25113	iML1515	1		Baba et al. Mol Syst Biol 2006; doi:10.1038/msb4100050 (PMC1681482)		thiG	C	MNXM256	thiamine diphosphate	pheno_edges	-	yes	False	Keio:thiG	
lof_thiH	lof	scored	deletion	BW25113	iML1515	1		Baba et al. Mol Syst Biol 2006; doi:10.1038/msb4100050 (PMC1681482)		thiH	C	MNXM256	thiamine diphosphate	pheno_edges	-	yes	False	Keio:thiH	
lof_thiL	lof	scored	deletion	BW25113	iML1515	1		Baba et al. Mol Syst Biol 2006; doi:10.1038/msb4100050 (PMC1681482)		thiL	C	MNXM256	thiamine diphosphate	pheno_edges	-	yes	False	Keio:thiL	
lof_thiM	lof	scored	deletion	BW25113	iML1515	1		Baba et al. Mol Syst Biol 2006; doi:10.1038/msb4100050 (PMC1681482)		thiM	C	MNXM256	thiamine diphosphate	pheno_edges	-	uncertain	False	Keio:thiM	
lof_thrB	lof	scored	deletion	BW25113	iML1515	2		Baba et al. Mol Syst Biol 2006; doi:10.1038/msb4100050 (PMC1681482)		thrB	C	MNXM142	l-threonine	pheno_edges	-	yes	False	Keio:thrB	
lof_thrC	lof	scored	deletion	BW25113	iML1515	1		Baba et al. Mol Syst Biol 2006; doi:10.1038/msb4100050 (PMC1681482)		thrC	C	MNXM142	l-threonine	pheno_edges	-	yes	False	Keio:thrC	
lof_trpA	lof	scored	deletion	BW25113	iML1515	3		Baba et al. Mol Syst Biol 2006; doi:10.1038/msb4100050 (PMC1681482)		trpA	C	MNXM741553	l-tryptophan	pheno_edges	-	yes	False	Keio:trpA	
lof_trpB	lof	scored	deletion	BW25113	iML1515	3		Baba et al. Mol Syst Biol 2006; doi:10.1038/msb4100050 (PMC1681482)		trpB	C	MNXM741553	l-tryptophan	pheno_edges	-	yes	False	Keio:trpB	
lof_trpC	lof	scored	deletion	BW25113	iML1515	2		Baba et al. Mol Syst Biol 2006; doi:10.1038/msb4100050 (PMC1681482)		trpC	C	MNXM741553	l-tryptophan	pheno_edges	-	yes	False	Keio:trpC	
lof_trpD	lof	scored	deletion	BW25113	iML1515	2		Baba et al. Mol Syst Biol 2006; doi:10.1038/msb4100050 (PMC1681482)		trpD	C	MNXM741553	l-tryptophan	pheno_edges	-	yes	False	Keio:trpD	
lof_trpE	lof	scored	deletion	BW25113	iML1515	1		Baba et al. Mol Syst Biol 2006; doi:10.1038/msb4100050 (PMC1681482)		trpE	C	MNXM741553	l-tryptophan	pheno_edges	-	yes	False	Keio:trpE	
lof_tyrA	lof	scored	deletion	BW25113	iML1515	1		Baba et al. Mol Syst Biol 2006; doi:10.1038/msb4100050 (PMC1681482)		tyrA	C	MNXM76	l-tyrosine	pheno_edges	-	yes	False	Keio:tyrA	
