edge_id	element	anchor	anchor_mnxm	anchor_tier	anchor_carrier	product_mnxm	product_name	product_sources	product_categories	product_live_netA_iML1515	product_live_netA_iECDH10B	product_live_netB_iML1515	product_live_netB_iECDH10B
C__OAA__MNXM100	C	OAA	MNXM46	primary	False	MNXM100	(2E)-geranyl diphosphate	v1_panel	carried	True	True	True	True
C__OAA__MNXM1021	C	OAA	MNXM46	primary	False	MNXM1021	glutarate	v3_gof_target	exact_name_in_X	False	True	True	True
C__OAA__MNXM1092518	C	OAA	MNXM46	primary	False	MNXM1092518	cis-aconitate	v1_panel	carried	True	True	True	True
C__OAA__MNXM1094052	C	OAA	MNXM46	primary	False	MNXM1094052	propanoate	v3_gof_target	metanetx_xref	True	True	True	True
C__OAA__MNXM1101285	C	OAA	MNXM46	primary	False	MNXM1101285	GMP	v1_panel	carried	True	True	True	True
C__OAA__MNXM1101868	C	OAA	MNXM46	primary	False	MNXM1101868	IMP	v1_panel,v3_gof_target	carried,exact_name_in_X	True	True	True	True
C__OAA__MNXM1103616	C	OAA	MNXM46	primary	False	MNXM1103616	hexanoyl-CoA	v1_panel	carried	True	True	True	True
C__OAA__MNXM1103802	C	OAA	MNXM46	primary	False	MNXM1103802	acetoacetyl-CoA	v1_panel	carried	True	True	True	True
C__OAA__MNXM1103847	C	OAA	MNXM46	primary	False	MNXM1103847	(2S)-2-acetolactate	v1_panel	carried	True	True	True	True
C__OAA__MNXM1103936	C	OAA	MNXM46	primary	False	MNXM1103936	(6S)-5,6,7,8-tetrahydrofolate	v1_panel	carried	True	True	True	True
C__OAA__MNXM1104180	C	OAA	MNXM46	primary	False	MNXM1104180	sucrose	v1_panel	carried	True	True	False	False
C__OAA__MNXM1104235	C	OAA	MNXM46	primary	False	MNXM1104235	(3S)-3-hydroxy-3-methylglutaryl-CoA	v1_panel	carried	False	False	True	True
C__OAA__MNXM1104266	C	OAA	MNXM46	primary	False	MNXM1104266	acetyl-CoA	v1_panel,v3_gof_near,v3_gof_target	carried,exact_name_in_X,inserted_reaction_product	True	True	True	True
C__OAA__MNXM1104300	C	OAA	MNXM46	primary	False	MNXM1104300	butanoyl-CoA	v1_panel	carried	True	True	True	True
C__OAA__MNXM1104529	C	OAA	MNXM46	primary	False	MNXM1104529	UDP-N-acetyl-alpha-D-glucosamine	v1_panel	carried	True	True	True	True
C__OAA__MNXM1104699	C	OAA	MNXM46	primary	False	MNXM1104699	3-oxohexanoyl-CoA	v1_panel	carried	True	True	True	True
C__OAA__MNXM1104774	C	OAA	MNXM46	primary	False	MNXM1104774	succinyl-CoA	v1_panel,v3_gof_target	carried,exact_name_in_X	True	True	True	True
C__OAA__MNXM1104823	C	OAA	MNXM46	primary	False	MNXM1104823	UMP	v1_panel	carried	True	True	True	True
C__OAA__MNXM1105057	C	OAA	MNXM46	primary	False	MNXM1105057	(R)-mevalonate	v1_panel	carried	False	False	True	True
C__OAA__MNXM1105732	C	OAA	MNXM46	primary	False	MNXM1105732	L-alanine	v3_gof_target	exact_name_in_X,normalized_name_in_X	True	True	True	True
C__OAA__MNXM1105941	C	OAA	MNXM46	primary	False	MNXM1105941	myo-inositol	v3_gof_target	exact_name_in_X	True	True	True	True
C__OAA__MNXM1106093	C	OAA	MNXM46	primary	False	MNXM1106093	malonyl-CoA	v1_panel,v3_gof_near,v3_gof_target	carried,exact_name_in_X,inserted_reaction_product	True	True	True	True
C__OAA__MNXM1106761	C	OAA	MNXM46	primary	False	MNXM1106761	L-leucine	v1_panel,v3_lof_target	carried,exact_name_in_X	True	True	True	True
C__OAA__MNXM1106823	C	OAA	MNXM46	primary	False	MNXM1106823	1,2,4-butanetriol	v3_gof_target	normalized_name_in_X	False	False	True	True
C__OAA__MNXM1107139	C	OAA	MNXM46	primary	False	MNXM1107139	an alditol	v3_gof_target	metanetx_xref	False	False	True	True
C__OAA__MNXM1107741	C	OAA	MNXM46	primary	False	MNXM1107741	cyclic pyranopterin phosphate	v1_panel	carried	True	True	True	True
C__OAA__MNXM1107752	C	OAA	MNXM46	primary	False	MNXM1107752	citrate	v1_panel	carried	True	True	True	True
C__OAA__MNXM1107769	C	OAA	MNXM46	primary	False	MNXM1107769	L-histidine	v1_panel,v3_lof_target	carried,exact_name_in_X	True	True	True	True
C__OAA__MNXM1107821	C	OAA	MNXM46	primary	False	MNXM1107821	L-asparagine	v1_panel	carried	True	True	True	True
C__OAA__MNXM1107898	C	OAA	MNXM46	primary	False	MNXM1107898	beta-D-fructose 6-phosphate	v1_panel	carried	True	True	True	True
C__OAA__MNXM1107904	C	OAA	MNXM46	primary	False	MNXM1107904	(S)-methylmalonyl-CoA	v3_gof_near	inserted_reaction_product	True	True	True	True
C__OAA__MNXM1108016	C	OAA	MNXM46	primary	False	MNXM1108016	nicotinate beta-D-ribonucleotide	v3_gof_near	inserted_reaction_product	True	True	True	True
C__OAA__MNXM1108018	C	OAA	MNXM46	primary	False	MNXM1108018	H2	v1_panel	carried	False	False	False	False
C__OAA__MNXM1108092	C	OAA	MNXM46	primary	False	MNXM1108092	ethanol	v1_panel,v3_gof_target	carried,exact_name_in_X,normalized_name_in_X	True	True	True	True
C__OAA__MNXM1108176	C	OAA	MNXM46	primary	False	MNXM1108176	D-galactose	v1_panel	carried	False	False	True	True
C__OAA__MNXM1108250	C	OAA	MNXM46	primary	False	MNXM1108250	all-trans-beta-carotene	v1_panel,v3_gof_target	carried,metanetx_xref	False	False	False	False
C__OAA__MNXM1137654	C	OAA	MNXM46	primary	False	MNXM1137654	(S)-acetoin	v1_panel	carried	False	False	False	False
C__OAA__MNXM1137687	C	OAA	MNXM46	primary	False	MNXM1137687	3,4-dihydroxybenzoate	v1_panel	carried	False	False	False	False
C__OAA__MNXM114	C	OAA	MNXM46	primary	False	MNXM114	L-proline	v1_panel,v3_lof_target	carried,exact_name_in_X	True	True	True	True
C__OAA__MNXM114436	C	OAA	MNXM46	primary	False	MNXM114436	4a-hydroxy-N10-formyltetrahydrofolate	v1_panel	carried	False	False	False	False
C__OAA__MNXM114643	C	OAA	MNXM46	primary	False	MNXM114643	an apo-[FeFe] hydrogenase subunit	v1_panel	carried	False	False	False	False
C__OAA__MNXM115	C	OAA	MNXM46	primary	False	MNXM115	phosphatidylethanolamine	v1_panel,v3_gof_target	carried,exact_name_in_X	False	False	True	True
C__OAA__MNXM118	C	OAA	MNXM46	primary	False	MNXM118	putrescine	v1_panel,v3_gof_target	carried,normalized_name_in_X	True	True	True	True
C__OAA__MNXM1255	C	OAA	MNXM46	primary	False	MNXM1255	(S)-propane-1,2-diol	v3_gof_near	inserted_reaction_product	True	True	True	True
C__OAA__MNXM132	C	OAA	MNXM46	primary	False	MNXM132	dimethylallyl diphosphate	v1_panel	carried	True	True	True	True
C__OAA__MNXM1326	C	OAA	MNXM46	primary	False	MNXM1326	(S)-eriodictyol	v3_gof_target	metanetx_xref	False	False	True	True
C__OAA__MNXM1363773	C	OAA	MNXM46	primary	False	MNXM1363773	all-trans-retinol	v3_gof_target	exact_name_in_X	False	False	True	True
C__OAA__MNXM1363833	C	OAA	MNXM46	primary	False	MNXM1363833	(2E,6E)-farnesyl diphosphate	v1_panel	carried	False	False	True	True
C__OAA__MNXM1363910	C	OAA	MNXM46	primary	False	MNXM1363910	alpha-D-ribofuranose 5-phosphate	v1_panel	carried	True	True	True	True
C__OAA__MNXM1363936	C	OAA	MNXM46	primary	False	MNXM1363936	(2E)-butenoyl-CoA	v1_panel	carried	True	True	True	True
C__OAA__MNXM1363974	C	OAA	MNXM46	primary	False	MNXM1363974	dTDP-4-dehydro-6-deoxy-alpha-D-glucose	v1_panel	carried	True	True	True	True
C__OAA__MNXM1364019	C	OAA	MNXM46	primary	False	MNXM1364019	UDP-alpha-D-glucose	v3_gof_near	inserted_reaction_product	True	True	True	True
C__OAA__MNXM1364061	C	OAA	MNXM46	primary	False	MNXM1364061	D-glucose	v1_panel	carried	True	True	True	True
C__OAA__MNXM1364111	C	OAA	MNXM46	primary	False	MNXM1364111	D-glucose 6-phosphate	v1_panel	carried	True	True	True	True
C__OAA__MNXM1364140	C	OAA	MNXM46	primary	False	MNXM1364140	(3R)-3-hydroxybutanoyl-CoA	v1_panel	carried	False	False	True	True
C__OAA__MNXM1364149	C	OAA	MNXM46	primary	False	MNXM1364149	FAD	v1_panel	carried	True	True	True	True
C__OAA__MNXM1364174	C	OAA	MNXM46	primary	False	MNXM1364174	N-acetyl-beta-D-glucosamine 6-phosphate	v1_panel,v3_gof_near	carried,inserted_reaction_product	True	True	True	True
C__OAA__MNXM1364229	C	OAA	MNXM46	primary	False	MNXM1364229	beta-D-fructose 1,6-bisphosphate	v3_gof_near	inserted_reaction_product	True	True	True	True
C__OAA__MNXM1364266	C	OAA	MNXM46	primary	False	MNXM1364266	propanoyl-CoA	v3_gof_near	inserted_reaction_product	True	True	True	True
C__OAA__MNXM1364268	C	OAA	MNXM46	primary	False	MNXM1364268	L-lysine	v1_panel,v3_gof_target,v3_lof_target	carried,exact_name_in_X	True	True	True	True
C__OAA__MNXM1364476	C	OAA	MNXM46	primary	False	MNXM1364476	protoporphyrin IX	v3_lof_target	exact_name_in_X	True	True	True	True
C__OAA__MNXM1364497	C	OAA	MNXM46	primary	False	MNXM1364497	L-aspartate	v1_panel,v3_gof_target	carried,exact_name_in_X	True	True	True	True
C__OAA__MNXM1364686	C	OAA	MNXM46	primary	False	MNXM1364686	1D-myo-inositol 3-phosphate	v1_panel,v3_gof_near	carried,inserted_reaction_product	False	False	True	True
C__OAA__MNXM1365590	C	OAA	MNXM46	primary	False	MNXM1365590	molybdopterin	v3_gof_near	inserted_reaction_product	True	True	True	True
C__OAA__MNXM1368127	C	OAA	MNXM46	primary	False	MNXM1368127	(3E,6E)-alpha-farnesene	v3_gof_target	metanetx_xref	False	False	False	False
C__OAA__MNXM1368744	C	OAA	MNXM46	primary	False	MNXM1368744	2-oxoglutarate	v1_panel,v3_gof_near,v3_gof_target	carried,exact_name_in_X,inserted_reaction_product	True	True	True	True
C__OAA__MNXM1369302	C	OAA	MNXM46	primary	False	MNXM1369302	thymine	v3_lof_target	exact_name_in_X	True	True	True	True
C__OAA__MNXM1370019	C	OAA	MNXM46	primary	False	MNXM1370019	(E)-4-coumarate	v1_panel	carried	False	False	True	True
C__OAA__MNXM1370262	C	OAA	MNXM46	primary	False	MNXM1370262	15-cis-phytoene	v1_panel	carried	False	False	False	False
C__OAA__MNXM1370620	C	OAA	MNXM46	primary	False	MNXM1370620	N-acetyl-L-glutamate	v3_gof_near	inserted_reaction_product	True	True	True	True
C__OAA__MNXM1370996	C	OAA	MNXM46	primary	False	MNXM1370996	caffeic acid	v3_gof_target	exact_name_in_X	True	True	True	True
C__OAA__MNXM1371362	C	OAA	MNXM46	primary	False	MNXM1371362	(R)-lactate	v1_panel,v3_gof_near,v3_gof_target	carried,inserted_reaction_product,metanetx_xref	True	True	True	True
C__OAA__MNXM1371363	C	OAA	MNXM46	primary	False	MNXM1371363	(S)-lactate	v3_gof_near	inserted_reaction_product	True	True	True	True
C__OAA__MNXM1371612	C	OAA	MNXM46	primary	False	MNXM1371612	(R)-pantothenate	v1_panel	carried	True	True	True	True
C__OAA__MNXM1372044	C	OAA	MNXM46	primary	False	MNXM1372044	glyceraldehyde 3-phosphate	v1_panel	carried	True	True	True	True
C__OAA__MNXM1372147	C	OAA	MNXM46	primary	False	MNXM1372147	(4R)-limonene	v1_panel	carried	False	False	False	False
C__OAA__MNXM1372148	C	OAA	MNXM46	primary	False	MNXM1372148	(4S)-limonene	v3_gof_target	exact_name_in_X	False	False	True	True
C__OAA__MNXM1410	C	OAA	MNXM46	primary	False	MNXM1410	5-oxopentanoate	v1_panel	carried	False	True	True	True
C__OAA__MNXM142	C	OAA	MNXM46	primary	False	MNXM142	L-threonine	v1_panel,v3_gof_near,v3_gof_target,v3_lof_target	carried,exact_name_in_X,inserted_reaction_product	True	True	True	True
C__OAA__MNXM144	C	OAA	MNXM46	primary	False	MNXM144	beta-alanine	v3_gof_target	normalized_name_in_X	True	True	True	True
C__OAA__MNXM145	C	OAA	MNXM46	primary	False	MNXM145	D-ribulose 5-phosphate	v1_panel	carried	True	True	True	True
C__OAA__MNXM161	C	OAA	MNXM46	primary	False	MNXM161	pyridoxal 5'-phosphate	v1_panel	carried	True	True	True	True
C__OAA__MNXM162	C	OAA	MNXM46	primary	False	MNXM162	D-threo-isocitrate	v1_panel	carried	False	False	True	True
C__OAA__MNXM162231	C	OAA	MNXM46	primary	False	MNXM162231	NAD(P)H	v1_panel,v3_gof_near	carried,inserted_reaction_product	False	False	True	True
C__OAA__MNXM163519	C	OAA	MNXM46	primary	False	MNXM163519	a lipid II	v1_panel	carried	False	False	True	True
C__OAA__MNXM164	C	OAA	MNXM46	primary	False	MNXM164	4-hydroxybenzoate	v1_panel	carried	True	True	True	True
C__OAA__MNXM1653	C	OAA	MNXM46	primary	False	MNXM1653	hexanoate	v3_gof_target	exact_name_in_X	True	True	True	True
C__OAA__MNXM169454	C	OAA	MNXM46	primary	False	MNXM169454	D-xylose	v1_panel	carried	True	True	True	True
C__OAA__MNXM1734	C	OAA	MNXM46	primary	False	MNXM1734	D-galactonate	v3_gof_target	exact_name_in_X	True	True	True	True
C__OAA__MNXM1737	C	OAA	MNXM46	primary	False	MNXM1737	D-xylono-1,5-lactone	v3_gof_near	inserted_reaction_product	False	False	False	False
C__OAA__MNXM1747	C	OAA	MNXM46	primary	False	MNXM1747	itaconate	v3_gof_target	exact_name_in_X	False	False	True	True
C__OAA__MNXM1812	C	OAA	MNXM46	primary	False	MNXM1812	penicillin G	v3_gof_target	exact_name_in_X	False	False	False	False
C__OAA__MNXM18358	C	OAA	MNXM46	primary	False	MNXM18358	hexan-1-ol	v1_panel	carried	False	False	True	True
C__OAA__MNXM199	C	OAA	MNXM46	primary	False	MNXM199	L-valine	v3_gof_target,v3_lof_target	exact_name_in_X	True	True	True	True
C__OAA__MNXM2022	C	OAA	MNXM46	primary	False	MNXM2022	beta-myrcene	v1_panel	carried	False	False	False	False
C__OAA__MNXM2090	C	OAA	MNXM46	primary	False	MNXM2090	5-aminopentanamide	v1_panel	carried	False	False	False	False
C__OAA__MNXM2105	C	OAA	MNXM46	primary	False	MNXM2105	butanoyl phosphate	v1_panel	carried	False	False	True	True
C__OAA__MNXM2138	C	OAA	MNXM46	primary	False	MNXM2138	N-acetyl-beta-D-glucosamine	v3_gof_target	metanetx_xref	False	False	True	True
C__OAA__MNXM222	C	OAA	MNXM46	primary	False	MNXM222	glycolate	v3_gof_near	inserted_reaction_product	True	True	True	True
C__OAA__MNXM23	C	OAA	MNXM46	primary	False	MNXM23	pyruvate	v1_panel,v3_gof_near,v3_gof_target	carried,exact_name_in_X,inserted_reaction_product	True	True	True	True
C__OAA__MNXM2334	C	OAA	MNXM46	primary	False	MNXM2334	4-hydroxybutanoyl-CoA	v1_panel	carried	False	False	False	False
C__OAA__MNXM2476	C	OAA	MNXM46	primary	False	MNXM2476	2-phenylethanol	v3_gof_target	exact_name_in_X	False	False	True	True
C__OAA__MNXM25	C	OAA	MNXM46	primary	False	MNXM25	succinate	v1_panel,v3_gof_target,v3_lof_target	carried,exact_name_in_X,normalized_name_in_X	True	True	True	True
C__OAA__MNXM256	C	OAA	MNXM46	primary	False	MNXM256	thiamine diphosphate	v1_panel	carried	True	True	True	True
C__OAA__MNXM257	C	OAA	MNXM46	primary	False	MNXM257	dTMP	v1_panel	carried	True	True	True	True
C__OAA__MNXM258	C	OAA	MNXM46	primary	False	MNXM258	D-erythrose 4-phosphate	v1_panel,v3_gof_near	carried,inserted_reaction_product	True	True	True	True
C__OAA__MNXM26	C	OAA	MNXM46	primary	False	MNXM26	acetate	v1_panel,v3_gof_near,v3_gof_target	carried,exact_name_in_X,inserted_reaction_product	True	True	True	True
C__OAA__MNXM270	C	OAA	MNXM46	primary	False	MNXM270	riboflavin	v1_panel,v3_gof_target,v3_lof_target	carried,exact_name_in_X	True	True	True	True
C__OAA__MNXM279	C	OAA	MNXM46	primary	False	MNXM279	L-dopa	v3_gof_target	normalized_name_in_X	False	False	True	True
C__OAA__MNXM280	C	OAA	MNXM46	primary	False	MNXM280	acetyl phosphate	v3_gof_near	inserted_reaction_product	True	True	True	True
C__OAA__MNXM2861	C	OAA	MNXM46	primary	False	MNXM2861	propane-1,3-diol	v3_gof_target	metanetx_xref	True	False	False	False
C__OAA__MNXM29	C	OAA	MNXM46	primary	False	MNXM29	glycine	v1_panel	carried	True	True	True	True
C__OAA__MNXM304	C	OAA	MNXM46	primary	False	MNXM304	biotin	v1_panel,v3_lof_target	carried,exact_name_in_X	True	True	True	True
C__OAA__MNXM3085	C	OAA	MNXM46	primary	False	MNXM3085	propan-2-ol	v3_gof_near	inserted_reaction_product	False	False	True	True
C__OAA__MNXM315	C	OAA	MNXM46	primary	False	MNXM315	indole-3-pyruvate	v1_panel,v3_gof_near	carried,inserted_reaction_product	False	True	True	True
C__OAA__MNXM320	C	OAA	MNXM46	primary	False	MNXM320	phenol	v3_gof_target	exact_name_in_X	False	False	True	True
C__OAA__MNXM3230	C	OAA	MNXM46	primary	False	MNXM3230	butan-1-ol	v3_gof_near,v3_gof_target	inserted_reaction_product,metanetx_xref	False	False	True	True
C__OAA__MNXM3288	C	OAA	MNXM46	primary	False	MNXM3288	isoprene	v3_gof_target	normalized_name_in_X	False	False	False	False
C__OAA__MNXM337	C	OAA	MNXM46	primary	False	MNXM337	chorismate	v1_panel	carried	True	True	True	True
C__OAA__MNXM361	C	OAA	MNXM46	primary	False	MNXM361	L-aspartate 4-semialdehyde	v3_gof_near	inserted_reaction_product	True	True	True	True
C__OAA__MNXM37	C	OAA	MNXM46	primary	False	MNXM37	L-glutamine	v1_panel,v3_gof_target,v3_lof_target	carried,exact_name_in_X	True	True	True	True
C__OAA__MNXM39	C	OAA	MNXM46	primary	False	MNXM39	formate	v1_panel,v3_gof_near	carried,inserted_reaction_product	True	True	True	True
C__OAA__MNXM398	C	OAA	MNXM46	primary	False	MNXM398	acetone	v3_gof_target	exact_name_in_X	False	False	True	True
C__OAA__MNXM404	C	OAA	MNXM46	primary	False	MNXM404	4-methyl-2-oxopentanoate	v1_panel	carried	True	True	True	True
C__OAA__MNXM405	C	OAA	MNXM46	primary	False	MNXM405	5-aminolevulinate	v1_panel	carried	True	True	True	True
C__OAA__MNXM419	C	OAA	MNXM46	primary	False	MNXM419	pyridoxine	v3_lof_target	exact_name_in_X	True	True	True	True
C__OAA__MNXM420	C	OAA	MNXM46	primary	False	MNXM420	thymidine	v3_lof_target	exact_name_in_X	True	True	True	True
C__OAA__MNXM421	C	OAA	MNXM46	primary	False	MNXM421	4-aminobenzoate	v1_panel,v3_gof_target	carried,exact_name_in_X	True	True	True	True
C__OAA__MNXM458	C	OAA	MNXM46	primary	False	MNXM458	butanoate	v1_panel,v3_gof_target	carried,metanetx_xref	True	True	True	True
C__OAA__MNXM460	C	OAA	MNXM46	primary	False	MNXM460	dihydroxyacetone	v3_gof_target	exact_name_in_X	True	True	True	True
C__OAA__MNXM4964	C	OAA	MNXM46	primary	False	MNXM4964	4-tyrosol	v1_panel	carried	False	False	True	True
C__OAA__MNXM5	C	OAA	MNXM46	primary	False	MNXM5	NADP(+)	v3_gof_near	inserted_reaction_product	True	True	True	True
C__OAA__MNXM5188	C	OAA	MNXM46	primary	False	MNXM5188	isobutanol	v3_gof_target	exact_name_in_X	False	False	True	True
C__OAA__MNXM529	C	OAA	MNXM46	primary	False	MNXM529	meso-2,6-diaminopimelate	v1_panel	carried	True	True	True	True
C__OAA__MNXM554	C	OAA	MNXM46	primary	False	MNXM554	porphobilinogen	v1_panel	carried	True	True	True	True
C__OAA__MNXM555	C	OAA	MNXM46	primary	False	MNXM555	quinolinate	v1_panel	carried	True	True	True	True
C__OAA__MNXM573	C	OAA	MNXM46	primary	False	MNXM573	(E)-ferulate	v3_gof_target	metanetx_xref	False	False	False	False
C__OAA__MNXM5901	C	OAA	MNXM46	primary	False	MNXM5901	pinocembrin chalcone	v1_panel	carried	False	False	False	False
C__OAA__MNXM593	C	OAA	MNXM46	primary	False	MNXM593	(R)-pantoate	v1_panel	carried	True	True	True	True
C__OAA__MNXM59345	C	OAA	MNXM46	primary	False	MNXM59345	D-cycloserine	v3_gof_target	exact_name_in_X	False	False	False	False
C__OAA__MNXM602	C	OAA	MNXM46	primary	False	MNXM602	shikimate	v3_gof_near,v3_gof_target	exact_name_in_X,inserted_reaction_product,normalized_name_in_X	True	True	True	True
C__OAA__MNXM603	C	OAA	MNXM46	primary	False	MNXM603	tyramine	v1_panel	carried	False	True	True	True
C__OAA__MNXM6097	C	OAA	MNXM46	primary	False	MNXM6097	3-oxopropane-1-sulfonate	v1_panel	carried	False	False	False	False
C__OAA__MNXM617	C	OAA	MNXM46	primary	False	MNXM617	folate	v3_lof_target	exact_name_in_X	False	False	True	True
C__OAA__MNXM622	C	OAA	MNXM46	primary	False	MNXM622	1-deoxy-D-xylulose 5-phosphate	v1_panel	carried	True	True	True	True
C__OAA__MNXM6396	C	OAA	MNXM46	primary	False	MNXM6396	1-propanol	v3_gof_target	exact_name_in_X	False	False	True	True
C__OAA__MNXM645	C	OAA	MNXM46	primary	False	MNXM645	3,4-dihydroxyphenylacetate	v1_panel	carried	False	True	True	True
C__OAA__MNXM66	C	OAA	MNXM46	primary	False	MNXM66	sn-glycerol 3-phosphate	v1_panel	carried	True	True	True	True
C__OAA__MNXM664	C	OAA	MNXM46	primary	False	MNXM664	(R)-acetoin	v1_panel,v3_gof_near,v3_gof_target	carried,exact_name_in_X,inserted_reaction_product	False	False	True	True
C__OAA__MNXM704	C	OAA	MNXM46	primary	False	MNXM704	2'-deoxycytidine	v3_gof_target	metanetx_xref	True	True	True	True
C__OAA__MNXM725992	C	OAA	MNXM46	primary	False	MNXM725992	Phosphatidylglycerol	v1_panel	carried	False	False	True	True
C__OAA__MNXM727604	C	OAA	MNXM46	primary	False	MNXM727604	(2R)-3-phosphoglycerate	v1_panel	carried	True	True	True	True
C__OAA__MNXM728266	C	OAA	MNXM46	primary	False	MNXM728266	(2E,6E,10E)-geranylgeranyl diphosphate	v1_panel	carried	False	False	True	True
C__OAA__MNXM728294	C	OAA	MNXM46	primary	False	MNXM728294	AMP	v1_panel	carried	True	True	True	True
C__OAA__MNXM728337	C	OAA	MNXM46	primary	False	MNXM728337	L-isoleucine	v1_panel,v3_lof_target	carried,exact_name_in_X	True	True	True	True
C__OAA__MNXM728536	C	OAA	MNXM46	primary	False	MNXM728536	palmitoyl-[acyl-carrier protein]	v1_panel	carried	True	True	True	True
C__OAA__MNXM728578	C	OAA	MNXM46	primary	False	MNXM728578	Fatty-Acids	v3_gof_target	normalized_name_in_X	False	False	True	True
C__OAA__MNXM728682	C	OAA	MNXM46	primary	False	MNXM728682	beta-D-glucuronate	v1_panel	carried	False	False	True	True
C__OAA__MNXM729216	C	OAA	MNXM46	primary	False	MNXM729216	N-acetylmuramate 6-phosphate	v3_gof_near	inserted_reaction_product	True	True	True	True
C__OAA__MNXM729799	C	OAA	MNXM46	primary	False	MNXM729799	methanol	v3_gof_near	inserted_reaction_product	False	False	True	True
C__OAA__MNXM73	C	OAA	MNXM46	primary	False	MNXM73	phosphoenolpyruvate	v1_panel	carried	True	True	True	True
C__OAA__MNXM730135	C	OAA	MNXM46	primary	False	MNXM730135	thiamine	v3_lof_target	exact_name_in_X	True	True	True	True
C__OAA__MNXM730546	C	OAA	MNXM46	primary	False	MNXM730546	5-hydroxy-L-tryptophan	v1_panel	carried	False	False	False	False
C__OAA__MNXM731537	C	OAA	MNXM46	primary	False	MNXM731537	(4S)-perillyl alcohol	v3_gof_target	metanetx_xref	False	False	True	True
C__OAA__MNXM731760	C	OAA	MNXM46	primary	False	MNXM731760	lipid IVA (E. coli)	v1_panel	carried	True	True	True	True
C__OAA__MNXM731939	C	OAA	MNXM46	primary	False	MNXM731939	a malonyl-[acp]	v1_panel	carried	False	False	True	True
C__OAA__MNXM732166	C	OAA	MNXM46	primary	False	MNXM732166	UDP-N-acetyl-alpha-D-muramoyl-L-alanyl-gamma-D-glutamyl-meso-2,6-diaminopimeloyl-D-alanyl-D-alanine	v1_panel	carried	True	True	True	True
C__OAA__MNXM732273	C	OAA	MNXM46	primary	False	MNXM732273	a ubiquinol	v1_panel	carried	False	False	True	True
C__OAA__MNXM732487	C	OAA	MNXM46	primary	False	MNXM732487	hypoxanthine	v3_lof_target	normalized_name_in_X	True	True	True	True
C__OAA__MNXM733114	C	OAA	MNXM46	primary	False	MNXM733114	guanine	v3_lof_target	exact_name_in_X	True	True	True	True
C__OAA__MNXM733515	C	OAA	MNXM46	primary	False	MNXM733515	1,4-alpha-D-glucan	v3_gof_near	inserted_reaction_product	True	True	False	False
C__OAA__MNXM733758	C	OAA	MNXM46	primary	False	MNXM733758	lactate	v3_gof_target	metanetx_xref	False	False	True	True
C__OAA__MNXM733934	C	OAA	MNXM46	primary	False	MNXM733934	(R)-5-diphosphomevalonate	v1_panel	carried	False	False	False	False
C__OAA__MNXM734041	C	OAA	MNXM46	primary	False	MNXM734041	dipalmitoyl phosphatidylglycerol	v1_panel	carried	True	True	True	True
C__OAA__MNXM734573	C	OAA	MNXM46	primary	False	MNXM734573	aldehydo-D-xylose	v3_gof_near	inserted_reaction_product	False	False	True	True
C__OAA__MNXM734859	C	OAA	MNXM46	primary	False	MNXM734859	aldehydo-L-arabinose	v3_gof_near	inserted_reaction_product	True	True	True	True
C__OAA__MNXM735208	C	OAA	MNXM46	primary	False	MNXM735208	4-hydroxyphenylacetate	v3_gof_target	metanetx_xref	False	True	True	True
C__OAA__MNXM737068	C	OAA	MNXM46	primary	False	MNXM737068	xylitol	v3_gof_target	exact_name_in_X	False	False	True	True
C__OAA__MNXM737265	C	OAA	MNXM46	primary	False	MNXM737265	2-phenylacetate	v3_gof_target	metanetx_xref	True	True	True	True
C__OAA__MNXM737751	C	OAA	MNXM46	primary	False	MNXM737751	prenol	v3_gof_target	exact_name_in_X	False	False	True	True
C__OAA__MNXM737787	C	OAA	MNXM46	primary	False	MNXM737787	L-serine	v1_panel,v3_gof_target,v3_lof_target	carried,exact_name_in_X,normalized_name_in_X	True	True	True	True
C__OAA__MNXM738068	C	OAA	MNXM46	primary	False	MNXM738068	L-cysteine	v1_panel,v3_gof_near,v3_lof_target	carried,exact_name_in_X,inserted_reaction_product	True	True	True	True
C__OAA__MNXM738152	C	OAA	MNXM46	primary	False	MNXM738152	(2S)-naringenin	v1_panel,v3_gof_target	carried,exact_name_in_X	False	False	True	True
C__OAA__MNXM738153	C	OAA	MNXM46	primary	False	MNXM738153	naringenin	v3_gof_target	normalized_name_in_X	False	False	True	True
C__OAA__MNXM738283	C	OAA	MNXM46	primary	False	MNXM738283	(R)-5-phosphomevalonate	v1_panel	carried	False	False	True	False
C__OAA__MNXM738702	C	OAA	MNXM46	primary	False	MNXM738702	NADPH	v3_gof_target	exact_name_in_X	True	True	True	True
C__OAA__MNXM738804	C	OAA	MNXM46	primary	False	MNXM738804	L-methionine	v1_panel,v3_gof_target,v3_lof_target	carried,exact_name_in_X,normalized_name_in_X	True	True	True	True
C__OAA__MNXM738940	C	OAA	MNXM46	primary	False	MNXM738940	(+)-copalyl diphosphate	v1_panel	carried	False	False	False	False
C__OAA__MNXM739527	C	OAA	MNXM46	primary	False	MNXM739527	L-arginine	v1_panel,v3_gof_target,v3_lof_target	carried,exact_name_in_X,normalized_name_in_X	True	True	True	True
C__OAA__MNXM739592	C	OAA	MNXM46	primary	False	MNXM739592	Phosphatidylethanolamine (dihexadec-9enoyl, n-C16:1)	v1_panel	carried	True	True	True	True
C__OAA__MNXM739991	C	OAA	MNXM46	primary	False	MNXM739991	Phosphatidylglycerol (dihexadec-9-enoyl, n-C16:1)	v1_panel	carried	True	True	True	True
C__OAA__MNXM740315	C	OAA	MNXM46	primary	False	MNXM740315	(2E)-geraniol	v3_gof_target	metanetx_xref	False	False	True	True
C__OAA__MNXM741173	C	OAA	MNXM46	primary	False	MNXM741173	L-glutamate	v1_panel,v3_gof_near	carried,inserted_reaction_product	True	True	True	True
C__OAA__MNXM741276	C	OAA	MNXM46	primary	False	MNXM741276	2-methylcitrate	v3_gof_near	inserted_reaction_product	True	False	True	False
C__OAA__MNXM741553	C	OAA	MNXM46	primary	False	MNXM741553	L-tryptophan	v1_panel,v3_lof_target	carried,exact_name_in_X	True	True	True	True
C__OAA__MNXM741595	C	OAA	MNXM46	primary	False	MNXM741595	S-formylglutathione	v3_gof_near	inserted_reaction_product	True	True	True	True
C__OAA__MNXM741664	C	OAA	MNXM46	primary	False	MNXM741664	L-phenylalanine	v1_panel,v3_gof_target,v3_lof_target	carried,exact_name_in_X	True	True	True	True
C__OAA__MNXM75	C	OAA	MNXM46	primary	False	MNXM75	acetaldehyde	v1_panel,v3_gof_near	carried,inserted_reaction_product	True	True	True	True
C__OAA__MNXM76	C	OAA	MNXM46	primary	False	MNXM76	L-tyrosine	v1_panel,v3_gof_near,v3_gof_target,v3_lof_target	carried,exact_name_in_X,inserted_reaction_product	True	True	True	True
C__OAA__MNXM78362	C	OAA	MNXM46	primary	False	MNXM78362	Heme	v3_lof_target	normalized_name_in_X	False	False	True	True
C__OAA__MNXM792	C	OAA	MNXM46	primary	False	MNXM792	5-aminopentanoate	v1_panel	carried	False	True	True	True
C__OAA__MNXM799	C	OAA	MNXM46	primary	False	MNXM799	isochorismate	v3_gof_near	inserted_reaction_product	True	True	True	True
C__OAA__MNXM8	C	OAA	MNXM46	primary	False	MNXM8	NAD(+)	v3_gof_near	inserted_reaction_product	True	True	True	True
C__OAA__MNXM83	C	OAA	MNXM46	primary	False	MNXM83	isopentenyl diphosphate	v1_panel	carried	True	True	True	True
C__OAA__MNXM89612	C	OAA	MNXM46	primary	False	MNXM89612	glycerol	v1_panel,v3_gof_near	carried,inserted_reaction_product	True	True	True	True
C__OAA__MNXM89698	C	OAA	MNXM46	primary	False	MNXM89698	a 2,3,4-saturated fatty acid	v1_panel	carried	False	False	True	True
C__OAA__MNXM89949	C	OAA	MNXM46	primary	False	MNXM89949	Cis-hexadec-9-enoyl-[acyl-carrier protein] (n-C16:1)	v1_panel	carried	True	True	True	True
C__OAA__MNXM89950	C	OAA	MNXM46	primary	False	MNXM89950	Cis-octadec-11-enoyl-[acyl-carrier protein] (n-C18:1)	v1_panel	carried	True	True	True	True
C__OAA__MNXM943	C	OAA	MNXM46	primary	False	MNXM943	cadaverine	v1_panel,v3_gof_target	carried,normalized_name_in_X	True	True	True	True
C__pyruvate__MNXM100	C	pyruvate	MNXM23	primary	False	MNXM100	(2E)-geranyl diphosphate	v1_panel	carried	True	True	True	True
C__pyruvate__MNXM1021	C	pyruvate	MNXM23	primary	False	MNXM1021	glutarate	v3_gof_target	exact_name_in_X	False	True	True	True
C__pyruvate__MNXM1092518	C	pyruvate	MNXM23	primary	False	MNXM1092518	cis-aconitate	v1_panel	carried	True	True	True	True
C__pyruvate__MNXM1094052	C	pyruvate	MNXM23	primary	False	MNXM1094052	propanoate	v3_gof_target	metanetx_xref	True	True	True	True
C__pyruvate__MNXM1101285	C	pyruvate	MNXM23	primary	False	MNXM1101285	GMP	v1_panel	carried	True	True	True	True
C__pyruvate__MNXM1101868	C	pyruvate	MNXM23	primary	False	MNXM1101868	IMP	v1_panel,v3_gof_target	carried,exact_name_in_X	True	True	True	True
C__pyruvate__MNXM1103616	C	pyruvate	MNXM23	primary	False	MNXM1103616	hexanoyl-CoA	v1_panel	carried	True	True	True	True
C__pyruvate__MNXM1103802	C	pyruvate	MNXM23	primary	False	MNXM1103802	acetoacetyl-CoA	v1_panel	carried	True	True	True	True
C__pyruvate__MNXM1103847	C	pyruvate	MNXM23	primary	False	MNXM1103847	(2S)-2-acetolactate	v1_panel	carried	True	True	True	True
C__pyruvate__MNXM1103936	C	pyruvate	MNXM23	primary	False	MNXM1103936	(6S)-5,6,7,8-tetrahydrofolate	v1_panel	carried	True	True	True	True
C__pyruvate__MNXM1104180	C	pyruvate	MNXM23	primary	False	MNXM1104180	sucrose	v1_panel	carried	True	True	False	False
C__pyruvate__MNXM1104235	C	pyruvate	MNXM23	primary	False	MNXM1104235	(3S)-3-hydroxy-3-methylglutaryl-CoA	v1_panel	carried	False	False	True	True
C__pyruvate__MNXM1104266	C	pyruvate	MNXM23	primary	False	MNXM1104266	acetyl-CoA	v1_panel,v3_gof_near,v3_gof_target	carried,exact_name_in_X,inserted_reaction_product	True	True	True	True
C__pyruvate__MNXM1104300	C	pyruvate	MNXM23	primary	False	MNXM1104300	butanoyl-CoA	v1_panel	carried	True	True	True	True
C__pyruvate__MNXM1104529	C	pyruvate	MNXM23	primary	False	MNXM1104529	UDP-N-acetyl-alpha-D-glucosamine	v1_panel	carried	True	True	True	True
C__pyruvate__MNXM1104699	C	pyruvate	MNXM23	primary	False	MNXM1104699	3-oxohexanoyl-CoA	v1_panel	carried	True	True	True	True
C__pyruvate__MNXM1104774	C	pyruvate	MNXM23	primary	False	MNXM1104774	succinyl-CoA	v1_panel,v3_gof_target	carried,exact_name_in_X	True	True	True	True
C__pyruvate__MNXM1104823	C	pyruvate	MNXM23	primary	False	MNXM1104823	UMP	v1_panel	carried	True	True	True	True
C__pyruvate__MNXM1105057	C	pyruvate	MNXM23	primary	False	MNXM1105057	(R)-mevalonate	v1_panel	carried	False	False	True	True
C__pyruvate__MNXM1105732	C	pyruvate	MNXM23	primary	False	MNXM1105732	L-alanine	v3_gof_target	exact_name_in_X,normalized_name_in_X	True	True	True	True
C__pyruvate__MNXM1105941	C	pyruvate	MNXM23	primary	False	MNXM1105941	myo-inositol	v3_gof_target	exact_name_in_X	True	True	True	True
C__pyruvate__MNXM1106093	C	pyruvate	MNXM23	primary	False	MNXM1106093	malonyl-CoA	v1_panel,v3_gof_near,v3_gof_target	carried,exact_name_in_X,inserted_reaction_product	True	True	True	True
C__pyruvate__MNXM1106761	C	pyruvate	MNXM23	primary	False	MNXM1106761	L-leucine	v1_panel,v3_lof_target	carried,exact_name_in_X	True	True	True	True
C__pyruvate__MNXM1106823	C	pyruvate	MNXM23	primary	False	MNXM1106823	1,2,4-butanetriol	v3_gof_target	normalized_name_in_X	False	False	True	True
C__pyruvate__MNXM1107139	C	pyruvate	MNXM23	primary	False	MNXM1107139	an alditol	v3_gof_target	metanetx_xref	False	False	True	True
C__pyruvate__MNXM1107741	C	pyruvate	MNXM23	primary	False	MNXM1107741	cyclic pyranopterin phosphate	v1_panel	carried	True	True	True	True
C__pyruvate__MNXM1107752	C	pyruvate	MNXM23	primary	False	MNXM1107752	citrate	v1_panel	carried	True	True	True	True
C__pyruvate__MNXM1107769	C	pyruvate	MNXM23	primary	False	MNXM1107769	L-histidine	v1_panel,v3_lof_target	carried,exact_name_in_X	True	True	True	True
C__pyruvate__MNXM1107821	C	pyruvate	MNXM23	primary	False	MNXM1107821	L-asparagine	v1_panel	carried	True	True	True	True
C__pyruvate__MNXM1107898	C	pyruvate	MNXM23	primary	False	MNXM1107898	beta-D-fructose 6-phosphate	v1_panel	carried	True	True	True	True
C__pyruvate__MNXM1107904	C	pyruvate	MNXM23	primary	False	MNXM1107904	(S)-methylmalonyl-CoA	v3_gof_near	inserted_reaction_product	True	True	True	True
C__pyruvate__MNXM1108016	C	pyruvate	MNXM23	primary	False	MNXM1108016	nicotinate beta-D-ribonucleotide	v3_gof_near	inserted_reaction_product	True	True	True	True
C__pyruvate__MNXM1108018	C	pyruvate	MNXM23	primary	False	MNXM1108018	H2	v1_panel	carried	False	False	False	False
C__pyruvate__MNXM1108092	C	pyruvate	MNXM23	primary	False	MNXM1108092	ethanol	v1_panel,v3_gof_target	carried,exact_name_in_X,normalized_name_in_X	True	True	True	True
C__pyruvate__MNXM1108176	C	pyruvate	MNXM23	primary	False	MNXM1108176	D-galactose	v1_panel	carried	False	False	True	True
C__pyruvate__MNXM1108250	C	pyruvate	MNXM23	primary	False	MNXM1108250	all-trans-beta-carotene	v1_panel,v3_gof_target	carried,metanetx_xref	False	False	False	False
C__pyruvate__MNXM1137654	C	pyruvate	MNXM23	primary	False	MNXM1137654	(S)-acetoin	v1_panel	carried	False	False	False	False
C__pyruvate__MNXM1137687	C	pyruvate	MNXM23	primary	False	MNXM1137687	3,4-dihydroxybenzoate	v1_panel	carried	False	False	False	False
C__pyruvate__MNXM114	C	pyruvate	MNXM23	primary	False	MNXM114	L-proline	v1_panel,v3_lof_target	carried,exact_name_in_X	True	True	True	True
C__pyruvate__MNXM114436	C	pyruvate	MNXM23	primary	False	MNXM114436	4a-hydroxy-N10-formyltetrahydrofolate	v1_panel	carried	False	False	False	False
C__pyruvate__MNXM114643	C	pyruvate	MNXM23	primary	False	MNXM114643	an apo-[FeFe] hydrogenase subunit	v1_panel	carried	False	False	False	False
C__pyruvate__MNXM115	C	pyruvate	MNXM23	primary	False	MNXM115	phosphatidylethanolamine	v1_panel,v3_gof_target	carried,exact_name_in_X	False	False	True	True
C__pyruvate__MNXM118	C	pyruvate	MNXM23	primary	False	MNXM118	putrescine	v1_panel,v3_gof_target	carried,normalized_name_in_X	True	True	True	True
C__pyruvate__MNXM1255	C	pyruvate	MNXM23	primary	False	MNXM1255	(S)-propane-1,2-diol	v3_gof_near	inserted_reaction_product	True	True	True	True
C__pyruvate__MNXM132	C	pyruvate	MNXM23	primary	False	MNXM132	dimethylallyl diphosphate	v1_panel	carried	True	True	True	True
C__pyruvate__MNXM1326	C	pyruvate	MNXM23	primary	False	MNXM1326	(S)-eriodictyol	v3_gof_target	metanetx_xref	False	False	True	True
C__pyruvate__MNXM1363773	C	pyruvate	MNXM23	primary	False	MNXM1363773	all-trans-retinol	v3_gof_target	exact_name_in_X	False	False	True	True
C__pyruvate__MNXM1363833	C	pyruvate	MNXM23	primary	False	MNXM1363833	(2E,6E)-farnesyl diphosphate	v1_panel	carried	False	False	True	True
C__pyruvate__MNXM1363910	C	pyruvate	MNXM23	primary	False	MNXM1363910	alpha-D-ribofuranose 5-phosphate	v1_panel	carried	True	True	True	True
C__pyruvate__MNXM1363936	C	pyruvate	MNXM23	primary	False	MNXM1363936	(2E)-butenoyl-CoA	v1_panel	carried	True	True	True	True
C__pyruvate__MNXM1363974	C	pyruvate	MNXM23	primary	False	MNXM1363974	dTDP-4-dehydro-6-deoxy-alpha-D-glucose	v1_panel	carried	True	True	True	True
C__pyruvate__MNXM1364019	C	pyruvate	MNXM23	primary	False	MNXM1364019	UDP-alpha-D-glucose	v3_gof_near	inserted_reaction_product	True	True	True	True
C__pyruvate__MNXM1364061	C	pyruvate	MNXM23	primary	False	MNXM1364061	D-glucose	v1_panel	carried	True	True	True	True
C__pyruvate__MNXM1364111	C	pyruvate	MNXM23	primary	False	MNXM1364111	D-glucose 6-phosphate	v1_panel	carried	True	True	True	True
C__pyruvate__MNXM1364140	C	pyruvate	MNXM23	primary	False	MNXM1364140	(3R)-3-hydroxybutanoyl-CoA	v1_panel	carried	False	False	True	True
C__pyruvate__MNXM1364149	C	pyruvate	MNXM23	primary	False	MNXM1364149	FAD	v1_panel	carried	True	True	True	True
C__pyruvate__MNXM1364174	C	pyruvate	MNXM23	primary	False	MNXM1364174	N-acetyl-beta-D-glucosamine 6-phosphate	v1_panel,v3_gof_near	carried,inserted_reaction_product	True	True	True	True
C__pyruvate__MNXM1364229	C	pyruvate	MNXM23	primary	False	MNXM1364229	beta-D-fructose 1,6-bisphosphate	v3_gof_near	inserted_reaction_product	True	True	True	True
C__pyruvate__MNXM1364266	C	pyruvate	MNXM23	primary	False	MNXM1364266	propanoyl-CoA	v3_gof_near	inserted_reaction_product	True	True	True	True
C__pyruvate__MNXM1364268	C	pyruvate	MNXM23	primary	False	MNXM1364268	L-lysine	v1_panel,v3_gof_target,v3_lof_target	carried,exact_name_in_X	True	True	True	True
C__pyruvate__MNXM1364476	C	pyruvate	MNXM23	primary	False	MNXM1364476	protoporphyrin IX	v3_lof_target	exact_name_in_X	True	True	True	True
C__pyruvate__MNXM1364497	C	pyruvate	MNXM23	primary	False	MNXM1364497	L-aspartate	v1_panel,v3_gof_target	carried,exact_name_in_X	True	True	True	True
C__pyruvate__MNXM1364686	C	pyruvate	MNXM23	primary	False	MNXM1364686	1D-myo-inositol 3-phosphate	v1_panel,v3_gof_near	carried,inserted_reaction_product	False	False	True	True
C__pyruvate__MNXM1365590	C	pyruvate	MNXM23	primary	False	MNXM1365590	molybdopterin	v3_gof_near	inserted_reaction_product	True	True	True	True
C__pyruvate__MNXM1368127	C	pyruvate	MNXM23	primary	False	MNXM1368127	(3E,6E)-alpha-farnesene	v3_gof_target	metanetx_xref	False	False	False	False
C__pyruvate__MNXM1368744	C	pyruvate	MNXM23	primary	False	MNXM1368744	2-oxoglutarate	v1_panel,v3_gof_near,v3_gof_target	carried,exact_name_in_X,inserted_reaction_product	True	True	True	True
C__pyruvate__MNXM1369302	C	pyruvate	MNXM23	primary	False	MNXM1369302	thymine	v3_lof_target	exact_name_in_X	True	True	True	True
C__pyruvate__MNXM1370019	C	pyruvate	MNXM23	primary	False	MNXM1370019	(E)-4-coumarate	v1_panel	carried	False	False	True	True
C__pyruvate__MNXM1370262	C	pyruvate	MNXM23	primary	False	MNXM1370262	15-cis-phytoene	v1_panel	carried	False	False	False	False
C__pyruvate__MNXM1370620	C	pyruvate	MNXM23	primary	False	MNXM1370620	N-acetyl-L-glutamate	v3_gof_near	inserted_reaction_product	True	True	True	True
C__pyruvate__MNXM1370996	C	pyruvate	MNXM23	primary	False	MNXM1370996	caffeic acid	v3_gof_target	exact_name_in_X	True	True	True	True
C__pyruvate__MNXM1371362	C	pyruvate	MNXM23	primary	False	MNXM1371362	(R)-lactate	v1_panel,v3_gof_near,v3_gof_target	carried,inserted_reaction_product,metanetx_xref	True	True	True	True
C__pyruvate__MNXM1371363	C	pyruvate	MNXM23	primary	False	MNXM1371363	(S)-lactate	v3_gof_near	inserted_reaction_product	True	True	True	True
C__pyruvate__MNXM1371612	C	pyruvate	MNXM23	primary	False	MNXM1371612	(R)-pantothenate	v1_panel	carried	True	True	True	True
C__pyruvate__MNXM1372044	C	pyruvate	MNXM23	primary	False	MNXM1372044	glyceraldehyde 3-phosphate	v1_panel	carried	True	True	True	True
C__pyruvate__MNXM1372147	C	pyruvate	MNXM23	primary	False	MNXM1372147	(4R)-limonene	v1_panel	carried	False	False	False	False
C__pyruvate__MNXM1372148	C	pyruvate	MNXM23	primary	False	MNXM1372148	(4S)-limonene	v3_gof_target	exact_name_in_X	False	False	True	True
C__pyruvate__MNXM1410	C	pyruvate	MNXM23	primary	False	MNXM1410	5-oxopentanoate	v1_panel	carried	False	True	True	True
C__pyruvate__MNXM142	C	pyruvate	MNXM23	primary	False	MNXM142	L-threonine	v1_panel,v3_gof_near,v3_gof_target,v3_lof_target	carried,exact_name_in_X,inserted_reaction_product	True	True	True	True
C__pyruvate__MNXM144	C	pyruvate	MNXM23	primary	False	MNXM144	beta-alanine	v3_gof_target	normalized_name_in_X	True	True	True	True
C__pyruvate__MNXM145	C	pyruvate	MNXM23	primary	False	MNXM145	D-ribulose 5-phosphate	v1_panel	carried	True	True	True	True
C__pyruvate__MNXM161	C	pyruvate	MNXM23	primary	False	MNXM161	pyridoxal 5'-phosphate	v1_panel	carried	True	True	True	True
C__pyruvate__MNXM162	C	pyruvate	MNXM23	primary	False	MNXM162	D-threo-isocitrate	v1_panel	carried	False	False	True	True
C__pyruvate__MNXM162231	C	pyruvate	MNXM23	primary	False	MNXM162231	NAD(P)H	v1_panel,v3_gof_near	carried,inserted_reaction_product	False	False	True	True
C__pyruvate__MNXM163519	C	pyruvate	MNXM23	primary	False	MNXM163519	a lipid II	v1_panel	carried	False	False	True	True
C__pyruvate__MNXM164	C	pyruvate	MNXM23	primary	False	MNXM164	4-hydroxybenzoate	v1_panel	carried	True	True	True	True
C__pyruvate__MNXM1653	C	pyruvate	MNXM23	primary	False	MNXM1653	hexanoate	v3_gof_target	exact_name_in_X	True	True	True	True
C__pyruvate__MNXM169454	C	pyruvate	MNXM23	primary	False	MNXM169454	D-xylose	v1_panel	carried	True	True	True	True
C__pyruvate__MNXM1734	C	pyruvate	MNXM23	primary	False	MNXM1734	D-galactonate	v3_gof_target	exact_name_in_X	True	True	True	True
C__pyruvate__MNXM1737	C	pyruvate	MNXM23	primary	False	MNXM1737	D-xylono-1,5-lactone	v3_gof_near	inserted_reaction_product	False	False	False	False
C__pyruvate__MNXM1747	C	pyruvate	MNXM23	primary	False	MNXM1747	itaconate	v3_gof_target	exact_name_in_X	False	False	True	True
C__pyruvate__MNXM1812	C	pyruvate	MNXM23	primary	False	MNXM1812	penicillin G	v3_gof_target	exact_name_in_X	False	False	False	False
C__pyruvate__MNXM18358	C	pyruvate	MNXM23	primary	False	MNXM18358	hexan-1-ol	v1_panel	carried	False	False	True	True
C__pyruvate__MNXM199	C	pyruvate	MNXM23	primary	False	MNXM199	L-valine	v3_gof_target,v3_lof_target	exact_name_in_X	True	True	True	True
C__pyruvate__MNXM2022	C	pyruvate	MNXM23	primary	False	MNXM2022	beta-myrcene	v1_panel	carried	False	False	False	False
C__pyruvate__MNXM2090	C	pyruvate	MNXM23	primary	False	MNXM2090	5-aminopentanamide	v1_panel	carried	False	False	False	False
C__pyruvate__MNXM2105	C	pyruvate	MNXM23	primary	False	MNXM2105	butanoyl phosphate	v1_panel	carried	False	False	True	True
C__pyruvate__MNXM2138	C	pyruvate	MNXM23	primary	False	MNXM2138	N-acetyl-beta-D-glucosamine	v3_gof_target	metanetx_xref	False	False	True	True
C__pyruvate__MNXM222	C	pyruvate	MNXM23	primary	False	MNXM222	glycolate	v3_gof_near	inserted_reaction_product	True	True	True	True
C__pyruvate__MNXM2334	C	pyruvate	MNXM23	primary	False	MNXM2334	4-hydroxybutanoyl-CoA	v1_panel	carried	False	False	False	False
C__pyruvate__MNXM2476	C	pyruvate	MNXM23	primary	False	MNXM2476	2-phenylethanol	v3_gof_target	exact_name_in_X	False	False	True	True
C__pyruvate__MNXM25	C	pyruvate	MNXM23	primary	False	MNXM25	succinate	v1_panel,v3_gof_target,v3_lof_target	carried,exact_name_in_X,normalized_name_in_X	True	True	True	True
C__pyruvate__MNXM256	C	pyruvate	MNXM23	primary	False	MNXM256	thiamine diphosphate	v1_panel	carried	True	True	True	True
C__pyruvate__MNXM257	C	pyruvate	MNXM23	primary	False	MNXM257	dTMP	v1_panel	carried	True	True	True	True
C__pyruvate__MNXM258	C	pyruvate	MNXM23	primary	False	MNXM258	D-erythrose 4-phosphate	v1_panel,v3_gof_near	carried,inserted_reaction_product	True	True	True	True
C__pyruvate__MNXM26	C	pyruvate	MNXM23	primary	False	MNXM26	acetate	v1_panel,v3_gof_near,v3_gof_target	carried,exact_name_in_X,inserted_reaction_product	True	True	True	True
C__pyruvate__MNXM270	C	pyruvate	MNXM23	primary	False	MNXM270	riboflavin	v1_panel,v3_gof_target,v3_lof_target	carried,exact_name_in_X	True	True	True	True
C__pyruvate__MNXM279	C	pyruvate	MNXM23	primary	False	MNXM279	L-dopa	v3_gof_target	normalized_name_in_X	False	False	True	True
C__pyruvate__MNXM280	C	pyruvate	MNXM23	primary	False	MNXM280	acetyl phosphate	v3_gof_near	inserted_reaction_product	True	True	True	True
C__pyruvate__MNXM2861	C	pyruvate	MNXM23	primary	False	MNXM2861	propane-1,3-diol	v3_gof_target	metanetx_xref	True	False	False	False
C__pyruvate__MNXM29	C	pyruvate	MNXM23	primary	False	MNXM29	glycine	v1_panel	carried	True	True	True	True
C__pyruvate__MNXM304	C	pyruvate	MNXM23	primary	False	MNXM304	biotin	v1_panel,v3_lof_target	carried,exact_name_in_X	True	True	True	True
C__pyruvate__MNXM3085	C	pyruvate	MNXM23	primary	False	MNXM3085	propan-2-ol	v3_gof_near	inserted_reaction_product	False	False	True	True
C__pyruvate__MNXM315	C	pyruvate	MNXM23	primary	False	MNXM315	indole-3-pyruvate	v1_panel,v3_gof_near	carried,inserted_reaction_product	False	True	True	True
C__pyruvate__MNXM320	C	pyruvate	MNXM23	primary	False	MNXM320	phenol	v3_gof_target	exact_name_in_X	False	False	True	True
C__pyruvate__MNXM3230	C	pyruvate	MNXM23	primary	False	MNXM3230	butan-1-ol	v3_gof_near,v3_gof_target	inserted_reaction_product,metanetx_xref	False	False	True	True
C__pyruvate__MNXM3288	C	pyruvate	MNXM23	primary	False	MNXM3288	isoprene	v3_gof_target	normalized_name_in_X	False	False	False	False
C__pyruvate__MNXM337	C	pyruvate	MNXM23	primary	False	MNXM337	chorismate	v1_panel	carried	True	True	True	True
C__pyruvate__MNXM361	C	pyruvate	MNXM23	primary	False	MNXM361	L-aspartate 4-semialdehyde	v3_gof_near	inserted_reaction_product	True	True	True	True
C__pyruvate__MNXM37	C	pyruvate	MNXM23	primary	False	MNXM37	L-glutamine	v1_panel,v3_gof_target,v3_lof_target	carried,exact_name_in_X	True	True	True	True
C__pyruvate__MNXM39	C	pyruvate	MNXM23	primary	False	MNXM39	formate	v1_panel,v3_gof_near	carried,inserted_reaction_product	True	True	True	True
C__pyruvate__MNXM398	C	pyruvate	MNXM23	primary	False	MNXM398	acetone	v3_gof_target	exact_name_in_X	False	False	True	True
C__pyruvate__MNXM404	C	pyruvate	MNXM23	primary	False	MNXM404	4-methyl-2-oxopentanoate	v1_panel	carried	True	True	True	True
C__pyruvate__MNXM405	C	pyruvate	MNXM23	primary	False	MNXM405	5-aminolevulinate	v1_panel	carried	True	True	True	True
C__pyruvate__MNXM419	C	pyruvate	MNXM23	primary	False	MNXM419	pyridoxine	v3_lof_target	exact_name_in_X	True	True	True	True
C__pyruvate__MNXM420	C	pyruvate	MNXM23	primary	False	MNXM420	thymidine	v3_lof_target	exact_name_in_X	True	True	True	True
C__pyruvate__MNXM421	C	pyruvate	MNXM23	primary	False	MNXM421	4-aminobenzoate	v1_panel,v3_gof_target	carried,exact_name_in_X	True	True	True	True
C__pyruvate__MNXM458	C	pyruvate	MNXM23	primary	False	MNXM458	butanoate	v1_panel,v3_gof_target	carried,metanetx_xref	True	True	True	True
C__pyruvate__MNXM46	C	pyruvate	MNXM23	primary	False	MNXM46	oxaloacetate	v1_panel,v3_gof_near	carried,inserted_reaction_product	True	True	True	True
C__pyruvate__MNXM460	C	pyruvate	MNXM23	primary	False	MNXM460	dihydroxyacetone	v3_gof_target	exact_name_in_X	True	True	True	True
C__pyruvate__MNXM4964	C	pyruvate	MNXM23	primary	False	MNXM4964	4-tyrosol	v1_panel	carried	False	False	True	True
C__pyruvate__MNXM5	C	pyruvate	MNXM23	primary	False	MNXM5	NADP(+)	v3_gof_near	inserted_reaction_product	True	True	True	True
C__pyruvate__MNXM5188	C	pyruvate	MNXM23	primary	False	MNXM5188	isobutanol	v3_gof_target	exact_name_in_X	False	False	True	True
C__pyruvate__MNXM529	C	pyruvate	MNXM23	primary	False	MNXM529	meso-2,6-diaminopimelate	v1_panel	carried	True	True	True	True
C__pyruvate__MNXM554	C	pyruvate	MNXM23	primary	False	MNXM554	porphobilinogen	v1_panel	carried	True	True	True	True
C__pyruvate__MNXM555	C	pyruvate	MNXM23	primary	False	MNXM555	quinolinate	v1_panel	carried	True	True	True	True
C__pyruvate__MNXM573	C	pyruvate	MNXM23	primary	False	MNXM573	(E)-ferulate	v3_gof_target	metanetx_xref	False	False	False	False
C__pyruvate__MNXM5901	C	pyruvate	MNXM23	primary	False	MNXM5901	pinocembrin chalcone	v1_panel	carried	False	False	False	False
C__pyruvate__MNXM593	C	pyruvate	MNXM23	primary	False	MNXM593	(R)-pantoate	v1_panel	carried	True	True	True	True
C__pyruvate__MNXM59345	C	pyruvate	MNXM23	primary	False	MNXM59345	D-cycloserine	v3_gof_target	exact_name_in_X	False	False	False	False
C__pyruvate__MNXM602	C	pyruvate	MNXM23	primary	False	MNXM602	shikimate	v3_gof_near,v3_gof_target	exact_name_in_X,inserted_reaction_product,normalized_name_in_X	True	True	True	True
C__pyruvate__MNXM603	C	pyruvate	MNXM23	primary	False	MNXM603	tyramine	v1_panel	carried	False	True	True	True
C__pyruvate__MNXM6097	C	pyruvate	MNXM23	primary	False	MNXM6097	3-oxopropane-1-sulfonate	v1_panel	carried	False	False	False	False
C__pyruvate__MNXM617	C	pyruvate	MNXM23	primary	False	MNXM617	folate	v3_lof_target	exact_name_in_X	False	False	True	True
C__pyruvate__MNXM622	C	pyruvate	MNXM23	primary	False	MNXM622	1-deoxy-D-xylulose 5-phosphate	v1_panel	carried	True	True	True	True
C__pyruvate__MNXM6396	C	pyruvate	MNXM23	primary	False	MNXM6396	1-propanol	v3_gof_target	exact_name_in_X	False	False	True	True
C__pyruvate__MNXM645	C	pyruvate	MNXM23	primary	False	MNXM645	3,4-dihydroxyphenylacetate	v1_panel	carried	False	True	True	True
C__pyruvate__MNXM66	C	pyruvate	MNXM23	primary	False	MNXM66	sn-glycerol 3-phosphate	v1_panel	carried	True	True	True	True
C__pyruvate__MNXM664	C	pyruvate	MNXM23	primary	False	MNXM664	(R)-acetoin	v1_panel,v3_gof_near,v3_gof_target	carried,exact_name_in_X,inserted_reaction_product	False	False	True	True
C__pyruvate__MNXM704	C	pyruvate	MNXM23	primary	False	MNXM704	2'-deoxycytidine	v3_gof_target	metanetx_xref	True	True	True	True
C__pyruvate__MNXM725992	C	pyruvate	MNXM23	primary	False	MNXM725992	Phosphatidylglycerol	v1_panel	carried	False	False	True	True
C__pyruvate__MNXM727604	C	pyruvate	MNXM23	primary	False	MNXM727604	(2R)-3-phosphoglycerate	v1_panel	carried	True	True	True	True
C__pyruvate__MNXM728266	C	pyruvate	MNXM23	primary	False	MNXM728266	(2E,6E,10E)-geranylgeranyl diphosphate	v1_panel	carried	False	False	True	True
C__pyruvate__MNXM728294	C	pyruvate	MNXM23	primary	False	MNXM728294	AMP	v1_panel	carried	True	True	True	True
C__pyruvate__MNXM728337	C	pyruvate	MNXM23	primary	False	MNXM728337	L-isoleucine	v1_panel,v3_lof_target	carried,exact_name_in_X	True	True	True	True
C__pyruvate__MNXM728536	C	pyruvate	MNXM23	primary	False	MNXM728536	palmitoyl-[acyl-carrier protein]	v1_panel	carried	True	True	True	True
C__pyruvate__MNXM728578	C	pyruvate	MNXM23	primary	False	MNXM728578	Fatty-Acids	v3_gof_target	normalized_name_in_X	False	False	True	True
C__pyruvate__MNXM728682	C	pyruvate	MNXM23	primary	False	MNXM728682	beta-D-glucuronate	v1_panel	carried	False	False	True	True
C__pyruvate__MNXM729216	C	pyruvate	MNXM23	primary	False	MNXM729216	N-acetylmuramate 6-phosphate	v3_gof_near	inserted_reaction_product	True	True	True	True
C__pyruvate__MNXM729799	C	pyruvate	MNXM23	primary	False	MNXM729799	methanol	v3_gof_near	inserted_reaction_product	False	False	True	True
C__pyruvate__MNXM73	C	pyruvate	MNXM23	primary	False	MNXM73	phosphoenolpyruvate	v1_panel	carried	True	True	True	True
C__pyruvate__MNXM730135	C	pyruvate	MNXM23	primary	False	MNXM730135	thiamine	v3_lof_target	exact_name_in_X	True	True	True	True
C__pyruvate__MNXM730546	C	pyruvate	MNXM23	primary	False	MNXM730546	5-hydroxy-L-tryptophan	v1_panel	carried	False	False	False	False
C__pyruvate__MNXM731537	C	pyruvate	MNXM23	primary	False	MNXM731537	(4S)-perillyl alcohol	v3_gof_target	metanetx_xref	False	False	True	True
C__pyruvate__MNXM731760	C	pyruvate	MNXM23	primary	False	MNXM731760	lipid IVA (E. coli)	v1_panel	carried	True	True	True	True
C__pyruvate__MNXM731939	C	pyruvate	MNXM23	primary	False	MNXM731939	a malonyl-[acp]	v1_panel	carried	False	False	True	True
C__pyruvate__MNXM732166	C	pyruvate	MNXM23	primary	False	MNXM732166	UDP-N-acetyl-alpha-D-muramoyl-L-alanyl-gamma-D-glutamyl-meso-2,6-diaminopimeloyl-D-alanyl-D-alanine	v1_panel	carried	True	True	True	True
C__pyruvate__MNXM732273	C	pyruvate	MNXM23	primary	False	MNXM732273	a ubiquinol	v1_panel	carried	False	False	True	True
C__pyruvate__MNXM732487	C	pyruvate	MNXM23	primary	False	MNXM732487	hypoxanthine	v3_lof_target	normalized_name_in_X	True	True	True	True
C__pyruvate__MNXM733114	C	pyruvate	MNXM23	primary	False	MNXM733114	guanine	v3_lof_target	exact_name_in_X	True	True	True	True
C__pyruvate__MNXM733515	C	pyruvate	MNXM23	primary	False	MNXM733515	1,4-alpha-D-glucan	v3_gof_near	inserted_reaction_product	True	True	False	False
C__pyruvate__MNXM733758	C	pyruvate	MNXM23	primary	False	MNXM733758	lactate	v3_gof_target	metanetx_xref	False	False	True	True
C__pyruvate__MNXM733934	C	pyruvate	MNXM23	primary	False	MNXM733934	(R)-5-diphosphomevalonate	v1_panel	carried	False	False	False	False
C__pyruvate__MNXM734041	C	pyruvate	MNXM23	primary	False	MNXM734041	dipalmitoyl phosphatidylglycerol	v1_panel	carried	True	True	True	True
C__pyruvate__MNXM734573	C	pyruvate	MNXM23	primary	False	MNXM734573	aldehydo-D-xylose	v3_gof_near	inserted_reaction_product	False	False	True	True
C__pyruvate__MNXM734859	C	pyruvate	MNXM23	primary	False	MNXM734859	aldehydo-L-arabinose	v3_gof_near	inserted_reaction_product	True	True	True	True
C__pyruvate__MNXM735208	C	pyruvate	MNXM23	primary	False	MNXM735208	4-hydroxyphenylacetate	v3_gof_target	metanetx_xref	False	True	True	True
C__pyruvate__MNXM737068	C	pyruvate	MNXM23	primary	False	MNXM737068	xylitol	v3_gof_target	exact_name_in_X	False	False	True	True
C__pyruvate__MNXM737265	C	pyruvate	MNXM23	primary	False	MNXM737265	2-phenylacetate	v3_gof_target	metanetx_xref	True	True	True	True
C__pyruvate__MNXM737751	C	pyruvate	MNXM23	primary	False	MNXM737751	prenol	v3_gof_target	exact_name_in_X	False	False	True	True
C__pyruvate__MNXM737787	C	pyruvate	MNXM23	primary	False	MNXM737787	L-serine	v1_panel,v3_gof_target,v3_lof_target	carried,exact_name_in_X,normalized_name_in_X	True	True	True	True
C__pyruvate__MNXM738068	C	pyruvate	MNXM23	primary	False	MNXM738068	L-cysteine	v1_panel,v3_gof_near,v3_lof_target	carried,exact_name_in_X,inserted_reaction_product	True	True	True	True
C__pyruvate__MNXM738152	C	pyruvate	MNXM23	primary	False	MNXM738152	(2S)-naringenin	v1_panel,v3_gof_target	carried,exact_name_in_X	False	False	True	True
C__pyruvate__MNXM738153	C	pyruvate	MNXM23	primary	False	MNXM738153	naringenin	v3_gof_target	normalized_name_in_X	False	False	True	True
C__pyruvate__MNXM738283	C	pyruvate	MNXM23	primary	False	MNXM738283	(R)-5-phosphomevalonate	v1_panel	carried	False	False	True	False
C__pyruvate__MNXM738702	C	pyruvate	MNXM23	primary	False	MNXM738702	NADPH	v3_gof_target	exact_name_in_X	True	True	True	True
C__pyruvate__MNXM738804	C	pyruvate	MNXM23	primary	False	MNXM738804	L-methionine	v1_panel,v3_gof_target,v3_lof_target	carried,exact_name_in_X,normalized_name_in_X	True	True	True	True
C__pyruvate__MNXM738940	C	pyruvate	MNXM23	primary	False	MNXM738940	(+)-copalyl diphosphate	v1_panel	carried	False	False	False	False
C__pyruvate__MNXM739527	C	pyruvate	MNXM23	primary	False	MNXM739527	L-arginine	v1_panel,v3_gof_target,v3_lof_target	carried,exact_name_in_X,normalized_name_in_X	True	True	True	True
C__pyruvate__MNXM739592	C	pyruvate	MNXM23	primary	False	MNXM739592	Phosphatidylethanolamine (dihexadec-9enoyl, n-C16:1)	v1_panel	carried	True	True	True	True
C__pyruvate__MNXM739991	C	pyruvate	MNXM23	primary	False	MNXM739991	Phosphatidylglycerol (dihexadec-9-enoyl, n-C16:1)	v1_panel	carried	True	True	True	True
C__pyruvate__MNXM740315	C	pyruvate	MNXM23	primary	False	MNXM740315	(2E)-geraniol	v3_gof_target	metanetx_xref	False	False	True	True
C__pyruvate__MNXM741173	C	pyruvate	MNXM23	primary	False	MNXM741173	L-glutamate	v1_panel,v3_gof_near	carried,inserted_reaction_product	True	True	True	True
C__pyruvate__MNXM741276	C	pyruvate	MNXM23	primary	False	MNXM741276	2-methylcitrate	v3_gof_near	inserted_reaction_product	True	False	True	False
C__pyruvate__MNXM741553	C	pyruvate	MNXM23	primary	False	MNXM741553	L-tryptophan	v1_panel,v3_lof_target	carried,exact_name_in_X	True	True	True	True
C__pyruvate__MNXM741595	C	pyruvate	MNXM23	primary	False	MNXM741595	S-formylglutathione	v3_gof_near	inserted_reaction_product	True	True	True	True
C__pyruvate__MNXM741664	C	pyruvate	MNXM23	primary	False	MNXM741664	L-phenylalanine	v1_panel,v3_gof_target,v3_lof_target	carried,exact_name_in_X	True	True	True	True
C__pyruvate__MNXM75	C	pyruvate	MNXM23	primary	False	MNXM75	acetaldehyde	v1_panel,v3_gof_near	carried,inserted_reaction_product	True	True	True	True
C__pyruvate__MNXM76	C	pyruvate	MNXM23	primary	False	MNXM76	L-tyrosine	v1_panel,v3_gof_near,v3_gof_target,v3_lof_target	carried,exact_name_in_X,inserted_reaction_product	True	True	True	True
C__pyruvate__MNXM78362	C	pyruvate	MNXM23	primary	False	MNXM78362	Heme	v3_lof_target	normalized_name_in_X	False	False	True	True
C__pyruvate__MNXM792	C	pyruvate	MNXM23	primary	False	MNXM792	5-aminopentanoate	v1_panel	carried	False	True	True	True
C__pyruvate__MNXM799	C	pyruvate	MNXM23	primary	False	MNXM799	isochorismate	v3_gof_near	inserted_reaction_product	True	True	True	True
C__pyruvate__MNXM8	C	pyruvate	MNXM23	primary	False	MNXM8	NAD(+)	v3_gof_near	inserted_reaction_product	True	True	True	True
C__pyruvate__MNXM83	C	pyruvate	MNXM23	primary	False	MNXM83	isopentenyl diphosphate	v1_panel	carried	True	True	True	True
C__pyruvate__MNXM89612	C	pyruvate	MNXM23	primary	False	MNXM89612	glycerol	v1_panel,v3_gof_near	carried,inserted_reaction_product	True	True	True	True
C__pyruvate__MNXM89698	C	pyruvate	MNXM23	primary	False	MNXM89698	a 2,3,4-saturated fatty acid	v1_panel	carried	False	False	True	True
C__pyruvate__MNXM89949	C	pyruvate	MNXM23	primary	False	MNXM89949	Cis-hexadec-9-enoyl-[acyl-carrier protein] (n-C16:1)	v1_panel	carried	True	True	True	True
C__pyruvate__MNXM89950	C	pyruvate	MNXM23	primary	False	MNXM89950	Cis-octadec-11-enoyl-[acyl-carrier protein] (n-C18:1)	v1_panel	carried	True	True	True	True
C__pyruvate__MNXM943	C	pyruvate	MNXM23	primary	False	MNXM943	cadaverine	v1_panel,v3_gof_target	carried,normalized_name_in_X	True	True	True	True
C__AcCoA__MNXM100	C	AcCoA	MNXM1104266	carrier	True	MNXM100	(2E)-geranyl diphosphate	v1_panel	carried	True	True	True	True
C__AcCoA__MNXM1021	C	AcCoA	MNXM1104266	carrier	True	MNXM1021	glutarate	v3_gof_target	exact_name_in_X	False	True	True	True
C__AcCoA__MNXM1092518	C	AcCoA	MNXM1104266	carrier	True	MNXM1092518	cis-aconitate	v1_panel	carried	True	True	True	True
C__AcCoA__MNXM1094052	C	AcCoA	MNXM1104266	carrier	True	MNXM1094052	propanoate	v3_gof_target	metanetx_xref	True	True	True	True
C__AcCoA__MNXM1101285	C	AcCoA	MNXM1104266	carrier	True	MNXM1101285	GMP	v1_panel	carried	True	True	True	True
C__AcCoA__MNXM1101868	C	AcCoA	MNXM1104266	carrier	True	MNXM1101868	IMP	v1_panel,v3_gof_target	carried,exact_name_in_X	True	True	True	True
C__AcCoA__MNXM1103616	C	AcCoA	MNXM1104266	carrier	True	MNXM1103616	hexanoyl-CoA	v1_panel	carried	True	True	True	True
C__AcCoA__MNXM1103802	C	AcCoA	MNXM1104266	carrier	True	MNXM1103802	acetoacetyl-CoA	v1_panel	carried	True	True	True	True
C__AcCoA__MNXM1103847	C	AcCoA	MNXM1104266	carrier	True	MNXM1103847	(2S)-2-acetolactate	v1_panel	carried	True	True	True	True
C__AcCoA__MNXM1103936	C	AcCoA	MNXM1104266	carrier	True	MNXM1103936	(6S)-5,6,7,8-tetrahydrofolate	v1_panel	carried	True	True	True	True
C__AcCoA__MNXM1104180	C	AcCoA	MNXM1104266	carrier	True	MNXM1104180	sucrose	v1_panel	carried	True	True	False	False
C__AcCoA__MNXM1104235	C	AcCoA	MNXM1104266	carrier	True	MNXM1104235	(3S)-3-hydroxy-3-methylglutaryl-CoA	v1_panel	carried	False	False	True	True
C__AcCoA__MNXM1104300	C	AcCoA	MNXM1104266	carrier	True	MNXM1104300	butanoyl-CoA	v1_panel	carried	True	True	True	True
C__AcCoA__MNXM1104529	C	AcCoA	MNXM1104266	carrier	True	MNXM1104529	UDP-N-acetyl-alpha-D-glucosamine	v1_panel	carried	True	True	True	True
C__AcCoA__MNXM1104699	C	AcCoA	MNXM1104266	carrier	True	MNXM1104699	3-oxohexanoyl-CoA	v1_panel	carried	True	True	True	True
C__AcCoA__MNXM1104774	C	AcCoA	MNXM1104266	carrier	True	MNXM1104774	succinyl-CoA	v1_panel,v3_gof_target	carried,exact_name_in_X	True	True	True	True
C__AcCoA__MNXM1104823	C	AcCoA	MNXM1104266	carrier	True	MNXM1104823	UMP	v1_panel	carried	True	True	True	True
C__AcCoA__MNXM1105057	C	AcCoA	MNXM1104266	carrier	True	MNXM1105057	(R)-mevalonate	v1_panel	carried	False	False	True	True
C__AcCoA__MNXM1105732	C	AcCoA	MNXM1104266	carrier	True	MNXM1105732	L-alanine	v3_gof_target	exact_name_in_X,normalized_name_in_X	True	True	True	True
C__AcCoA__MNXM1105941	C	AcCoA	MNXM1104266	carrier	True	MNXM1105941	myo-inositol	v3_gof_target	exact_name_in_X	True	True	True	True
C__AcCoA__MNXM1106093	C	AcCoA	MNXM1104266	carrier	True	MNXM1106093	malonyl-CoA	v1_panel,v3_gof_near,v3_gof_target	carried,exact_name_in_X,inserted_reaction_product	True	True	True	True
C__AcCoA__MNXM1106761	C	AcCoA	MNXM1104266	carrier	True	MNXM1106761	L-leucine	v1_panel,v3_lof_target	carried,exact_name_in_X	True	True	True	True
C__AcCoA__MNXM1106823	C	AcCoA	MNXM1104266	carrier	True	MNXM1106823	1,2,4-butanetriol	v3_gof_target	normalized_name_in_X	False	False	True	True
C__AcCoA__MNXM1107139	C	AcCoA	MNXM1104266	carrier	True	MNXM1107139	an alditol	v3_gof_target	metanetx_xref	False	False	True	True
C__AcCoA__MNXM1107741	C	AcCoA	MNXM1104266	carrier	True	MNXM1107741	cyclic pyranopterin phosphate	v1_panel	carried	True	True	True	True
C__AcCoA__MNXM1107752	C	AcCoA	MNXM1104266	carrier	True	MNXM1107752	citrate	v1_panel	carried	True	True	True	True
C__AcCoA__MNXM1107769	C	AcCoA	MNXM1104266	carrier	True	MNXM1107769	L-histidine	v1_panel,v3_lof_target	carried,exact_name_in_X	True	True	True	True
C__AcCoA__MNXM1107821	C	AcCoA	MNXM1104266	carrier	True	MNXM1107821	L-asparagine	v1_panel	carried	True	True	True	True
C__AcCoA__MNXM1107898	C	AcCoA	MNXM1104266	carrier	True	MNXM1107898	beta-D-fructose 6-phosphate	v1_panel	carried	True	True	True	True
C__AcCoA__MNXM1107904	C	AcCoA	MNXM1104266	carrier	True	MNXM1107904	(S)-methylmalonyl-CoA	v3_gof_near	inserted_reaction_product	True	True	True	True
C__AcCoA__MNXM1108016	C	AcCoA	MNXM1104266	carrier	True	MNXM1108016	nicotinate beta-D-ribonucleotide	v3_gof_near	inserted_reaction_product	True	True	True	True
C__AcCoA__MNXM1108018	C	AcCoA	MNXM1104266	carrier	True	MNXM1108018	H2	v1_panel	carried	False	False	False	False
C__AcCoA__MNXM1108092	C	AcCoA	MNXM1104266	carrier	True	MNXM1108092	ethanol	v1_panel,v3_gof_target	carried,exact_name_in_X,normalized_name_in_X	True	True	True	True
C__AcCoA__MNXM1108176	C	AcCoA	MNXM1104266	carrier	True	MNXM1108176	D-galactose	v1_panel	carried	False	False	True	True
C__AcCoA__MNXM1108250	C	AcCoA	MNXM1104266	carrier	True	MNXM1108250	all-trans-beta-carotene	v1_panel,v3_gof_target	carried,metanetx_xref	False	False	False	False
C__AcCoA__MNXM1137654	C	AcCoA	MNXM1104266	carrier	True	MNXM1137654	(S)-acetoin	v1_panel	carried	False	False	False	False
C__AcCoA__MNXM1137687	C	AcCoA	MNXM1104266	carrier	True	MNXM1137687	3,4-dihydroxybenzoate	v1_panel	carried	False	False	False	False
C__AcCoA__MNXM114	C	AcCoA	MNXM1104266	carrier	True	MNXM114	L-proline	v1_panel,v3_lof_target	carried,exact_name_in_X	True	True	True	True
C__AcCoA__MNXM114436	C	AcCoA	MNXM1104266	carrier	True	MNXM114436	4a-hydroxy-N10-formyltetrahydrofolate	v1_panel	carried	False	False	False	False
C__AcCoA__MNXM114643	C	AcCoA	MNXM1104266	carrier	True	MNXM114643	an apo-[FeFe] hydrogenase subunit	v1_panel	carried	False	False	False	False
C__AcCoA__MNXM115	C	AcCoA	MNXM1104266	carrier	True	MNXM115	phosphatidylethanolamine	v1_panel,v3_gof_target	carried,exact_name_in_X	False	False	True	True
C__AcCoA__MNXM118	C	AcCoA	MNXM1104266	carrier	True	MNXM118	putrescine	v1_panel,v3_gof_target	carried,normalized_name_in_X	True	True	True	True
C__AcCoA__MNXM1255	C	AcCoA	MNXM1104266	carrier	True	MNXM1255	(S)-propane-1,2-diol	v3_gof_near	inserted_reaction_product	True	True	True	True
C__AcCoA__MNXM132	C	AcCoA	MNXM1104266	carrier	True	MNXM132	dimethylallyl diphosphate	v1_panel	carried	True	True	True	True
C__AcCoA__MNXM1326	C	AcCoA	MNXM1104266	carrier	True	MNXM1326	(S)-eriodictyol	v3_gof_target	metanetx_xref	False	False	True	True
C__AcCoA__MNXM1363773	C	AcCoA	MNXM1104266	carrier	True	MNXM1363773	all-trans-retinol	v3_gof_target	exact_name_in_X	False	False	True	True
C__AcCoA__MNXM1363833	C	AcCoA	MNXM1104266	carrier	True	MNXM1363833	(2E,6E)-farnesyl diphosphate	v1_panel	carried	False	False	True	True
C__AcCoA__MNXM1363910	C	AcCoA	MNXM1104266	carrier	True	MNXM1363910	alpha-D-ribofuranose 5-phosphate	v1_panel	carried	True	True	True	True
C__AcCoA__MNXM1363936	C	AcCoA	MNXM1104266	carrier	True	MNXM1363936	(2E)-butenoyl-CoA	v1_panel	carried	True	True	True	True
C__AcCoA__MNXM1363974	C	AcCoA	MNXM1104266	carrier	True	MNXM1363974	dTDP-4-dehydro-6-deoxy-alpha-D-glucose	v1_panel	carried	True	True	True	True
C__AcCoA__MNXM1364019	C	AcCoA	MNXM1104266	carrier	True	MNXM1364019	UDP-alpha-D-glucose	v3_gof_near	inserted_reaction_product	True	True	True	True
C__AcCoA__MNXM1364061	C	AcCoA	MNXM1104266	carrier	True	MNXM1364061	D-glucose	v1_panel	carried	True	True	True	True
C__AcCoA__MNXM1364111	C	AcCoA	MNXM1104266	carrier	True	MNXM1364111	D-glucose 6-phosphate	v1_panel	carried	True	True	True	True
C__AcCoA__MNXM1364140	C	AcCoA	MNXM1104266	carrier	True	MNXM1364140	(3R)-3-hydroxybutanoyl-CoA	v1_panel	carried	False	False	True	True
C__AcCoA__MNXM1364149	C	AcCoA	MNXM1104266	carrier	True	MNXM1364149	FAD	v1_panel	carried	True	True	True	True
C__AcCoA__MNXM1364174	C	AcCoA	MNXM1104266	carrier	True	MNXM1364174	N-acetyl-beta-D-glucosamine 6-phosphate	v1_panel,v3_gof_near	carried,inserted_reaction_product	True	True	True	True
C__AcCoA__MNXM1364229	C	AcCoA	MNXM1104266	carrier	True	MNXM1364229	beta-D-fructose 1,6-bisphosphate	v3_gof_near	inserted_reaction_product	True	True	True	True
C__AcCoA__MNXM1364266	C	AcCoA	MNXM1104266	carrier	True	MNXM1364266	propanoyl-CoA	v3_gof_near	inserted_reaction_product	True	True	True	True
C__AcCoA__MNXM1364268	C	AcCoA	MNXM1104266	carrier	True	MNXM1364268	L-lysine	v1_panel,v3_gof_target,v3_lof_target	carried,exact_name_in_X	True	True	True	True
C__AcCoA__MNXM1364476	C	AcCoA	MNXM1104266	carrier	True	MNXM1364476	protoporphyrin IX	v3_lof_target	exact_name_in_X	True	True	True	True
C__AcCoA__MNXM1364497	C	AcCoA	MNXM1104266	carrier	True	MNXM1364497	L-aspartate	v1_panel,v3_gof_target	carried,exact_name_in_X	True	True	True	True
C__AcCoA__MNXM1364686	C	AcCoA	MNXM1104266	carrier	True	MNXM1364686	1D-myo-inositol 3-phosphate	v1_panel,v3_gof_near	carried,inserted_reaction_product	False	False	True	True
C__AcCoA__MNXM1365590	C	AcCoA	MNXM1104266	carrier	True	MNXM1365590	molybdopterin	v3_gof_near	inserted_reaction_product	True	True	True	True
C__AcCoA__MNXM1368127	C	AcCoA	MNXM1104266	carrier	True	MNXM1368127	(3E,6E)-alpha-farnesene	v3_gof_target	metanetx_xref	False	False	False	False
C__AcCoA__MNXM1368744	C	AcCoA	MNXM1104266	carrier	True	MNXM1368744	2-oxoglutarate	v1_panel,v3_gof_near,v3_gof_target	carried,exact_name_in_X,inserted_reaction_product	True	True	True	True
C__AcCoA__MNXM1369302	C	AcCoA	MNXM1104266	carrier	True	MNXM1369302	thymine	v3_lof_target	exact_name_in_X	True	True	True	True
C__AcCoA__MNXM1370019	C	AcCoA	MNXM1104266	carrier	True	MNXM1370019	(E)-4-coumarate	v1_panel	carried	False	False	True	True
C__AcCoA__MNXM1370262	C	AcCoA	MNXM1104266	carrier	True	MNXM1370262	15-cis-phytoene	v1_panel	carried	False	False	False	False
C__AcCoA__MNXM1370620	C	AcCoA	MNXM1104266	carrier	True	MNXM1370620	N-acetyl-L-glutamate	v3_gof_near	inserted_reaction_product	True	True	True	True
C__AcCoA__MNXM1370996	C	AcCoA	MNXM1104266	carrier	True	MNXM1370996	caffeic acid	v3_gof_target	exact_name_in_X	True	True	True	True
C__AcCoA__MNXM1371362	C	AcCoA	MNXM1104266	carrier	True	MNXM1371362	(R)-lactate	v1_panel,v3_gof_near,v3_gof_target	carried,inserted_reaction_product,metanetx_xref	True	True	True	True
C__AcCoA__MNXM1371363	C	AcCoA	MNXM1104266	carrier	True	MNXM1371363	(S)-lactate	v3_gof_near	inserted_reaction_product	True	True	True	True
C__AcCoA__MNXM1371612	C	AcCoA	MNXM1104266	carrier	True	MNXM1371612	(R)-pantothenate	v1_panel	carried	True	True	True	True
C__AcCoA__MNXM1372044	C	AcCoA	MNXM1104266	carrier	True	MNXM1372044	glyceraldehyde 3-phosphate	v1_panel	carried	True	True	True	True
C__AcCoA__MNXM1372147	C	AcCoA	MNXM1104266	carrier	True	MNXM1372147	(4R)-limonene	v1_panel	carried	False	False	False	False
C__AcCoA__MNXM1372148	C	AcCoA	MNXM1104266	carrier	True	MNXM1372148	(4S)-limonene	v3_gof_target	exact_name_in_X	False	False	True	True
C__AcCoA__MNXM1410	C	AcCoA	MNXM1104266	carrier	True	MNXM1410	5-oxopentanoate	v1_panel	carried	False	True	True	True
C__AcCoA__MNXM142	C	AcCoA	MNXM1104266	carrier	True	MNXM142	L-threonine	v1_panel,v3_gof_near,v3_gof_target,v3_lof_target	carried,exact_name_in_X,inserted_reaction_product	True	True	True	True
C__AcCoA__MNXM144	C	AcCoA	MNXM1104266	carrier	True	MNXM144	beta-alanine	v3_gof_target	normalized_name_in_X	True	True	True	True
C__AcCoA__MNXM145	C	AcCoA	MNXM1104266	carrier	True	MNXM145	D-ribulose 5-phosphate	v1_panel	carried	True	True	True	True
C__AcCoA__MNXM161	C	AcCoA	MNXM1104266	carrier	True	MNXM161	pyridoxal 5'-phosphate	v1_panel	carried	True	True	True	True
C__AcCoA__MNXM162	C	AcCoA	MNXM1104266	carrier	True	MNXM162	D-threo-isocitrate	v1_panel	carried	False	False	True	True
C__AcCoA__MNXM162231	C	AcCoA	MNXM1104266	carrier	True	MNXM162231	NAD(P)H	v1_panel,v3_gof_near	carried,inserted_reaction_product	False	False	True	True
C__AcCoA__MNXM163519	C	AcCoA	MNXM1104266	carrier	True	MNXM163519	a lipid II	v1_panel	carried	False	False	True	True
C__AcCoA__MNXM164	C	AcCoA	MNXM1104266	carrier	True	MNXM164	4-hydroxybenzoate	v1_panel	carried	True	True	True	True
C__AcCoA__MNXM1653	C	AcCoA	MNXM1104266	carrier	True	MNXM1653	hexanoate	v3_gof_target	exact_name_in_X	True	True	True	True
C__AcCoA__MNXM169454	C	AcCoA	MNXM1104266	carrier	True	MNXM169454	D-xylose	v1_panel	carried	True	True	True	True
C__AcCoA__MNXM1734	C	AcCoA	MNXM1104266	carrier	True	MNXM1734	D-galactonate	v3_gof_target	exact_name_in_X	True	True	True	True
C__AcCoA__MNXM1737	C	AcCoA	MNXM1104266	carrier	True	MNXM1737	D-xylono-1,5-lactone	v3_gof_near	inserted_reaction_product	False	False	False	False
C__AcCoA__MNXM1747	C	AcCoA	MNXM1104266	carrier	True	MNXM1747	itaconate	v3_gof_target	exact_name_in_X	False	False	True	True
C__AcCoA__MNXM1812	C	AcCoA	MNXM1104266	carrier	True	MNXM1812	penicillin G	v3_gof_target	exact_name_in_X	False	False	False	False
C__AcCoA__MNXM18358	C	AcCoA	MNXM1104266	carrier	True	MNXM18358	hexan-1-ol	v1_panel	carried	False	False	True	True
C__AcCoA__MNXM199	C	AcCoA	MNXM1104266	carrier	True	MNXM199	L-valine	v3_gof_target,v3_lof_target	exact_name_in_X	True	True	True	True
C__AcCoA__MNXM2022	C	AcCoA	MNXM1104266	carrier	True	MNXM2022	beta-myrcene	v1_panel	carried	False	False	False	False
C__AcCoA__MNXM2090	C	AcCoA	MNXM1104266	carrier	True	MNXM2090	5-aminopentanamide	v1_panel	carried	False	False	False	False
C__AcCoA__MNXM2105	C	AcCoA	MNXM1104266	carrier	True	MNXM2105	butanoyl phosphate	v1_panel	carried	False	False	True	True
C__AcCoA__MNXM2138	C	AcCoA	MNXM1104266	carrier	True	MNXM2138	N-acetyl-beta-D-glucosamine	v3_gof_target	metanetx_xref	False	False	True	True
C__AcCoA__MNXM222	C	AcCoA	MNXM1104266	carrier	True	MNXM222	glycolate	v3_gof_near	inserted_reaction_product	True	True	True	True
C__AcCoA__MNXM23	C	AcCoA	MNXM1104266	carrier	True	MNXM23	pyruvate	v1_panel,v3_gof_near,v3_gof_target	carried,exact_name_in_X,inserted_reaction_product	True	True	True	True
C__AcCoA__MNXM2334	C	AcCoA	MNXM1104266	carrier	True	MNXM2334	4-hydroxybutanoyl-CoA	v1_panel	carried	False	False	False	False
C__AcCoA__MNXM2476	C	AcCoA	MNXM1104266	carrier	True	MNXM2476	2-phenylethanol	v3_gof_target	exact_name_in_X	False	False	True	True
C__AcCoA__MNXM25	C	AcCoA	MNXM1104266	carrier	True	MNXM25	succinate	v1_panel,v3_gof_target,v3_lof_target	carried,exact_name_in_X,normalized_name_in_X	True	True	True	True
C__AcCoA__MNXM256	C	AcCoA	MNXM1104266	carrier	True	MNXM256	thiamine diphosphate	v1_panel	carried	True	True	True	True
C__AcCoA__MNXM257	C	AcCoA	MNXM1104266	carrier	True	MNXM257	dTMP	v1_panel	carried	True	True	True	True
C__AcCoA__MNXM258	C	AcCoA	MNXM1104266	carrier	True	MNXM258	D-erythrose 4-phosphate	v1_panel,v3_gof_near	carried,inserted_reaction_product	True	True	True	True
C__AcCoA__MNXM26	C	AcCoA	MNXM1104266	carrier	True	MNXM26	acetate	v1_panel,v3_gof_near,v3_gof_target	carried,exact_name_in_X,inserted_reaction_product	True	True	True	True
C__AcCoA__MNXM270	C	AcCoA	MNXM1104266	carrier	True	MNXM270	riboflavin	v1_panel,v3_gof_target,v3_lof_target	carried,exact_name_in_X	True	True	True	True
C__AcCoA__MNXM279	C	AcCoA	MNXM1104266	carrier	True	MNXM279	L-dopa	v3_gof_target	normalized_name_in_X	False	False	True	True
C__AcCoA__MNXM280	C	AcCoA	MNXM1104266	carrier	True	MNXM280	acetyl phosphate	v3_gof_near	inserted_reaction_product	True	True	True	True
C__AcCoA__MNXM2861	C	AcCoA	MNXM1104266	carrier	True	MNXM2861	propane-1,3-diol	v3_gof_target	metanetx_xref	True	False	False	False
C__AcCoA__MNXM29	C	AcCoA	MNXM1104266	carrier	True	MNXM29	glycine	v1_panel	carried	True	True	True	True
C__AcCoA__MNXM304	C	AcCoA	MNXM1104266	carrier	True	MNXM304	biotin	v1_panel,v3_lof_target	carried,exact_name_in_X	True	True	True	True
C__AcCoA__MNXM3085	C	AcCoA	MNXM1104266	carrier	True	MNXM3085	propan-2-ol	v3_gof_near	inserted_reaction_product	False	False	True	True
C__AcCoA__MNXM315	C	AcCoA	MNXM1104266	carrier	True	MNXM315	indole-3-pyruvate	v1_panel,v3_gof_near	carried,inserted_reaction_product	False	True	True	True
C__AcCoA__MNXM320	C	AcCoA	MNXM1104266	carrier	True	MNXM320	phenol	v3_gof_target	exact_name_in_X	False	False	True	True
C__AcCoA__MNXM3230	C	AcCoA	MNXM1104266	carrier	True	MNXM3230	butan-1-ol	v3_gof_near,v3_gof_target	inserted_reaction_product,metanetx_xref	False	False	True	True
C__AcCoA__MNXM3288	C	AcCoA	MNXM1104266	carrier	True	MNXM3288	isoprene	v3_gof_target	normalized_name_in_X	False	False	False	False
C__AcCoA__MNXM337	C	AcCoA	MNXM1104266	carrier	True	MNXM337	chorismate	v1_panel	carried	True	True	True	True
C__AcCoA__MNXM361	C	AcCoA	MNXM1104266	carrier	True	MNXM361	L-aspartate 4-semialdehyde	v3_gof_near	inserted_reaction_product	True	True	True	True
C__AcCoA__MNXM37	C	AcCoA	MNXM1104266	carrier	True	MNXM37	L-glutamine	v1_panel,v3_gof_target,v3_lof_target	carried,exact_name_in_X	True	True	True	True
C__AcCoA__MNXM39	C	AcCoA	MNXM1104266	carrier	True	MNXM39	formate	v1_panel,v3_gof_near	carried,inserted_reaction_product	True	True	True	True
C__AcCoA__MNXM398	C	AcCoA	MNXM1104266	carrier	True	MNXM398	acetone	v3_gof_target	exact_name_in_X	False	False	True	True
C__AcCoA__MNXM404	C	AcCoA	MNXM1104266	carrier	True	MNXM404	4-methyl-2-oxopentanoate	v1_panel	carried	True	True	True	True
C__AcCoA__MNXM405	C	AcCoA	MNXM1104266	carrier	True	MNXM405	5-aminolevulinate	v1_panel	carried	True	True	True	True
C__AcCoA__MNXM419	C	AcCoA	MNXM1104266	carrier	True	MNXM419	pyridoxine	v3_lof_target	exact_name_in_X	True	True	True	True
C__AcCoA__MNXM420	C	AcCoA	MNXM1104266	carrier	True	MNXM420	thymidine	v3_lof_target	exact_name_in_X	True	True	True	True
C__AcCoA__MNXM421	C	AcCoA	MNXM1104266	carrier	True	MNXM421	4-aminobenzoate	v1_panel,v3_gof_target	carried,exact_name_in_X	True	True	True	True
C__AcCoA__MNXM458	C	AcCoA	MNXM1104266	carrier	True	MNXM458	butanoate	v1_panel,v3_gof_target	carried,metanetx_xref	True	True	True	True
C__AcCoA__MNXM46	C	AcCoA	MNXM1104266	carrier	True	MNXM46	oxaloacetate	v1_panel,v3_gof_near	carried,inserted_reaction_product	True	True	True	True
C__AcCoA__MNXM460	C	AcCoA	MNXM1104266	carrier	True	MNXM460	dihydroxyacetone	v3_gof_target	exact_name_in_X	True	True	True	True
C__AcCoA__MNXM4964	C	AcCoA	MNXM1104266	carrier	True	MNXM4964	4-tyrosol	v1_panel	carried	False	False	True	True
C__AcCoA__MNXM5	C	AcCoA	MNXM1104266	carrier	True	MNXM5	NADP(+)	v3_gof_near	inserted_reaction_product	True	True	True	True
C__AcCoA__MNXM5188	C	AcCoA	MNXM1104266	carrier	True	MNXM5188	isobutanol	v3_gof_target	exact_name_in_X	False	False	True	True
C__AcCoA__MNXM529	C	AcCoA	MNXM1104266	carrier	True	MNXM529	meso-2,6-diaminopimelate	v1_panel	carried	True	True	True	True
C__AcCoA__MNXM554	C	AcCoA	MNXM1104266	carrier	True	MNXM554	porphobilinogen	v1_panel	carried	True	True	True	True
C__AcCoA__MNXM555	C	AcCoA	MNXM1104266	carrier	True	MNXM555	quinolinate	v1_panel	carried	True	True	True	True
C__AcCoA__MNXM573	C	AcCoA	MNXM1104266	carrier	True	MNXM573	(E)-ferulate	v3_gof_target	metanetx_xref	False	False	False	False
C__AcCoA__MNXM5901	C	AcCoA	MNXM1104266	carrier	True	MNXM5901	pinocembrin chalcone	v1_panel	carried	False	False	False	False
C__AcCoA__MNXM593	C	AcCoA	MNXM1104266	carrier	True	MNXM593	(R)-pantoate	v1_panel	carried	True	True	True	True
C__AcCoA__MNXM59345	C	AcCoA	MNXM1104266	carrier	True	MNXM59345	D-cycloserine	v3_gof_target	exact_name_in_X	False	False	False	False
C__AcCoA__MNXM602	C	AcCoA	MNXM1104266	carrier	True	MNXM602	shikimate	v3_gof_near,v3_gof_target	exact_name_in_X,inserted_reaction_product,normalized_name_in_X	True	True	True	True
C__AcCoA__MNXM603	C	AcCoA	MNXM1104266	carrier	True	MNXM603	tyramine	v1_panel	carried	False	True	True	True
C__AcCoA__MNXM6097	C	AcCoA	MNXM1104266	carrier	True	MNXM6097	3-oxopropane-1-sulfonate	v1_panel	carried	False	False	False	False
C__AcCoA__MNXM617	C	AcCoA	MNXM1104266	carrier	True	MNXM617	folate	v3_lof_target	exact_name_in_X	False	False	True	True
C__AcCoA__MNXM622	C	AcCoA	MNXM1104266	carrier	True	MNXM622	1-deoxy-D-xylulose 5-phosphate	v1_panel	carried	True	True	True	True
C__AcCoA__MNXM6396	C	AcCoA	MNXM1104266	carrier	True	MNXM6396	1-propanol	v3_gof_target	exact_name_in_X	False	False	True	True
C__AcCoA__MNXM645	C	AcCoA	MNXM1104266	carrier	True	MNXM645	3,4-dihydroxyphenylacetate	v1_panel	carried	False	True	True	True
C__AcCoA__MNXM66	C	AcCoA	MNXM1104266	carrier	True	MNXM66	sn-glycerol 3-phosphate	v1_panel	carried	True	True	True	True
C__AcCoA__MNXM664	C	AcCoA	MNXM1104266	carrier	True	MNXM664	(R)-acetoin	v1_panel,v3_gof_near,v3_gof_target	carried,exact_name_in_X,inserted_reaction_product	False	False	True	True
C__AcCoA__MNXM704	C	AcCoA	MNXM1104266	carrier	True	MNXM704	2'-deoxycytidine	v3_gof_target	metanetx_xref	True	True	True	True
C__AcCoA__MNXM725992	C	AcCoA	MNXM1104266	carrier	True	MNXM725992	Phosphatidylglycerol	v1_panel	carried	False	False	True	True
C__AcCoA__MNXM727604	C	AcCoA	MNXM1104266	carrier	True	MNXM727604	(2R)-3-phosphoglycerate	v1_panel	carried	True	True	True	True
C__AcCoA__MNXM728266	C	AcCoA	MNXM1104266	carrier	True	MNXM728266	(2E,6E,10E)-geranylgeranyl diphosphate	v1_panel	carried	False	False	True	True
C__AcCoA__MNXM728294	C	AcCoA	MNXM1104266	carrier	True	MNXM728294	AMP	v1_panel	carried	True	True	True	True
C__AcCoA__MNXM728337	C	AcCoA	MNXM1104266	carrier	True	MNXM728337	L-isoleucine	v1_panel,v3_lof_target	carried,exact_name_in_X	True	True	True	True
C__AcCoA__MNXM728536	C	AcCoA	MNXM1104266	carrier	True	MNXM728536	palmitoyl-[acyl-carrier protein]	v1_panel	carried	True	True	True	True
C__AcCoA__MNXM728578	C	AcCoA	MNXM1104266	carrier	True	MNXM728578	Fatty-Acids	v3_gof_target	normalized_name_in_X	False	False	True	True
C__AcCoA__MNXM728682	C	AcCoA	MNXM1104266	carrier	True	MNXM728682	beta-D-glucuronate	v1_panel	carried	False	False	True	True
C__AcCoA__MNXM729216	C	AcCoA	MNXM1104266	carrier	True	MNXM729216	N-acetylmuramate 6-phosphate	v3_gof_near	inserted_reaction_product	True	True	True	True
C__AcCoA__MNXM729799	C	AcCoA	MNXM1104266	carrier	True	MNXM729799	methanol	v3_gof_near	inserted_reaction_product	False	False	True	True
C__AcCoA__MNXM73	C	AcCoA	MNXM1104266	carrier	True	MNXM73	phosphoenolpyruvate	v1_panel	carried	True	True	True	True
C__AcCoA__MNXM730135	C	AcCoA	MNXM1104266	carrier	True	MNXM730135	thiamine	v3_lof_target	exact_name_in_X	True	True	True	True
C__AcCoA__MNXM730546	C	AcCoA	MNXM1104266	carrier	True	MNXM730546	5-hydroxy-L-tryptophan	v1_panel	carried	False	False	False	False
C__AcCoA__MNXM731537	C	AcCoA	MNXM1104266	carrier	True	MNXM731537	(4S)-perillyl alcohol	v3_gof_target	metanetx_xref	False	False	True	True
C__AcCoA__MNXM731760	C	AcCoA	MNXM1104266	carrier	True	MNXM731760	lipid IVA (E. coli)	v1_panel	carried	True	True	True	True
C__AcCoA__MNXM731939	C	AcCoA	MNXM1104266	carrier	True	MNXM731939	a malonyl-[acp]	v1_panel	carried	False	False	True	True
C__AcCoA__MNXM732166	C	AcCoA	MNXM1104266	carrier	True	MNXM732166	UDP-N-acetyl-alpha-D-muramoyl-L-alanyl-gamma-D-glutamyl-meso-2,6-diaminopimeloyl-D-alanyl-D-alanine	v1_panel	carried	True	True	True	True
C__AcCoA__MNXM732273	C	AcCoA	MNXM1104266	carrier	True	MNXM732273	a ubiquinol	v1_panel	carried	False	False	True	True
C__AcCoA__MNXM732487	C	AcCoA	MNXM1104266	carrier	True	MNXM732487	hypoxanthine	v3_lof_target	normalized_name_in_X	True	True	True	True
C__AcCoA__MNXM733114	C	AcCoA	MNXM1104266	carrier	True	MNXM733114	guanine	v3_lof_target	exact_name_in_X	True	True	True	True
C__AcCoA__MNXM733515	C	AcCoA	MNXM1104266	carrier	True	MNXM733515	1,4-alpha-D-glucan	v3_gof_near	inserted_reaction_product	True	True	False	False
C__AcCoA__MNXM733758	C	AcCoA	MNXM1104266	carrier	True	MNXM733758	lactate	v3_gof_target	metanetx_xref	False	False	True	True
C__AcCoA__MNXM733934	C	AcCoA	MNXM1104266	carrier	True	MNXM733934	(R)-5-diphosphomevalonate	v1_panel	carried	False	False	False	False
C__AcCoA__MNXM734041	C	AcCoA	MNXM1104266	carrier	True	MNXM734041	dipalmitoyl phosphatidylglycerol	v1_panel	carried	True	True	True	True
C__AcCoA__MNXM734573	C	AcCoA	MNXM1104266	carrier	True	MNXM734573	aldehydo-D-xylose	v3_gof_near	inserted_reaction_product	False	False	True	True
C__AcCoA__MNXM734859	C	AcCoA	MNXM1104266	carrier	True	MNXM734859	aldehydo-L-arabinose	v3_gof_near	inserted_reaction_product	True	True	True	True
C__AcCoA__MNXM735208	C	AcCoA	MNXM1104266	carrier	True	MNXM735208	4-hydroxyphenylacetate	v3_gof_target	metanetx_xref	False	True	True	True
C__AcCoA__MNXM737068	C	AcCoA	MNXM1104266	carrier	True	MNXM737068	xylitol	v3_gof_target	exact_name_in_X	False	False	True	True
C__AcCoA__MNXM737265	C	AcCoA	MNXM1104266	carrier	True	MNXM737265	2-phenylacetate	v3_gof_target	metanetx_xref	True	True	True	True
C__AcCoA__MNXM737751	C	AcCoA	MNXM1104266	carrier	True	MNXM737751	prenol	v3_gof_target	exact_name_in_X	False	False	True	True
C__AcCoA__MNXM737787	C	AcCoA	MNXM1104266	carrier	True	MNXM737787	L-serine	v1_panel,v3_gof_target,v3_lof_target	carried,exact_name_in_X,normalized_name_in_X	True	True	True	True
C__AcCoA__MNXM738068	C	AcCoA	MNXM1104266	carrier	True	MNXM738068	L-cysteine	v1_panel,v3_gof_near,v3_lof_target	carried,exact_name_in_X,inserted_reaction_product	True	True	True	True
C__AcCoA__MNXM738152	C	AcCoA	MNXM1104266	carrier	True	MNXM738152	(2S)-naringenin	v1_panel,v3_gof_target	carried,exact_name_in_X	False	False	True	True
C__AcCoA__MNXM738153	C	AcCoA	MNXM1104266	carrier	True	MNXM738153	naringenin	v3_gof_target	normalized_name_in_X	False	False	True	True
C__AcCoA__MNXM738283	C	AcCoA	MNXM1104266	carrier	True	MNXM738283	(R)-5-phosphomevalonate	v1_panel	carried	False	False	True	False
C__AcCoA__MNXM738702	C	AcCoA	MNXM1104266	carrier	True	MNXM738702	NADPH	v3_gof_target	exact_name_in_X	True	True	True	True
C__AcCoA__MNXM738804	C	AcCoA	MNXM1104266	carrier	True	MNXM738804	L-methionine	v1_panel,v3_gof_target,v3_lof_target	carried,exact_name_in_X,normalized_name_in_X	True	True	True	True
C__AcCoA__MNXM738940	C	AcCoA	MNXM1104266	carrier	True	MNXM738940	(+)-copalyl diphosphate	v1_panel	carried	False	False	False	False
C__AcCoA__MNXM739527	C	AcCoA	MNXM1104266	carrier	True	MNXM739527	L-arginine	v1_panel,v3_gof_target,v3_lof_target	carried,exact_name_in_X,normalized_name_in_X	True	True	True	True
C__AcCoA__MNXM739592	C	AcCoA	MNXM1104266	carrier	True	MNXM739592	Phosphatidylethanolamine (dihexadec-9enoyl, n-C16:1)	v1_panel	carried	True	True	True	True
C__AcCoA__MNXM739991	C	AcCoA	MNXM1104266	carrier	True	MNXM739991	Phosphatidylglycerol (dihexadec-9-enoyl, n-C16:1)	v1_panel	carried	True	True	True	True
C__AcCoA__MNXM740315	C	AcCoA	MNXM1104266	carrier	True	MNXM740315	(2E)-geraniol	v3_gof_target	metanetx_xref	False	False	True	True
C__AcCoA__MNXM741173	C	AcCoA	MNXM1104266	carrier	True	MNXM741173	L-glutamate	v1_panel,v3_gof_near	carried,inserted_reaction_product	True	True	True	True
C__AcCoA__MNXM741276	C	AcCoA	MNXM1104266	carrier	True	MNXM741276	2-methylcitrate	v3_gof_near	inserted_reaction_product	True	False	True	False
C__AcCoA__MNXM741553	C	AcCoA	MNXM1104266	carrier	True	MNXM741553	L-tryptophan	v1_panel,v3_lof_target	carried,exact_name_in_X	True	True	True	True
C__AcCoA__MNXM741595	C	AcCoA	MNXM1104266	carrier	True	MNXM741595	S-formylglutathione	v3_gof_near	inserted_reaction_product	True	True	True	True
C__AcCoA__MNXM741664	C	AcCoA	MNXM1104266	carrier	True	MNXM741664	L-phenylalanine	v1_panel,v3_gof_target,v3_lof_target	carried,exact_name_in_X	True	True	True	True
C__AcCoA__MNXM75	C	AcCoA	MNXM1104266	carrier	True	MNXM75	acetaldehyde	v1_panel,v3_gof_near	carried,inserted_reaction_product	True	True	True	True
C__AcCoA__MNXM76	C	AcCoA	MNXM1104266	carrier	True	MNXM76	L-tyrosine	v1_panel,v3_gof_near,v3_gof_target,v3_lof_target	carried,exact_name_in_X,inserted_reaction_product	True	True	True	True
C__AcCoA__MNXM78362	C	AcCoA	MNXM1104266	carrier	True	MNXM78362	Heme	v3_lof_target	normalized_name_in_X	False	False	True	True
C__AcCoA__MNXM792	C	AcCoA	MNXM1104266	carrier	True	MNXM792	5-aminopentanoate	v1_panel	carried	False	True	True	True
C__AcCoA__MNXM799	C	AcCoA	MNXM1104266	carrier	True	MNXM799	isochorismate	v3_gof_near	inserted_reaction_product	True	True	True	True
C__AcCoA__MNXM8	C	AcCoA	MNXM1104266	carrier	True	MNXM8	NAD(+)	v3_gof_near	inserted_reaction_product	True	True	True	True
C__AcCoA__MNXM83	C	AcCoA	MNXM1104266	carrier	True	MNXM83	isopentenyl diphosphate	v1_panel	carried	True	True	True	True
C__AcCoA__MNXM89612	C	AcCoA	MNXM1104266	carrier	True	MNXM89612	glycerol	v1_panel,v3_gof_near	carried,inserted_reaction_product	True	True	True	True
C__AcCoA__MNXM89698	C	AcCoA	MNXM1104266	carrier	True	MNXM89698	a 2,3,4-saturated fatty acid	v1_panel	carried	False	False	True	True
C__AcCoA__MNXM89949	C	AcCoA	MNXM1104266	carrier	True	MNXM89949	Cis-hexadec-9-enoyl-[acyl-carrier protein] (n-C16:1)	v1_panel	carried	True	True	True	True
C__AcCoA__MNXM89950	C	AcCoA	MNXM1104266	carrier	True	MNXM89950	Cis-octadec-11-enoyl-[acyl-carrier protein] (n-C18:1)	v1_panel	carried	True	True	True	True
C__AcCoA__MNXM943	C	AcCoA	MNXM1104266	carrier	True	MNXM943	cadaverine	v1_panel,v3_gof_target	carried,normalized_name_in_X	True	True	True	True
C__succCoA__MNXM100	C	succCoA	MNXM1104774	carrier	True	MNXM100	(2E)-geranyl diphosphate	v1_panel	carried	True	True	True	True
C__succCoA__MNXM1021	C	succCoA	MNXM1104774	carrier	True	MNXM1021	glutarate	v3_gof_target	exact_name_in_X	False	True	True	True
C__succCoA__MNXM1092518	C	succCoA	MNXM1104774	carrier	True	MNXM1092518	cis-aconitate	v1_panel	carried	True	True	True	True
C__succCoA__MNXM1094052	C	succCoA	MNXM1104774	carrier	True	MNXM1094052	propanoate	v3_gof_target	metanetx_xref	True	True	True	True
C__succCoA__MNXM1101285	C	succCoA	MNXM1104774	carrier	True	MNXM1101285	GMP	v1_panel	carried	True	True	True	True
C__succCoA__MNXM1101868	C	succCoA	MNXM1104774	carrier	True	MNXM1101868	IMP	v1_panel,v3_gof_target	carried,exact_name_in_X	True	True	True	True
C__succCoA__MNXM1103616	C	succCoA	MNXM1104774	carrier	True	MNXM1103616	hexanoyl-CoA	v1_panel	carried	True	True	True	True
C__succCoA__MNXM1103802	C	succCoA	MNXM1104774	carrier	True	MNXM1103802	acetoacetyl-CoA	v1_panel	carried	True	True	True	True
C__succCoA__MNXM1103847	C	succCoA	MNXM1104774	carrier	True	MNXM1103847	(2S)-2-acetolactate	v1_panel	carried	True	True	True	True
C__succCoA__MNXM1103936	C	succCoA	MNXM1104774	carrier	True	MNXM1103936	(6S)-5,6,7,8-tetrahydrofolate	v1_panel	carried	True	True	True	True
C__succCoA__MNXM1104180	C	succCoA	MNXM1104774	carrier	True	MNXM1104180	sucrose	v1_panel	carried	True	True	False	False
C__succCoA__MNXM1104235	C	succCoA	MNXM1104774	carrier	True	MNXM1104235	(3S)-3-hydroxy-3-methylglutaryl-CoA	v1_panel	carried	False	False	True	True
C__succCoA__MNXM1104266	C	succCoA	MNXM1104774	carrier	True	MNXM1104266	acetyl-CoA	v1_panel,v3_gof_near,v3_gof_target	carried,exact_name_in_X,inserted_reaction_product	True	True	True	True
C__succCoA__MNXM1104300	C	succCoA	MNXM1104774	carrier	True	MNXM1104300	butanoyl-CoA	v1_panel	carried	True	True	True	True
C__succCoA__MNXM1104529	C	succCoA	MNXM1104774	carrier	True	MNXM1104529	UDP-N-acetyl-alpha-D-glucosamine	v1_panel	carried	True	True	True	True
C__succCoA__MNXM1104699	C	succCoA	MNXM1104774	carrier	True	MNXM1104699	3-oxohexanoyl-CoA	v1_panel	carried	True	True	True	True
C__succCoA__MNXM1104823	C	succCoA	MNXM1104774	carrier	True	MNXM1104823	UMP	v1_panel	carried	True	True	True	True
C__succCoA__MNXM1105057	C	succCoA	MNXM1104774	carrier	True	MNXM1105057	(R)-mevalonate	v1_panel	carried	False	False	True	True
C__succCoA__MNXM1105732	C	succCoA	MNXM1104774	carrier	True	MNXM1105732	L-alanine	v3_gof_target	exact_name_in_X,normalized_name_in_X	True	True	True	True
C__succCoA__MNXM1105941	C	succCoA	MNXM1104774	carrier	True	MNXM1105941	myo-inositol	v3_gof_target	exact_name_in_X	True	True	True	True
C__succCoA__MNXM1106093	C	succCoA	MNXM1104774	carrier	True	MNXM1106093	malonyl-CoA	v1_panel,v3_gof_near,v3_gof_target	carried,exact_name_in_X,inserted_reaction_product	True	True	True	True
C__succCoA__MNXM1106761	C	succCoA	MNXM1104774	carrier	True	MNXM1106761	L-leucine	v1_panel,v3_lof_target	carried,exact_name_in_X	True	True	True	True
C__succCoA__MNXM1106823	C	succCoA	MNXM1104774	carrier	True	MNXM1106823	1,2,4-butanetriol	v3_gof_target	normalized_name_in_X	False	False	True	True
C__succCoA__MNXM1107139	C	succCoA	MNXM1104774	carrier	True	MNXM1107139	an alditol	v3_gof_target	metanetx_xref	False	False	True	True
C__succCoA__MNXM1107741	C	succCoA	MNXM1104774	carrier	True	MNXM1107741	cyclic pyranopterin phosphate	v1_panel	carried	True	True	True	True
C__succCoA__MNXM1107752	C	succCoA	MNXM1104774	carrier	True	MNXM1107752	citrate	v1_panel	carried	True	True	True	True
C__succCoA__MNXM1107769	C	succCoA	MNXM1104774	carrier	True	MNXM1107769	L-histidine	v1_panel,v3_lof_target	carried,exact_name_in_X	True	True	True	True
C__succCoA__MNXM1107821	C	succCoA	MNXM1104774	carrier	True	MNXM1107821	L-asparagine	v1_panel	carried	True	True	True	True
C__succCoA__MNXM1107898	C	succCoA	MNXM1104774	carrier	True	MNXM1107898	beta-D-fructose 6-phosphate	v1_panel	carried	True	True	True	True
C__succCoA__MNXM1107904	C	succCoA	MNXM1104774	carrier	True	MNXM1107904	(S)-methylmalonyl-CoA	v3_gof_near	inserted_reaction_product	True	True	True	True
C__succCoA__MNXM1108016	C	succCoA	MNXM1104774	carrier	True	MNXM1108016	nicotinate beta-D-ribonucleotide	v3_gof_near	inserted_reaction_product	True	True	True	True
C__succCoA__MNXM1108018	C	succCoA	MNXM1104774	carrier	True	MNXM1108018	H2	v1_panel	carried	False	False	False	False
C__succCoA__MNXM1108092	C	succCoA	MNXM1104774	carrier	True	MNXM1108092	ethanol	v1_panel,v3_gof_target	carried,exact_name_in_X,normalized_name_in_X	True	True	True	True
C__succCoA__MNXM1108176	C	succCoA	MNXM1104774	carrier	True	MNXM1108176	D-galactose	v1_panel	carried	False	False	True	True
C__succCoA__MNXM1108250	C	succCoA	MNXM1104774	carrier	True	MNXM1108250	all-trans-beta-carotene	v1_panel,v3_gof_target	carried,metanetx_xref	False	False	False	False
C__succCoA__MNXM1137654	C	succCoA	MNXM1104774	carrier	True	MNXM1137654	(S)-acetoin	v1_panel	carried	False	False	False	False
C__succCoA__MNXM1137687	C	succCoA	MNXM1104774	carrier	True	MNXM1137687	3,4-dihydroxybenzoate	v1_panel	carried	False	False	False	False
C__succCoA__MNXM114	C	succCoA	MNXM1104774	carrier	True	MNXM114	L-proline	v1_panel,v3_lof_target	carried,exact_name_in_X	True	True	True	True
C__succCoA__MNXM114436	C	succCoA	MNXM1104774	carrier	True	MNXM114436	4a-hydroxy-N10-formyltetrahydrofolate	v1_panel	carried	False	False	False	False
C__succCoA__MNXM114643	C	succCoA	MNXM1104774	carrier	True	MNXM114643	an apo-[FeFe] hydrogenase subunit	v1_panel	carried	False	False	False	False
C__succCoA__MNXM115	C	succCoA	MNXM1104774	carrier	True	MNXM115	phosphatidylethanolamine	v1_panel,v3_gof_target	carried,exact_name_in_X	False	False	True	True
C__succCoA__MNXM118	C	succCoA	MNXM1104774	carrier	True	MNXM118	putrescine	v1_panel,v3_gof_target	carried,normalized_name_in_X	True	True	True	True
C__succCoA__MNXM1255	C	succCoA	MNXM1104774	carrier	True	MNXM1255	(S)-propane-1,2-diol	v3_gof_near	inserted_reaction_product	True	True	True	True
C__succCoA__MNXM132	C	succCoA	MNXM1104774	carrier	True	MNXM132	dimethylallyl diphosphate	v1_panel	carried	True	True	True	True
C__succCoA__MNXM1326	C	succCoA	MNXM1104774	carrier	True	MNXM1326	(S)-eriodictyol	v3_gof_target	metanetx_xref	False	False	True	True
C__succCoA__MNXM1363773	C	succCoA	MNXM1104774	carrier	True	MNXM1363773	all-trans-retinol	v3_gof_target	exact_name_in_X	False	False	True	True
C__succCoA__MNXM1363833	C	succCoA	MNXM1104774	carrier	True	MNXM1363833	(2E,6E)-farnesyl diphosphate	v1_panel	carried	False	False	True	True
C__succCoA__MNXM1363910	C	succCoA	MNXM1104774	carrier	True	MNXM1363910	alpha-D-ribofuranose 5-phosphate	v1_panel	carried	True	True	True	True
C__succCoA__MNXM1363936	C	succCoA	MNXM1104774	carrier	True	MNXM1363936	(2E)-butenoyl-CoA	v1_panel	carried	True	True	True	True
C__succCoA__MNXM1363974	C	succCoA	MNXM1104774	carrier	True	MNXM1363974	dTDP-4-dehydro-6-deoxy-alpha-D-glucose	v1_panel	carried	True	True	True	True
C__succCoA__MNXM1364019	C	succCoA	MNXM1104774	carrier	True	MNXM1364019	UDP-alpha-D-glucose	v3_gof_near	inserted_reaction_product	True	True	True	True
C__succCoA__MNXM1364061	C	succCoA	MNXM1104774	carrier	True	MNXM1364061	D-glucose	v1_panel	carried	True	True	True	True
C__succCoA__MNXM1364111	C	succCoA	MNXM1104774	carrier	True	MNXM1364111	D-glucose 6-phosphate	v1_panel	carried	True	True	True	True
C__succCoA__MNXM1364140	C	succCoA	MNXM1104774	carrier	True	MNXM1364140	(3R)-3-hydroxybutanoyl-CoA	v1_panel	carried	False	False	True	True
C__succCoA__MNXM1364149	C	succCoA	MNXM1104774	carrier	True	MNXM1364149	FAD	v1_panel	carried	True	True	True	True
C__succCoA__MNXM1364174	C	succCoA	MNXM1104774	carrier	True	MNXM1364174	N-acetyl-beta-D-glucosamine 6-phosphate	v1_panel,v3_gof_near	carried,inserted_reaction_product	True	True	True	True
C__succCoA__MNXM1364229	C	succCoA	MNXM1104774	carrier	True	MNXM1364229	beta-D-fructose 1,6-bisphosphate	v3_gof_near	inserted_reaction_product	True	True	True	True
C__succCoA__MNXM1364266	C	succCoA	MNXM1104774	carrier	True	MNXM1364266	propanoyl-CoA	v3_gof_near	inserted_reaction_product	True	True	True	True
C__succCoA__MNXM1364268	C	succCoA	MNXM1104774	carrier	True	MNXM1364268	L-lysine	v1_panel,v3_gof_target,v3_lof_target	carried,exact_name_in_X	True	True	True	True
C__succCoA__MNXM1364476	C	succCoA	MNXM1104774	carrier	True	MNXM1364476	protoporphyrin IX	v3_lof_target	exact_name_in_X	True	True	True	True
C__succCoA__MNXM1364497	C	succCoA	MNXM1104774	carrier	True	MNXM1364497	L-aspartate	v1_panel,v3_gof_target	carried,exact_name_in_X	True	True	True	True
C__succCoA__MNXM1364686	C	succCoA	MNXM1104774	carrier	True	MNXM1364686	1D-myo-inositol 3-phosphate	v1_panel,v3_gof_near	carried,inserted_reaction_product	False	False	True	True
C__succCoA__MNXM1365590	C	succCoA	MNXM1104774	carrier	True	MNXM1365590	molybdopterin	v3_gof_near	inserted_reaction_product	True	True	True	True
C__succCoA__MNXM1368127	C	succCoA	MNXM1104774	carrier	True	MNXM1368127	(3E,6E)-alpha-farnesene	v3_gof_target	metanetx_xref	False	False	False	False
C__succCoA__MNXM1368744	C	succCoA	MNXM1104774	carrier	True	MNXM1368744	2-oxoglutarate	v1_panel,v3_gof_near,v3_gof_target	carried,exact_name_in_X,inserted_reaction_product	True	True	True	True
C__succCoA__MNXM1369302	C	succCoA	MNXM1104774	carrier	True	MNXM1369302	thymine	v3_lof_target	exact_name_in_X	True	True	True	True
C__succCoA__MNXM1370019	C	succCoA	MNXM1104774	carrier	True	MNXM1370019	(E)-4-coumarate	v1_panel	carried	False	False	True	True
C__succCoA__MNXM1370262	C	succCoA	MNXM1104774	carrier	True	MNXM1370262	15-cis-phytoene	v1_panel	carried	False	False	False	False
C__succCoA__MNXM1370620	C	succCoA	MNXM1104774	carrier	True	MNXM1370620	N-acetyl-L-glutamate	v3_gof_near	inserted_reaction_product	True	True	True	True
C__succCoA__MNXM1370996	C	succCoA	MNXM1104774	carrier	True	MNXM1370996	caffeic acid	v3_gof_target	exact_name_in_X	True	True	True	True
C__succCoA__MNXM1371362	C	succCoA	MNXM1104774	carrier	True	MNXM1371362	(R)-lactate	v1_panel,v3_gof_near,v3_gof_target	carried,inserted_reaction_product,metanetx_xref	True	True	True	True
C__succCoA__MNXM1371363	C	succCoA	MNXM1104774	carrier	True	MNXM1371363	(S)-lactate	v3_gof_near	inserted_reaction_product	True	True	True	True
C__succCoA__MNXM1371612	C	succCoA	MNXM1104774	carrier	True	MNXM1371612	(R)-pantothenate	v1_panel	carried	True	True	True	True
C__succCoA__MNXM1372044	C	succCoA	MNXM1104774	carrier	True	MNXM1372044	glyceraldehyde 3-phosphate	v1_panel	carried	True	True	True	True
C__succCoA__MNXM1372147	C	succCoA	MNXM1104774	carrier	True	MNXM1372147	(4R)-limonene	v1_panel	carried	False	False	False	False
C__succCoA__MNXM1372148	C	succCoA	MNXM1104774	carrier	True	MNXM1372148	(4S)-limonene	v3_gof_target	exact_name_in_X	False	False	True	True
C__succCoA__MNXM1410	C	succCoA	MNXM1104774	carrier	True	MNXM1410	5-oxopentanoate	v1_panel	carried	False	True	True	True
C__succCoA__MNXM142	C	succCoA	MNXM1104774	carrier	True	MNXM142	L-threonine	v1_panel,v3_gof_near,v3_gof_target,v3_lof_target	carried,exact_name_in_X,inserted_reaction_product	True	True	True	True
C__succCoA__MNXM144	C	succCoA	MNXM1104774	carrier	True	MNXM144	beta-alanine	v3_gof_target	normalized_name_in_X	True	True	True	True
C__succCoA__MNXM145	C	succCoA	MNXM1104774	carrier	True	MNXM145	D-ribulose 5-phosphate	v1_panel	carried	True	True	True	True
C__succCoA__MNXM161	C	succCoA	MNXM1104774	carrier	True	MNXM161	pyridoxal 5'-phosphate	v1_panel	carried	True	True	True	True
C__succCoA__MNXM162	C	succCoA	MNXM1104774	carrier	True	MNXM162	D-threo-isocitrate	v1_panel	carried	False	False	True	True
C__succCoA__MNXM162231	C	succCoA	MNXM1104774	carrier	True	MNXM162231	NAD(P)H	v1_panel,v3_gof_near	carried,inserted_reaction_product	False	False	True	True
C__succCoA__MNXM163519	C	succCoA	MNXM1104774	carrier	True	MNXM163519	a lipid II	v1_panel	carried	False	False	True	True
C__succCoA__MNXM164	C	succCoA	MNXM1104774	carrier	True	MNXM164	4-hydroxybenzoate	v1_panel	carried	True	True	True	True
C__succCoA__MNXM1653	C	succCoA	MNXM1104774	carrier	True	MNXM1653	hexanoate	v3_gof_target	exact_name_in_X	True	True	True	True
C__succCoA__MNXM169454	C	succCoA	MNXM1104774	carrier	True	MNXM169454	D-xylose	v1_panel	carried	True	True	True	True
C__succCoA__MNXM1734	C	succCoA	MNXM1104774	carrier	True	MNXM1734	D-galactonate	v3_gof_target	exact_name_in_X	True	True	True	True
C__succCoA__MNXM1737	C	succCoA	MNXM1104774	carrier	True	MNXM1737	D-xylono-1,5-lactone	v3_gof_near	inserted_reaction_product	False	False	False	False
C__succCoA__MNXM1747	C	succCoA	MNXM1104774	carrier	True	MNXM1747	itaconate	v3_gof_target	exact_name_in_X	False	False	True	True
C__succCoA__MNXM1812	C	succCoA	MNXM1104774	carrier	True	MNXM1812	penicillin G	v3_gof_target	exact_name_in_X	False	False	False	False
C__succCoA__MNXM18358	C	succCoA	MNXM1104774	carrier	True	MNXM18358	hexan-1-ol	v1_panel	carried	False	False	True	True
C__succCoA__MNXM199	C	succCoA	MNXM1104774	carrier	True	MNXM199	L-valine	v3_gof_target,v3_lof_target	exact_name_in_X	True	True	True	True
C__succCoA__MNXM2022	C	succCoA	MNXM1104774	carrier	True	MNXM2022	beta-myrcene	v1_panel	carried	False	False	False	False
C__succCoA__MNXM2090	C	succCoA	MNXM1104774	carrier	True	MNXM2090	5-aminopentanamide	v1_panel	carried	False	False	False	False
C__succCoA__MNXM2105	C	succCoA	MNXM1104774	carrier	True	MNXM2105	butanoyl phosphate	v1_panel	carried	False	False	True	True
C__succCoA__MNXM2138	C	succCoA	MNXM1104774	carrier	True	MNXM2138	N-acetyl-beta-D-glucosamine	v3_gof_target	metanetx_xref	False	False	True	True
C__succCoA__MNXM222	C	succCoA	MNXM1104774	carrier	True	MNXM222	glycolate	v3_gof_near	inserted_reaction_product	True	True	True	True
C__succCoA__MNXM23	C	succCoA	MNXM1104774	carrier	True	MNXM23	pyruvate	v1_panel,v3_gof_near,v3_gof_target	carried,exact_name_in_X,inserted_reaction_product	True	True	True	True
C__succCoA__MNXM2334	C	succCoA	MNXM1104774	carrier	True	MNXM2334	4-hydroxybutanoyl-CoA	v1_panel	carried	False	False	False	False
C__succCoA__MNXM2476	C	succCoA	MNXM1104774	carrier	True	MNXM2476	2-phenylethanol	v3_gof_target	exact_name_in_X	False	False	True	True
C__succCoA__MNXM25	C	succCoA	MNXM1104774	carrier	True	MNXM25	succinate	v1_panel,v3_gof_target,v3_lof_target	carried,exact_name_in_X,normalized_name_in_X	True	True	True	True
C__succCoA__MNXM256	C	succCoA	MNXM1104774	carrier	True	MNXM256	thiamine diphosphate	v1_panel	carried	True	True	True	True
C__succCoA__MNXM257	C	succCoA	MNXM1104774	carrier	True	MNXM257	dTMP	v1_panel	carried	True	True	True	True
C__succCoA__MNXM258	C	succCoA	MNXM1104774	carrier	True	MNXM258	D-erythrose 4-phosphate	v1_panel,v3_gof_near	carried,inserted_reaction_product	True	True	True	True
C__succCoA__MNXM26	C	succCoA	MNXM1104774	carrier	True	MNXM26	acetate	v1_panel,v3_gof_near,v3_gof_target	carried,exact_name_in_X,inserted_reaction_product	True	True	True	True
C__succCoA__MNXM270	C	succCoA	MNXM1104774	carrier	True	MNXM270	riboflavin	v1_panel,v3_gof_target,v3_lof_target	carried,exact_name_in_X	True	True	True	True
C__succCoA__MNXM279	C	succCoA	MNXM1104774	carrier	True	MNXM279	L-dopa	v3_gof_target	normalized_name_in_X	False	False	True	True
C__succCoA__MNXM280	C	succCoA	MNXM1104774	carrier	True	MNXM280	acetyl phosphate	v3_gof_near	inserted_reaction_product	True	True	True	True
C__succCoA__MNXM2861	C	succCoA	MNXM1104774	carrier	True	MNXM2861	propane-1,3-diol	v3_gof_target	metanetx_xref	True	False	False	False
C__succCoA__MNXM29	C	succCoA	MNXM1104774	carrier	True	MNXM29	glycine	v1_panel	carried	True	True	True	True
C__succCoA__MNXM304	C	succCoA	MNXM1104774	carrier	True	MNXM304	biotin	v1_panel,v3_lof_target	carried,exact_name_in_X	True	True	True	True
C__succCoA__MNXM3085	C	succCoA	MNXM1104774	carrier	True	MNXM3085	propan-2-ol	v3_gof_near	inserted_reaction_product	False	False	True	True
C__succCoA__MNXM315	C	succCoA	MNXM1104774	carrier	True	MNXM315	indole-3-pyruvate	v1_panel,v3_gof_near	carried,inserted_reaction_product	False	True	True	True
C__succCoA__MNXM320	C	succCoA	MNXM1104774	carrier	True	MNXM320	phenol	v3_gof_target	exact_name_in_X	False	False	True	True
C__succCoA__MNXM3230	C	succCoA	MNXM1104774	carrier	True	MNXM3230	butan-1-ol	v3_gof_near,v3_gof_target	inserted_reaction_product,metanetx_xref	False	False	True	True
C__succCoA__MNXM3288	C	succCoA	MNXM1104774	carrier	True	MNXM3288	isoprene	v3_gof_target	normalized_name_in_X	False	False	False	False
C__succCoA__MNXM337	C	succCoA	MNXM1104774	carrier	True	MNXM337	chorismate	v1_panel	carried	True	True	True	True
C__succCoA__MNXM361	C	succCoA	MNXM1104774	carrier	True	MNXM361	L-aspartate 4-semialdehyde	v3_gof_near	inserted_reaction_product	True	True	True	True
C__succCoA__MNXM37	C	succCoA	MNXM1104774	carrier	True	MNXM37	L-glutamine	v1_panel,v3_gof_target,v3_lof_target	carried,exact_name_in_X	True	True	True	True
C__succCoA__MNXM39	C	succCoA	MNXM1104774	carrier	True	MNXM39	formate	v1_panel,v3_gof_near	carried,inserted_reaction_product	True	True	True	True
C__succCoA__MNXM398	C	succCoA	MNXM1104774	carrier	True	MNXM398	acetone	v3_gof_target	exact_name_in_X	False	False	True	True
C__succCoA__MNXM404	C	succCoA	MNXM1104774	carrier	True	MNXM404	4-methyl-2-oxopentanoate	v1_panel	carried	True	True	True	True
C__succCoA__MNXM405	C	succCoA	MNXM1104774	carrier	True	MNXM405	5-aminolevulinate	v1_panel	carried	True	True	True	True
C__succCoA__MNXM419	C	succCoA	MNXM1104774	carrier	True	MNXM419	pyridoxine	v3_lof_target	exact_name_in_X	True	True	True	True
C__succCoA__MNXM420	C	succCoA	MNXM1104774	carrier	True	MNXM420	thymidine	v3_lof_target	exact_name_in_X	True	True	True	True
C__succCoA__MNXM421	C	succCoA	MNXM1104774	carrier	True	MNXM421	4-aminobenzoate	v1_panel,v3_gof_target	carried,exact_name_in_X	True	True	True	True
C__succCoA__MNXM458	C	succCoA	MNXM1104774	carrier	True	MNXM458	butanoate	v1_panel,v3_gof_target	carried,metanetx_xref	True	True	True	True
C__succCoA__MNXM46	C	succCoA	MNXM1104774	carrier	True	MNXM46	oxaloacetate	v1_panel,v3_gof_near	carried,inserted_reaction_product	True	True	True	True
C__succCoA__MNXM460	C	succCoA	MNXM1104774	carrier	True	MNXM460	dihydroxyacetone	v3_gof_target	exact_name_in_X	True	True	True	True
C__succCoA__MNXM4964	C	succCoA	MNXM1104774	carrier	True	MNXM4964	4-tyrosol	v1_panel	carried	False	False	True	True
C__succCoA__MNXM5	C	succCoA	MNXM1104774	carrier	True	MNXM5	NADP(+)	v3_gof_near	inserted_reaction_product	True	True	True	True
C__succCoA__MNXM5188	C	succCoA	MNXM1104774	carrier	True	MNXM5188	isobutanol	v3_gof_target	exact_name_in_X	False	False	True	True
C__succCoA__MNXM529	C	succCoA	MNXM1104774	carrier	True	MNXM529	meso-2,6-diaminopimelate	v1_panel	carried	True	True	True	True
C__succCoA__MNXM554	C	succCoA	MNXM1104774	carrier	True	MNXM554	porphobilinogen	v1_panel	carried	True	True	True	True
C__succCoA__MNXM555	C	succCoA	MNXM1104774	carrier	True	MNXM555	quinolinate	v1_panel	carried	True	True	True	True
C__succCoA__MNXM573	C	succCoA	MNXM1104774	carrier	True	MNXM573	(E)-ferulate	v3_gof_target	metanetx_xref	False	False	False	False
C__succCoA__MNXM5901	C	succCoA	MNXM1104774	carrier	True	MNXM5901	pinocembrin chalcone	v1_panel	carried	False	False	False	False
C__succCoA__MNXM593	C	succCoA	MNXM1104774	carrier	True	MNXM593	(R)-pantoate	v1_panel	carried	True	True	True	True
C__succCoA__MNXM59345	C	succCoA	MNXM1104774	carrier	True	MNXM59345	D-cycloserine	v3_gof_target	exact_name_in_X	False	False	False	False
C__succCoA__MNXM602	C	succCoA	MNXM1104774	carrier	True	MNXM602	shikimate	v3_gof_near,v3_gof_target	exact_name_in_X,inserted_reaction_product,normalized_name_in_X	True	True	True	True
C__succCoA__MNXM603	C	succCoA	MNXM1104774	carrier	True	MNXM603	tyramine	v1_panel	carried	False	True	True	True
C__succCoA__MNXM6097	C	succCoA	MNXM1104774	carrier	True	MNXM6097	3-oxopropane-1-sulfonate	v1_panel	carried	False	False	False	False
C__succCoA__MNXM617	C	succCoA	MNXM1104774	carrier	True	MNXM617	folate	v3_lof_target	exact_name_in_X	False	False	True	True
C__succCoA__MNXM622	C	succCoA	MNXM1104774	carrier	True	MNXM622	1-deoxy-D-xylulose 5-phosphate	v1_panel	carried	True	True	True	True
C__succCoA__MNXM6396	C	succCoA	MNXM1104774	carrier	True	MNXM6396	1-propanol	v3_gof_target	exact_name_in_X	False	False	True	True
C__succCoA__MNXM645	C	succCoA	MNXM1104774	carrier	True	MNXM645	3,4-dihydroxyphenylacetate	v1_panel	carried	False	True	True	True
C__succCoA__MNXM66	C	succCoA	MNXM1104774	carrier	True	MNXM66	sn-glycerol 3-phosphate	v1_panel	carried	True	True	True	True
C__succCoA__MNXM664	C	succCoA	MNXM1104774	carrier	True	MNXM664	(R)-acetoin	v1_panel,v3_gof_near,v3_gof_target	carried,exact_name_in_X,inserted_reaction_product	False	False	True	True
C__succCoA__MNXM704	C	succCoA	MNXM1104774	carrier	True	MNXM704	2'-deoxycytidine	v3_gof_target	metanetx_xref	True	True	True	True
C__succCoA__MNXM725992	C	succCoA	MNXM1104774	carrier	True	MNXM725992	Phosphatidylglycerol	v1_panel	carried	False	False	True	True
C__succCoA__MNXM727604	C	succCoA	MNXM1104774	carrier	True	MNXM727604	(2R)-3-phosphoglycerate	v1_panel	carried	True	True	True	True
C__succCoA__MNXM728266	C	succCoA	MNXM1104774	carrier	True	MNXM728266	(2E,6E,10E)-geranylgeranyl diphosphate	v1_panel	carried	False	False	True	True
C__succCoA__MNXM728294	C	succCoA	MNXM1104774	carrier	True	MNXM728294	AMP	v1_panel	carried	True	True	True	True
C__succCoA__MNXM728337	C	succCoA	MNXM1104774	carrier	True	MNXM728337	L-isoleucine	v1_panel,v3_lof_target	carried,exact_name_in_X	True	True	True	True
C__succCoA__MNXM728536	C	succCoA	MNXM1104774	carrier	True	MNXM728536	palmitoyl-[acyl-carrier protein]	v1_panel	carried	True	True	True	True
C__succCoA__MNXM728578	C	succCoA	MNXM1104774	carrier	True	MNXM728578	Fatty-Acids	v3_gof_target	normalized_name_in_X	False	False	True	True
C__succCoA__MNXM728682	C	succCoA	MNXM1104774	carrier	True	MNXM728682	beta-D-glucuronate	v1_panel	carried	False	False	True	True
C__succCoA__MNXM729216	C	succCoA	MNXM1104774	carrier	True	MNXM729216	N-acetylmuramate 6-phosphate	v3_gof_near	inserted_reaction_product	True	True	True	True
C__succCoA__MNXM729799	C	succCoA	MNXM1104774	carrier	True	MNXM729799	methanol	v3_gof_near	inserted_reaction_product	False	False	True	True
C__succCoA__MNXM73	C	succCoA	MNXM1104774	carrier	True	MNXM73	phosphoenolpyruvate	v1_panel	carried	True	True	True	True
C__succCoA__MNXM730135	C	succCoA	MNXM1104774	carrier	True	MNXM730135	thiamine	v3_lof_target	exact_name_in_X	True	True	True	True
C__succCoA__MNXM730546	C	succCoA	MNXM1104774	carrier	True	MNXM730546	5-hydroxy-L-tryptophan	v1_panel	carried	False	False	False	False
C__succCoA__MNXM731537	C	succCoA	MNXM1104774	carrier	True	MNXM731537	(4S)-perillyl alcohol	v3_gof_target	metanetx_xref	False	False	True	True
C__succCoA__MNXM731760	C	succCoA	MNXM1104774	carrier	True	MNXM731760	lipid IVA (E. coli)	v1_panel	carried	True	True	True	True
C__succCoA__MNXM731939	C	succCoA	MNXM1104774	carrier	True	MNXM731939	a malonyl-[acp]	v1_panel	carried	False	False	True	True
C__succCoA__MNXM732166	C	succCoA	MNXM1104774	carrier	True	MNXM732166	UDP-N-acetyl-alpha-D-muramoyl-L-alanyl-gamma-D-glutamyl-meso-2,6-diaminopimeloyl-D-alanyl-D-alanine	v1_panel	carried	True	True	True	True
C__succCoA__MNXM732273	C	succCoA	MNXM1104774	carrier	True	MNXM732273	a ubiquinol	v1_panel	carried	False	False	True	True
C__succCoA__MNXM732487	C	succCoA	MNXM1104774	carrier	True	MNXM732487	hypoxanthine	v3_lof_target	normalized_name_in_X	True	True	True	True
C__succCoA__MNXM733114	C	succCoA	MNXM1104774	carrier	True	MNXM733114	guanine	v3_lof_target	exact_name_in_X	True	True	True	True
C__succCoA__MNXM733515	C	succCoA	MNXM1104774	carrier	True	MNXM733515	1,4-alpha-D-glucan	v3_gof_near	inserted_reaction_product	True	True	False	False
C__succCoA__MNXM733758	C	succCoA	MNXM1104774	carrier	True	MNXM733758	lactate	v3_gof_target	metanetx_xref	False	False	True	True
C__succCoA__MNXM733934	C	succCoA	MNXM1104774	carrier	True	MNXM733934	(R)-5-diphosphomevalonate	v1_panel	carried	False	False	False	False
C__succCoA__MNXM734041	C	succCoA	MNXM1104774	carrier	True	MNXM734041	dipalmitoyl phosphatidylglycerol	v1_panel	carried	True	True	True	True
C__succCoA__MNXM734573	C	succCoA	MNXM1104774	carrier	True	MNXM734573	aldehydo-D-xylose	v3_gof_near	inserted_reaction_product	False	False	True	True
C__succCoA__MNXM734859	C	succCoA	MNXM1104774	carrier	True	MNXM734859	aldehydo-L-arabinose	v3_gof_near	inserted_reaction_product	True	True	True	True
C__succCoA__MNXM735208	C	succCoA	MNXM1104774	carrier	True	MNXM735208	4-hydroxyphenylacetate	v3_gof_target	metanetx_xref	False	True	True	True
C__succCoA__MNXM737068	C	succCoA	MNXM1104774	carrier	True	MNXM737068	xylitol	v3_gof_target	exact_name_in_X	False	False	True	True
C__succCoA__MNXM737265	C	succCoA	MNXM1104774	carrier	True	MNXM737265	2-phenylacetate	v3_gof_target	metanetx_xref	True	True	True	True
C__succCoA__MNXM737751	C	succCoA	MNXM1104774	carrier	True	MNXM737751	prenol	v3_gof_target	exact_name_in_X	False	False	True	True
C__succCoA__MNXM737787	C	succCoA	MNXM1104774	carrier	True	MNXM737787	L-serine	v1_panel,v3_gof_target,v3_lof_target	carried,exact_name_in_X,normalized_name_in_X	True	True	True	True
C__succCoA__MNXM738068	C	succCoA	MNXM1104774	carrier	True	MNXM738068	L-cysteine	v1_panel,v3_gof_near,v3_lof_target	carried,exact_name_in_X,inserted_reaction_product	True	True	True	True
C__succCoA__MNXM738152	C	succCoA	MNXM1104774	carrier	True	MNXM738152	(2S)-naringenin	v1_panel,v3_gof_target	carried,exact_name_in_X	False	False	True	True
C__succCoA__MNXM738153	C	succCoA	MNXM1104774	carrier	True	MNXM738153	naringenin	v3_gof_target	normalized_name_in_X	False	False	True	True
C__succCoA__MNXM738283	C	succCoA	MNXM1104774	carrier	True	MNXM738283	(R)-5-phosphomevalonate	v1_panel	carried	False	False	True	False
C__succCoA__MNXM738702	C	succCoA	MNXM1104774	carrier	True	MNXM738702	NADPH	v3_gof_target	exact_name_in_X	True	True	True	True
C__succCoA__MNXM738804	C	succCoA	MNXM1104774	carrier	True	MNXM738804	L-methionine	v1_panel,v3_gof_target,v3_lof_target	carried,exact_name_in_X,normalized_name_in_X	True	True	True	True
C__succCoA__MNXM738940	C	succCoA	MNXM1104774	carrier	True	MNXM738940	(+)-copalyl diphosphate	v1_panel	carried	False	False	False	False
C__succCoA__MNXM739527	C	succCoA	MNXM1104774	carrier	True	MNXM739527	L-arginine	v1_panel,v3_gof_target,v3_lof_target	carried,exact_name_in_X,normalized_name_in_X	True	True	True	True
C__succCoA__MNXM739592	C	succCoA	MNXM1104774	carrier	True	MNXM739592	Phosphatidylethanolamine (dihexadec-9enoyl, n-C16:1)	v1_panel	carried	True	True	True	True
C__succCoA__MNXM739991	C	succCoA	MNXM1104774	carrier	True	MNXM739991	Phosphatidylglycerol (dihexadec-9-enoyl, n-C16:1)	v1_panel	carried	True	True	True	True
C__succCoA__MNXM740315	C	succCoA	MNXM1104774	carrier	True	MNXM740315	(2E)-geraniol	v3_gof_target	metanetx_xref	False	False	True	True
C__succCoA__MNXM741173	C	succCoA	MNXM1104774	carrier	True	MNXM741173	L-glutamate	v1_panel,v3_gof_near	carried,inserted_reaction_product	True	True	True	True
C__succCoA__MNXM741276	C	succCoA	MNXM1104774	carrier	True	MNXM741276	2-methylcitrate	v3_gof_near	inserted_reaction_product	True	False	True	False
C__succCoA__MNXM741553	C	succCoA	MNXM1104774	carrier	True	MNXM741553	L-tryptophan	v1_panel,v3_lof_target	carried,exact_name_in_X	True	True	True	True
C__succCoA__MNXM741595	C	succCoA	MNXM1104774	carrier	True	MNXM741595	S-formylglutathione	v3_gof_near	inserted_reaction_product	True	True	True	True
C__succCoA__MNXM741664	C	succCoA	MNXM1104774	carrier	True	MNXM741664	L-phenylalanine	v1_panel,v3_gof_target,v3_lof_target	carried,exact_name_in_X	True	True	True	True
C__succCoA__MNXM75	C	succCoA	MNXM1104774	carrier	True	MNXM75	acetaldehyde	v1_panel,v3_gof_near	carried,inserted_reaction_product	True	True	True	True
C__succCoA__MNXM76	C	succCoA	MNXM1104774	carrier	True	MNXM76	L-tyrosine	v1_panel,v3_gof_near,v3_gof_target,v3_lof_target	carried,exact_name_in_X,inserted_reaction_product	True	True	True	True
C__succCoA__MNXM78362	C	succCoA	MNXM1104774	carrier	True	MNXM78362	Heme	v3_lof_target	normalized_name_in_X	False	False	True	True
C__succCoA__MNXM792	C	succCoA	MNXM1104774	carrier	True	MNXM792	5-aminopentanoate	v1_panel	carried	False	True	True	True
C__succCoA__MNXM799	C	succCoA	MNXM1104774	carrier	True	MNXM799	isochorismate	v3_gof_near	inserted_reaction_product	True	True	True	True
C__succCoA__MNXM8	C	succCoA	MNXM1104774	carrier	True	MNXM8	NAD(+)	v3_gof_near	inserted_reaction_product	True	True	True	True
C__succCoA__MNXM83	C	succCoA	MNXM1104774	carrier	True	MNXM83	isopentenyl diphosphate	v1_panel	carried	True	True	True	True
C__succCoA__MNXM89612	C	succCoA	MNXM1104774	carrier	True	MNXM89612	glycerol	v1_panel,v3_gof_near	carried,inserted_reaction_product	True	True	True	True
C__succCoA__MNXM89698	C	succCoA	MNXM1104774	carrier	True	MNXM89698	a 2,3,4-saturated fatty acid	v1_panel	carried	False	False	True	True
C__succCoA__MNXM89949	C	succCoA	MNXM1104774	carrier	True	MNXM89949	Cis-hexadec-9-enoyl-[acyl-carrier protein] (n-C16:1)	v1_panel	carried	True	True	True	True
C__succCoA__MNXM89950	C	succCoA	MNXM1104774	carrier	True	MNXM89950	Cis-octadec-11-enoyl-[acyl-carrier protein] (n-C18:1)	v1_panel	carried	True	True	True	True
C__succCoA__MNXM943	C	succCoA	MNXM1104774	carrier	True	MNXM943	cadaverine	v1_panel,v3_gof_target	carried,normalized_name_in_X	True	True	True	True
C__2OG__MNXM100	C	2OG	MNXM1368744	gradient	False	MNXM100	(2E)-geranyl diphosphate	v1_panel	carried	True	True	True	True
C__2OG__MNXM1021	C	2OG	MNXM1368744	gradient	False	MNXM1021	glutarate	v3_gof_target	exact_name_in_X	False	True	True	True
C__2OG__MNXM1092518	C	2OG	MNXM1368744	gradient	False	MNXM1092518	cis-aconitate	v1_panel	carried	True	True	True	True
C__2OG__MNXM1094052	C	2OG	MNXM1368744	gradient	False	MNXM1094052	propanoate	v3_gof_target	metanetx_xref	True	True	True	True
C__2OG__MNXM1101285	C	2OG	MNXM1368744	gradient	False	MNXM1101285	GMP	v1_panel	carried	True	True	True	True
C__2OG__MNXM1101868	C	2OG	MNXM1368744	gradient	False	MNXM1101868	IMP	v1_panel,v3_gof_target	carried,exact_name_in_X	True	True	True	True
C__2OG__MNXM1103616	C	2OG	MNXM1368744	gradient	False	MNXM1103616	hexanoyl-CoA	v1_panel	carried	True	True	True	True
C__2OG__MNXM1103802	C	2OG	MNXM1368744	gradient	False	MNXM1103802	acetoacetyl-CoA	v1_panel	carried	True	True	True	True
C__2OG__MNXM1103847	C	2OG	MNXM1368744	gradient	False	MNXM1103847	(2S)-2-acetolactate	v1_panel	carried	True	True	True	True
C__2OG__MNXM1103936	C	2OG	MNXM1368744	gradient	False	MNXM1103936	(6S)-5,6,7,8-tetrahydrofolate	v1_panel	carried	True	True	True	True
C__2OG__MNXM1104180	C	2OG	MNXM1368744	gradient	False	MNXM1104180	sucrose	v1_panel	carried	True	True	False	False
C__2OG__MNXM1104235	C	2OG	MNXM1368744	gradient	False	MNXM1104235	(3S)-3-hydroxy-3-methylglutaryl-CoA	v1_panel	carried	False	False	True	True
C__2OG__MNXM1104266	C	2OG	MNXM1368744	gradient	False	MNXM1104266	acetyl-CoA	v1_panel,v3_gof_near,v3_gof_target	carried,exact_name_in_X,inserted_reaction_product	True	True	True	True
C__2OG__MNXM1104300	C	2OG	MNXM1368744	gradient	False	MNXM1104300	butanoyl-CoA	v1_panel	carried	True	True	True	True
C__2OG__MNXM1104529	C	2OG	MNXM1368744	gradient	False	MNXM1104529	UDP-N-acetyl-alpha-D-glucosamine	v1_panel	carried	True	True	True	True
C__2OG__MNXM1104699	C	2OG	MNXM1368744	gradient	False	MNXM1104699	3-oxohexanoyl-CoA	v1_panel	carried	True	True	True	True
C__2OG__MNXM1104774	C	2OG	MNXM1368744	gradient	False	MNXM1104774	succinyl-CoA	v1_panel,v3_gof_target	carried,exact_name_in_X	True	True	True	True
C__2OG__MNXM1104823	C	2OG	MNXM1368744	gradient	False	MNXM1104823	UMP	v1_panel	carried	True	True	True	True
C__2OG__MNXM1105057	C	2OG	MNXM1368744	gradient	False	MNXM1105057	(R)-mevalonate	v1_panel	carried	False	False	True	True
C__2OG__MNXM1105732	C	2OG	MNXM1368744	gradient	False	MNXM1105732	L-alanine	v3_gof_target	exact_name_in_X,normalized_name_in_X	True	True	True	True
C__2OG__MNXM1105941	C	2OG	MNXM1368744	gradient	False	MNXM1105941	myo-inositol	v3_gof_target	exact_name_in_X	True	True	True	True
C__2OG__MNXM1106093	C	2OG	MNXM1368744	gradient	False	MNXM1106093	malonyl-CoA	v1_panel,v3_gof_near,v3_gof_target	carried,exact_name_in_X,inserted_reaction_product	True	True	True	True
C__2OG__MNXM1106761	C	2OG	MNXM1368744	gradient	False	MNXM1106761	L-leucine	v1_panel,v3_lof_target	carried,exact_name_in_X	True	True	True	True
C__2OG__MNXM1106823	C	2OG	MNXM1368744	gradient	False	MNXM1106823	1,2,4-butanetriol	v3_gof_target	normalized_name_in_X	False	False	True	True
C__2OG__MNXM1107139	C	2OG	MNXM1368744	gradient	False	MNXM1107139	an alditol	v3_gof_target	metanetx_xref	False	False	True	True
C__2OG__MNXM1107741	C	2OG	MNXM1368744	gradient	False	MNXM1107741	cyclic pyranopterin phosphate	v1_panel	carried	True	True	True	True
C__2OG__MNXM1107752	C	2OG	MNXM1368744	gradient	False	MNXM1107752	citrate	v1_panel	carried	True	True	True	True
C__2OG__MNXM1107769	C	2OG	MNXM1368744	gradient	False	MNXM1107769	L-histidine	v1_panel,v3_lof_target	carried,exact_name_in_X	True	True	True	True
C__2OG__MNXM1107821	C	2OG	MNXM1368744	gradient	False	MNXM1107821	L-asparagine	v1_panel	carried	True	True	True	True
C__2OG__MNXM1107898	C	2OG	MNXM1368744	gradient	False	MNXM1107898	beta-D-fructose 6-phosphate	v1_panel	carried	True	True	True	True
C__2OG__MNXM1107904	C	2OG	MNXM1368744	gradient	False	MNXM1107904	(S)-methylmalonyl-CoA	v3_gof_near	inserted_reaction_product	True	True	True	True
C__2OG__MNXM1108016	C	2OG	MNXM1368744	gradient	False	MNXM1108016	nicotinate beta-D-ribonucleotide	v3_gof_near	inserted_reaction_product	True	True	True	True
C__2OG__MNXM1108018	C	2OG	MNXM1368744	gradient	False	MNXM1108018	H2	v1_panel	carried	False	False	False	False
C__2OG__MNXM1108092	C	2OG	MNXM1368744	gradient	False	MNXM1108092	ethanol	v1_panel,v3_gof_target	carried,exact_name_in_X,normalized_name_in_X	True	True	True	True
C__2OG__MNXM1108176	C	2OG	MNXM1368744	gradient	False	MNXM1108176	D-galactose	v1_panel	carried	False	False	True	True
C__2OG__MNXM1108250	C	2OG	MNXM1368744	gradient	False	MNXM1108250	all-trans-beta-carotene	v1_panel,v3_gof_target	carried,metanetx_xref	False	False	False	False
C__2OG__MNXM1137654	C	2OG	MNXM1368744	gradient	False	MNXM1137654	(S)-acetoin	v1_panel	carried	False	False	False	False
C__2OG__MNXM1137687	C	2OG	MNXM1368744	gradient	False	MNXM1137687	3,4-dihydroxybenzoate	v1_panel	carried	False	False	False	False
C__2OG__MNXM114	C	2OG	MNXM1368744	gradient	False	MNXM114	L-proline	v1_panel,v3_lof_target	carried,exact_name_in_X	True	True	True	True
C__2OG__MNXM114436	C	2OG	MNXM1368744	gradient	False	MNXM114436	4a-hydroxy-N10-formyltetrahydrofolate	v1_panel	carried	False	False	False	False
C__2OG__MNXM114643	C	2OG	MNXM1368744	gradient	False	MNXM114643	an apo-[FeFe] hydrogenase subunit	v1_panel	carried	False	False	False	False
C__2OG__MNXM115	C	2OG	MNXM1368744	gradient	False	MNXM115	phosphatidylethanolamine	v1_panel,v3_gof_target	carried,exact_name_in_X	False	False	True	True
C__2OG__MNXM118	C	2OG	MNXM1368744	gradient	False	MNXM118	putrescine	v1_panel,v3_gof_target	carried,normalized_name_in_X	True	True	True	True
C__2OG__MNXM1255	C	2OG	MNXM1368744	gradient	False	MNXM1255	(S)-propane-1,2-diol	v3_gof_near	inserted_reaction_product	True	True	True	True
C__2OG__MNXM132	C	2OG	MNXM1368744	gradient	False	MNXM132	dimethylallyl diphosphate	v1_panel	carried	True	True	True	True
C__2OG__MNXM1326	C	2OG	MNXM1368744	gradient	False	MNXM1326	(S)-eriodictyol	v3_gof_target	metanetx_xref	False	False	True	True
C__2OG__MNXM1363773	C	2OG	MNXM1368744	gradient	False	MNXM1363773	all-trans-retinol	v3_gof_target	exact_name_in_X	False	False	True	True
C__2OG__MNXM1363833	C	2OG	MNXM1368744	gradient	False	MNXM1363833	(2E,6E)-farnesyl diphosphate	v1_panel	carried	False	False	True	True
C__2OG__MNXM1363910	C	2OG	MNXM1368744	gradient	False	MNXM1363910	alpha-D-ribofuranose 5-phosphate	v1_panel	carried	True	True	True	True
C__2OG__MNXM1363936	C	2OG	MNXM1368744	gradient	False	MNXM1363936	(2E)-butenoyl-CoA	v1_panel	carried	True	True	True	True
C__2OG__MNXM1363974	C	2OG	MNXM1368744	gradient	False	MNXM1363974	dTDP-4-dehydro-6-deoxy-alpha-D-glucose	v1_panel	carried	True	True	True	True
C__2OG__MNXM1364019	C	2OG	MNXM1368744	gradient	False	MNXM1364019	UDP-alpha-D-glucose	v3_gof_near	inserted_reaction_product	True	True	True	True
C__2OG__MNXM1364061	C	2OG	MNXM1368744	gradient	False	MNXM1364061	D-glucose	v1_panel	carried	True	True	True	True
C__2OG__MNXM1364111	C	2OG	MNXM1368744	gradient	False	MNXM1364111	D-glucose 6-phosphate	v1_panel	carried	True	True	True	True
C__2OG__MNXM1364140	C	2OG	MNXM1368744	gradient	False	MNXM1364140	(3R)-3-hydroxybutanoyl-CoA	v1_panel	carried	False	False	True	True
C__2OG__MNXM1364149	C	2OG	MNXM1368744	gradient	False	MNXM1364149	FAD	v1_panel	carried	True	True	True	True
C__2OG__MNXM1364174	C	2OG	MNXM1368744	gradient	False	MNXM1364174	N-acetyl-beta-D-glucosamine 6-phosphate	v1_panel,v3_gof_near	carried,inserted_reaction_product	True	True	True	True
C__2OG__MNXM1364229	C	2OG	MNXM1368744	gradient	False	MNXM1364229	beta-D-fructose 1,6-bisphosphate	v3_gof_near	inserted_reaction_product	True	True	True	True
C__2OG__MNXM1364266	C	2OG	MNXM1368744	gradient	False	MNXM1364266	propanoyl-CoA	v3_gof_near	inserted_reaction_product	True	True	True	True
C__2OG__MNXM1364268	C	2OG	MNXM1368744	gradient	False	MNXM1364268	L-lysine	v1_panel,v3_gof_target,v3_lof_target	carried,exact_name_in_X	True	True	True	True
C__2OG__MNXM1364476	C	2OG	MNXM1368744	gradient	False	MNXM1364476	protoporphyrin IX	v3_lof_target	exact_name_in_X	True	True	True	True
C__2OG__MNXM1364497	C	2OG	MNXM1368744	gradient	False	MNXM1364497	L-aspartate	v1_panel,v3_gof_target	carried,exact_name_in_X	True	True	True	True
C__2OG__MNXM1364686	C	2OG	MNXM1368744	gradient	False	MNXM1364686	1D-myo-inositol 3-phosphate	v1_panel,v3_gof_near	carried,inserted_reaction_product	False	False	True	True
C__2OG__MNXM1365590	C	2OG	MNXM1368744	gradient	False	MNXM1365590	molybdopterin	v3_gof_near	inserted_reaction_product	True	True	True	True
C__2OG__MNXM1368127	C	2OG	MNXM1368744	gradient	False	MNXM1368127	(3E,6E)-alpha-farnesene	v3_gof_target	metanetx_xref	False	False	False	False
C__2OG__MNXM1369302	C	2OG	MNXM1368744	gradient	False	MNXM1369302	thymine	v3_lof_target	exact_name_in_X	True	True	True	True
C__2OG__MNXM1370019	C	2OG	MNXM1368744	gradient	False	MNXM1370019	(E)-4-coumarate	v1_panel	carried	False	False	True	True
C__2OG__MNXM1370262	C	2OG	MNXM1368744	gradient	False	MNXM1370262	15-cis-phytoene	v1_panel	carried	False	False	False	False
C__2OG__MNXM1370620	C	2OG	MNXM1368744	gradient	False	MNXM1370620	N-acetyl-L-glutamate	v3_gof_near	inserted_reaction_product	True	True	True	True
C__2OG__MNXM1370996	C	2OG	MNXM1368744	gradient	False	MNXM1370996	caffeic acid	v3_gof_target	exact_name_in_X	True	True	True	True
C__2OG__MNXM1371362	C	2OG	MNXM1368744	gradient	False	MNXM1371362	(R)-lactate	v1_panel,v3_gof_near,v3_gof_target	carried,inserted_reaction_product,metanetx_xref	True	True	True	True
C__2OG__MNXM1371363	C	2OG	MNXM1368744	gradient	False	MNXM1371363	(S)-lactate	v3_gof_near	inserted_reaction_product	True	True	True	True
C__2OG__MNXM1371612	C	2OG	MNXM1368744	gradient	False	MNXM1371612	(R)-pantothenate	v1_panel	carried	True	True	True	True
C__2OG__MNXM1372044	C	2OG	MNXM1368744	gradient	False	MNXM1372044	glyceraldehyde 3-phosphate	v1_panel	carried	True	True	True	True
C__2OG__MNXM1372147	C	2OG	MNXM1368744	gradient	False	MNXM1372147	(4R)-limonene	v1_panel	carried	False	False	False	False
C__2OG__MNXM1372148	C	2OG	MNXM1368744	gradient	False	MNXM1372148	(4S)-limonene	v3_gof_target	exact_name_in_X	False	False	True	True
C__2OG__MNXM1410	C	2OG	MNXM1368744	gradient	False	MNXM1410	5-oxopentanoate	v1_panel	carried	False	True	True	True
C__2OG__MNXM142	C	2OG	MNXM1368744	gradient	False	MNXM142	L-threonine	v1_panel,v3_gof_near,v3_gof_target,v3_lof_target	carried,exact_name_in_X,inserted_reaction_product	True	True	True	True
C__2OG__MNXM144	C	2OG	MNXM1368744	gradient	False	MNXM144	beta-alanine	v3_gof_target	normalized_name_in_X	True	True	True	True
C__2OG__MNXM145	C	2OG	MNXM1368744	gradient	False	MNXM145	D-ribulose 5-phosphate	v1_panel	carried	True	True	True	True
C__2OG__MNXM161	C	2OG	MNXM1368744	gradient	False	MNXM161	pyridoxal 5'-phosphate	v1_panel	carried	True	True	True	True
C__2OG__MNXM162	C	2OG	MNXM1368744	gradient	False	MNXM162	D-threo-isocitrate	v1_panel	carried	False	False	True	True
C__2OG__MNXM162231	C	2OG	MNXM1368744	gradient	False	MNXM162231	NAD(P)H	v1_panel,v3_gof_near	carried,inserted_reaction_product	False	False	True	True
C__2OG__MNXM163519	C	2OG	MNXM1368744	gradient	False	MNXM163519	a lipid II	v1_panel	carried	False	False	True	True
C__2OG__MNXM164	C	2OG	MNXM1368744	gradient	False	MNXM164	4-hydroxybenzoate	v1_panel	carried	True	True	True	True
C__2OG__MNXM1653	C	2OG	MNXM1368744	gradient	False	MNXM1653	hexanoate	v3_gof_target	exact_name_in_X	True	True	True	True
C__2OG__MNXM169454	C	2OG	MNXM1368744	gradient	False	MNXM169454	D-xylose	v1_panel	carried	True	True	True	True
C__2OG__MNXM1734	C	2OG	MNXM1368744	gradient	False	MNXM1734	D-galactonate	v3_gof_target	exact_name_in_X	True	True	True	True
C__2OG__MNXM1737	C	2OG	MNXM1368744	gradient	False	MNXM1737	D-xylono-1,5-lactone	v3_gof_near	inserted_reaction_product	False	False	False	False
C__2OG__MNXM1747	C	2OG	MNXM1368744	gradient	False	MNXM1747	itaconate	v3_gof_target	exact_name_in_X	False	False	True	True
C__2OG__MNXM1812	C	2OG	MNXM1368744	gradient	False	MNXM1812	penicillin G	v3_gof_target	exact_name_in_X	False	False	False	False
C__2OG__MNXM18358	C	2OG	MNXM1368744	gradient	False	MNXM18358	hexan-1-ol	v1_panel	carried	False	False	True	True
C__2OG__MNXM199	C	2OG	MNXM1368744	gradient	False	MNXM199	L-valine	v3_gof_target,v3_lof_target	exact_name_in_X	True	True	True	True
C__2OG__MNXM2022	C	2OG	MNXM1368744	gradient	False	MNXM2022	beta-myrcene	v1_panel	carried	False	False	False	False
C__2OG__MNXM2090	C	2OG	MNXM1368744	gradient	False	MNXM2090	5-aminopentanamide	v1_panel	carried	False	False	False	False
C__2OG__MNXM2105	C	2OG	MNXM1368744	gradient	False	MNXM2105	butanoyl phosphate	v1_panel	carried	False	False	True	True
C__2OG__MNXM2138	C	2OG	MNXM1368744	gradient	False	MNXM2138	N-acetyl-beta-D-glucosamine	v3_gof_target	metanetx_xref	False	False	True	True
C__2OG__MNXM222	C	2OG	MNXM1368744	gradient	False	MNXM222	glycolate	v3_gof_near	inserted_reaction_product	True	True	True	True
C__2OG__MNXM23	C	2OG	MNXM1368744	gradient	False	MNXM23	pyruvate	v1_panel,v3_gof_near,v3_gof_target	carried,exact_name_in_X,inserted_reaction_product	True	True	True	True
C__2OG__MNXM2334	C	2OG	MNXM1368744	gradient	False	MNXM2334	4-hydroxybutanoyl-CoA	v1_panel	carried	False	False	False	False
C__2OG__MNXM2476	C	2OG	MNXM1368744	gradient	False	MNXM2476	2-phenylethanol	v3_gof_target	exact_name_in_X	False	False	True	True
C__2OG__MNXM25	C	2OG	MNXM1368744	gradient	False	MNXM25	succinate	v1_panel,v3_gof_target,v3_lof_target	carried,exact_name_in_X,normalized_name_in_X	True	True	True	True
C__2OG__MNXM256	C	2OG	MNXM1368744	gradient	False	MNXM256	thiamine diphosphate	v1_panel	carried	True	True	True	True
C__2OG__MNXM257	C	2OG	MNXM1368744	gradient	False	MNXM257	dTMP	v1_panel	carried	True	True	True	True
C__2OG__MNXM258	C	2OG	MNXM1368744	gradient	False	MNXM258	D-erythrose 4-phosphate	v1_panel,v3_gof_near	carried,inserted_reaction_product	True	True	True	True
C__2OG__MNXM26	C	2OG	MNXM1368744	gradient	False	MNXM26	acetate	v1_panel,v3_gof_near,v3_gof_target	carried,exact_name_in_X,inserted_reaction_product	True	True	True	True
C__2OG__MNXM270	C	2OG	MNXM1368744	gradient	False	MNXM270	riboflavin	v1_panel,v3_gof_target,v3_lof_target	carried,exact_name_in_X	True	True	True	True
C__2OG__MNXM279	C	2OG	MNXM1368744	gradient	False	MNXM279	L-dopa	v3_gof_target	normalized_name_in_X	False	False	True	True
C__2OG__MNXM280	C	2OG	MNXM1368744	gradient	False	MNXM280	acetyl phosphate	v3_gof_near	inserted_reaction_product	True	True	True	True
C__2OG__MNXM2861	C	2OG	MNXM1368744	gradient	False	MNXM2861	propane-1,3-diol	v3_gof_target	metanetx_xref	True	False	False	False
C__2OG__MNXM29	C	2OG	MNXM1368744	gradient	False	MNXM29	glycine	v1_panel	carried	True	True	True	True
C__2OG__MNXM304	C	2OG	MNXM1368744	gradient	False	MNXM304	biotin	v1_panel,v3_lof_target	carried,exact_name_in_X	True	True	True	True
C__2OG__MNXM3085	C	2OG	MNXM1368744	gradient	False	MNXM3085	propan-2-ol	v3_gof_near	inserted_reaction_product	False	False	True	True
C__2OG__MNXM315	C	2OG	MNXM1368744	gradient	False	MNXM315	indole-3-pyruvate	v1_panel,v3_gof_near	carried,inserted_reaction_product	False	True	True	True
C__2OG__MNXM320	C	2OG	MNXM1368744	gradient	False	MNXM320	phenol	v3_gof_target	exact_name_in_X	False	False	True	True
C__2OG__MNXM3230	C	2OG	MNXM1368744	gradient	False	MNXM3230	butan-1-ol	v3_gof_near,v3_gof_target	inserted_reaction_product,metanetx_xref	False	False	True	True
C__2OG__MNXM3288	C	2OG	MNXM1368744	gradient	False	MNXM3288	isoprene	v3_gof_target	normalized_name_in_X	False	False	False	False
C__2OG__MNXM337	C	2OG	MNXM1368744	gradient	False	MNXM337	chorismate	v1_panel	carried	True	True	True	True
C__2OG__MNXM361	C	2OG	MNXM1368744	gradient	False	MNXM361	L-aspartate 4-semialdehyde	v3_gof_near	inserted_reaction_product	True	True	True	True
C__2OG__MNXM37	C	2OG	MNXM1368744	gradient	False	MNXM37	L-glutamine	v1_panel,v3_gof_target,v3_lof_target	carried,exact_name_in_X	True	True	True	True
C__2OG__MNXM39	C	2OG	MNXM1368744	gradient	False	MNXM39	formate	v1_panel,v3_gof_near	carried,inserted_reaction_product	True	True	True	True
C__2OG__MNXM398	C	2OG	MNXM1368744	gradient	False	MNXM398	acetone	v3_gof_target	exact_name_in_X	False	False	True	True
C__2OG__MNXM404	C	2OG	MNXM1368744	gradient	False	MNXM404	4-methyl-2-oxopentanoate	v1_panel	carried	True	True	True	True
C__2OG__MNXM405	C	2OG	MNXM1368744	gradient	False	MNXM405	5-aminolevulinate	v1_panel	carried	True	True	True	True
C__2OG__MNXM419	C	2OG	MNXM1368744	gradient	False	MNXM419	pyridoxine	v3_lof_target	exact_name_in_X	True	True	True	True
C__2OG__MNXM420	C	2OG	MNXM1368744	gradient	False	MNXM420	thymidine	v3_lof_target	exact_name_in_X	True	True	True	True
C__2OG__MNXM421	C	2OG	MNXM1368744	gradient	False	MNXM421	4-aminobenzoate	v1_panel,v3_gof_target	carried,exact_name_in_X	True	True	True	True
C__2OG__MNXM458	C	2OG	MNXM1368744	gradient	False	MNXM458	butanoate	v1_panel,v3_gof_target	carried,metanetx_xref	True	True	True	True
C__2OG__MNXM46	C	2OG	MNXM1368744	gradient	False	MNXM46	oxaloacetate	v1_panel,v3_gof_near	carried,inserted_reaction_product	True	True	True	True
C__2OG__MNXM460	C	2OG	MNXM1368744	gradient	False	MNXM460	dihydroxyacetone	v3_gof_target	exact_name_in_X	True	True	True	True
C__2OG__MNXM4964	C	2OG	MNXM1368744	gradient	False	MNXM4964	4-tyrosol	v1_panel	carried	False	False	True	True
C__2OG__MNXM5	C	2OG	MNXM1368744	gradient	False	MNXM5	NADP(+)	v3_gof_near	inserted_reaction_product	True	True	True	True
C__2OG__MNXM5188	C	2OG	MNXM1368744	gradient	False	MNXM5188	isobutanol	v3_gof_target	exact_name_in_X	False	False	True	True
C__2OG__MNXM529	C	2OG	MNXM1368744	gradient	False	MNXM529	meso-2,6-diaminopimelate	v1_panel	carried	True	True	True	True
C__2OG__MNXM554	C	2OG	MNXM1368744	gradient	False	MNXM554	porphobilinogen	v1_panel	carried	True	True	True	True
C__2OG__MNXM555	C	2OG	MNXM1368744	gradient	False	MNXM555	quinolinate	v1_panel	carried	True	True	True	True
C__2OG__MNXM573	C	2OG	MNXM1368744	gradient	False	MNXM573	(E)-ferulate	v3_gof_target	metanetx_xref	False	False	False	False
C__2OG__MNXM5901	C	2OG	MNXM1368744	gradient	False	MNXM5901	pinocembrin chalcone	v1_panel	carried	False	False	False	False
C__2OG__MNXM593	C	2OG	MNXM1368744	gradient	False	MNXM593	(R)-pantoate	v1_panel	carried	True	True	True	True
C__2OG__MNXM59345	C	2OG	MNXM1368744	gradient	False	MNXM59345	D-cycloserine	v3_gof_target	exact_name_in_X	False	False	False	False
C__2OG__MNXM602	C	2OG	MNXM1368744	gradient	False	MNXM602	shikimate	v3_gof_near,v3_gof_target	exact_name_in_X,inserted_reaction_product,normalized_name_in_X	True	True	True	True
C__2OG__MNXM603	C	2OG	MNXM1368744	gradient	False	MNXM603	tyramine	v1_panel	carried	False	True	True	True
C__2OG__MNXM6097	C	2OG	MNXM1368744	gradient	False	MNXM6097	3-oxopropane-1-sulfonate	v1_panel	carried	False	False	False	False
C__2OG__MNXM617	C	2OG	MNXM1368744	gradient	False	MNXM617	folate	v3_lof_target	exact_name_in_X	False	False	True	True
C__2OG__MNXM622	C	2OG	MNXM1368744	gradient	False	MNXM622	1-deoxy-D-xylulose 5-phosphate	v1_panel	carried	True	True	True	True
C__2OG__MNXM6396	C	2OG	MNXM1368744	gradient	False	MNXM6396	1-propanol	v3_gof_target	exact_name_in_X	False	False	True	True
C__2OG__MNXM645	C	2OG	MNXM1368744	gradient	False	MNXM645	3,4-dihydroxyphenylacetate	v1_panel	carried	False	True	True	True
C__2OG__MNXM66	C	2OG	MNXM1368744	gradient	False	MNXM66	sn-glycerol 3-phosphate	v1_panel	carried	True	True	True	True
C__2OG__MNXM664	C	2OG	MNXM1368744	gradient	False	MNXM664	(R)-acetoin	v1_panel,v3_gof_near,v3_gof_target	carried,exact_name_in_X,inserted_reaction_product	False	False	True	True
C__2OG__MNXM704	C	2OG	MNXM1368744	gradient	False	MNXM704	2'-deoxycytidine	v3_gof_target	metanetx_xref	True	True	True	True
C__2OG__MNXM725992	C	2OG	MNXM1368744	gradient	False	MNXM725992	Phosphatidylglycerol	v1_panel	carried	False	False	True	True
C__2OG__MNXM727604	C	2OG	MNXM1368744	gradient	False	MNXM727604	(2R)-3-phosphoglycerate	v1_panel	carried	True	True	True	True
C__2OG__MNXM728266	C	2OG	MNXM1368744	gradient	False	MNXM728266	(2E,6E,10E)-geranylgeranyl diphosphate	v1_panel	carried	False	False	True	True
C__2OG__MNXM728294	C	2OG	MNXM1368744	gradient	False	MNXM728294	AMP	v1_panel	carried	True	True	True	True
C__2OG__MNXM728337	C	2OG	MNXM1368744	gradient	False	MNXM728337	L-isoleucine	v1_panel,v3_lof_target	carried,exact_name_in_X	True	True	True	True
C__2OG__MNXM728536	C	2OG	MNXM1368744	gradient	False	MNXM728536	palmitoyl-[acyl-carrier protein]	v1_panel	carried	True	True	True	True
C__2OG__MNXM728578	C	2OG	MNXM1368744	gradient	False	MNXM728578	Fatty-Acids	v3_gof_target	normalized_name_in_X	False	False	True	True
C__2OG__MNXM728682	C	2OG	MNXM1368744	gradient	False	MNXM728682	beta-D-glucuronate	v1_panel	carried	False	False	True	True
C__2OG__MNXM729216	C	2OG	MNXM1368744	gradient	False	MNXM729216	N-acetylmuramate 6-phosphate	v3_gof_near	inserted_reaction_product	True	True	True	True
C__2OG__MNXM729799	C	2OG	MNXM1368744	gradient	False	MNXM729799	methanol	v3_gof_near	inserted_reaction_product	False	False	True	True
C__2OG__MNXM73	C	2OG	MNXM1368744	gradient	False	MNXM73	phosphoenolpyruvate	v1_panel	carried	True	True	True	True
C__2OG__MNXM730135	C	2OG	MNXM1368744	gradient	False	MNXM730135	thiamine	v3_lof_target	exact_name_in_X	True	True	True	True
C__2OG__MNXM730546	C	2OG	MNXM1368744	gradient	False	MNXM730546	5-hydroxy-L-tryptophan	v1_panel	carried	False	False	False	False
C__2OG__MNXM731537	C	2OG	MNXM1368744	gradient	False	MNXM731537	(4S)-perillyl alcohol	v3_gof_target	metanetx_xref	False	False	True	True
C__2OG__MNXM731760	C	2OG	MNXM1368744	gradient	False	MNXM731760	lipid IVA (E. coli)	v1_panel	carried	True	True	True	True
C__2OG__MNXM731939	C	2OG	MNXM1368744	gradient	False	MNXM731939	a malonyl-[acp]	v1_panel	carried	False	False	True	True
C__2OG__MNXM732166	C	2OG	MNXM1368744	gradient	False	MNXM732166	UDP-N-acetyl-alpha-D-muramoyl-L-alanyl-gamma-D-glutamyl-meso-2,6-diaminopimeloyl-D-alanyl-D-alanine	v1_panel	carried	True	True	True	True
C__2OG__MNXM732273	C	2OG	MNXM1368744	gradient	False	MNXM732273	a ubiquinol	v1_panel	carried	False	False	True	True
C__2OG__MNXM732487	C	2OG	MNXM1368744	gradient	False	MNXM732487	hypoxanthine	v3_lof_target	normalized_name_in_X	True	True	True	True
C__2OG__MNXM733114	C	2OG	MNXM1368744	gradient	False	MNXM733114	guanine	v3_lof_target	exact_name_in_X	True	True	True	True
C__2OG__MNXM733515	C	2OG	MNXM1368744	gradient	False	MNXM733515	1,4-alpha-D-glucan	v3_gof_near	inserted_reaction_product	True	True	False	False
C__2OG__MNXM733758	C	2OG	MNXM1368744	gradient	False	MNXM733758	lactate	v3_gof_target	metanetx_xref	False	False	True	True
C__2OG__MNXM733934	C	2OG	MNXM1368744	gradient	False	MNXM733934	(R)-5-diphosphomevalonate	v1_panel	carried	False	False	False	False
C__2OG__MNXM734041	C	2OG	MNXM1368744	gradient	False	MNXM734041	dipalmitoyl phosphatidylglycerol	v1_panel	carried	True	True	True	True
C__2OG__MNXM734573	C	2OG	MNXM1368744	gradient	False	MNXM734573	aldehydo-D-xylose	v3_gof_near	inserted_reaction_product	False	False	True	True
C__2OG__MNXM734859	C	2OG	MNXM1368744	gradient	False	MNXM734859	aldehydo-L-arabinose	v3_gof_near	inserted_reaction_product	True	True	True	True
C__2OG__MNXM735208	C	2OG	MNXM1368744	gradient	False	MNXM735208	4-hydroxyphenylacetate	v3_gof_target	metanetx_xref	False	True	True	True
C__2OG__MNXM737068	C	2OG	MNXM1368744	gradient	False	MNXM737068	xylitol	v3_gof_target	exact_name_in_X	False	False	True	True
C__2OG__MNXM737265	C	2OG	MNXM1368744	gradient	False	MNXM737265	2-phenylacetate	v3_gof_target	metanetx_xref	True	True	True	True
C__2OG__MNXM737751	C	2OG	MNXM1368744	gradient	False	MNXM737751	prenol	v3_gof_target	exact_name_in_X	False	False	True	True
C__2OG__MNXM737787	C	2OG	MNXM1368744	gradient	False	MNXM737787	L-serine	v1_panel,v3_gof_target,v3_lof_target	carried,exact_name_in_X,normalized_name_in_X	True	True	True	True
C__2OG__MNXM738068	C	2OG	MNXM1368744	gradient	False	MNXM738068	L-cysteine	v1_panel,v3_gof_near,v3_lof_target	carried,exact_name_in_X,inserted_reaction_product	True	True	True	True
C__2OG__MNXM738152	C	2OG	MNXM1368744	gradient	False	MNXM738152	(2S)-naringenin	v1_panel,v3_gof_target	carried,exact_name_in_X	False	False	True	True
C__2OG__MNXM738153	C	2OG	MNXM1368744	gradient	False	MNXM738153	naringenin	v3_gof_target	normalized_name_in_X	False	False	True	True
C__2OG__MNXM738283	C	2OG	MNXM1368744	gradient	False	MNXM738283	(R)-5-phosphomevalonate	v1_panel	carried	False	False	True	False
C__2OG__MNXM738702	C	2OG	MNXM1368744	gradient	False	MNXM738702	NADPH	v3_gof_target	exact_name_in_X	True	True	True	True
C__2OG__MNXM738804	C	2OG	MNXM1368744	gradient	False	MNXM738804	L-methionine	v1_panel,v3_gof_target,v3_lof_target	carried,exact_name_in_X,normalized_name_in_X	True	True	True	True
C__2OG__MNXM738940	C	2OG	MNXM1368744	gradient	False	MNXM738940	(+)-copalyl diphosphate	v1_panel	carried	False	False	False	False
C__2OG__MNXM739527	C	2OG	MNXM1368744	gradient	False	MNXM739527	L-arginine	v1_panel,v3_gof_target,v3_lof_target	carried,exact_name_in_X,normalized_name_in_X	True	True	True	True
C__2OG__MNXM739592	C	2OG	MNXM1368744	gradient	False	MNXM739592	Phosphatidylethanolamine (dihexadec-9enoyl, n-C16:1)	v1_panel	carried	True	True	True	True
C__2OG__MNXM739991	C	2OG	MNXM1368744	gradient	False	MNXM739991	Phosphatidylglycerol (dihexadec-9-enoyl, n-C16:1)	v1_panel	carried	True	True	True	True
C__2OG__MNXM740315	C	2OG	MNXM1368744	gradient	False	MNXM740315	(2E)-geraniol	v3_gof_target	metanetx_xref	False	False	True	True
C__2OG__MNXM741173	C	2OG	MNXM1368744	gradient	False	MNXM741173	L-glutamate	v1_panel,v3_gof_near	carried,inserted_reaction_product	True	True	True	True
C__2OG__MNXM741276	C	2OG	MNXM1368744	gradient	False	MNXM741276	2-methylcitrate	v3_gof_near	inserted_reaction_product	True	False	True	False
C__2OG__MNXM741553	C	2OG	MNXM1368744	gradient	False	MNXM741553	L-tryptophan	v1_panel,v3_lof_target	carried,exact_name_in_X	True	True	True	True
C__2OG__MNXM741595	C	2OG	MNXM1368744	gradient	False	MNXM741595	S-formylglutathione	v3_gof_near	inserted_reaction_product	True	True	True	True
C__2OG__MNXM741664	C	2OG	MNXM1368744	gradient	False	MNXM741664	L-phenylalanine	v1_panel,v3_gof_target,v3_lof_target	carried,exact_name_in_X	True	True	True	True
C__2OG__MNXM75	C	2OG	MNXM1368744	gradient	False	MNXM75	acetaldehyde	v1_panel,v3_gof_near	carried,inserted_reaction_product	True	True	True	True
C__2OG__MNXM76	C	2OG	MNXM1368744	gradient	False	MNXM76	L-tyrosine	v1_panel,v3_gof_near,v3_gof_target,v3_lof_target	carried,exact_name_in_X,inserted_reaction_product	True	True	True	True
C__2OG__MNXM78362	C	2OG	MNXM1368744	gradient	False	MNXM78362	Heme	v3_lof_target	normalized_name_in_X	False	False	True	True
C__2OG__MNXM792	C	2OG	MNXM1368744	gradient	False	MNXM792	5-aminopentanoate	v1_panel	carried	False	True	True	True
C__2OG__MNXM799	C	2OG	MNXM1368744	gradient	False	MNXM799	isochorismate	v3_gof_near	inserted_reaction_product	True	True	True	True
C__2OG__MNXM8	C	2OG	MNXM1368744	gradient	False	MNXM8	NAD(+)	v3_gof_near	inserted_reaction_product	True	True	True	True
C__2OG__MNXM83	C	2OG	MNXM1368744	gradient	False	MNXM83	isopentenyl diphosphate	v1_panel	carried	True	True	True	True
C__2OG__MNXM89612	C	2OG	MNXM1368744	gradient	False	MNXM89612	glycerol	v1_panel,v3_gof_near	carried,inserted_reaction_product	True	True	True	True
C__2OG__MNXM89698	C	2OG	MNXM1368744	gradient	False	MNXM89698	a 2,3,4-saturated fatty acid	v1_panel	carried	False	False	True	True
C__2OG__MNXM89949	C	2OG	MNXM1368744	gradient	False	MNXM89949	Cis-hexadec-9-enoyl-[acyl-carrier protein] (n-C16:1)	v1_panel	carried	True	True	True	True
C__2OG__MNXM89950	C	2OG	MNXM1368744	gradient	False	MNXM89950	Cis-octadec-11-enoyl-[acyl-carrier protein] (n-C18:1)	v1_panel	carried	True	True	True	True
C__2OG__MNXM943	C	2OG	MNXM1368744	gradient	False	MNXM943	cadaverine	v1_panel,v3_gof_target	carried,normalized_name_in_X	True	True	True	True
C__PEP__MNXM100	C	PEP	MNXM73	gradient	False	MNXM100	(2E)-geranyl diphosphate	v1_panel	carried	True	True	True	True
C__PEP__MNXM1021	C	PEP	MNXM73	gradient	False	MNXM1021	glutarate	v3_gof_target	exact_name_in_X	False	True	True	True
C__PEP__MNXM1092518	C	PEP	MNXM73	gradient	False	MNXM1092518	cis-aconitate	v1_panel	carried	True	True	True	True
C__PEP__MNXM1094052	C	PEP	MNXM73	gradient	False	MNXM1094052	propanoate	v3_gof_target	metanetx_xref	True	True	True	True
C__PEP__MNXM1101285	C	PEP	MNXM73	gradient	False	MNXM1101285	GMP	v1_panel	carried	True	True	True	True
C__PEP__MNXM1101868	C	PEP	MNXM73	gradient	False	MNXM1101868	IMP	v1_panel,v3_gof_target	carried,exact_name_in_X	True	True	True	True
C__PEP__MNXM1103616	C	PEP	MNXM73	gradient	False	MNXM1103616	hexanoyl-CoA	v1_panel	carried	True	True	True	True
C__PEP__MNXM1103802	C	PEP	MNXM73	gradient	False	MNXM1103802	acetoacetyl-CoA	v1_panel	carried	True	True	True	True
C__PEP__MNXM1103847	C	PEP	MNXM73	gradient	False	MNXM1103847	(2S)-2-acetolactate	v1_panel	carried	True	True	True	True
C__PEP__MNXM1103936	C	PEP	MNXM73	gradient	False	MNXM1103936	(6S)-5,6,7,8-tetrahydrofolate	v1_panel	carried	True	True	True	True
C__PEP__MNXM1104180	C	PEP	MNXM73	gradient	False	MNXM1104180	sucrose	v1_panel	carried	True	True	False	False
C__PEP__MNXM1104235	C	PEP	MNXM73	gradient	False	MNXM1104235	(3S)-3-hydroxy-3-methylglutaryl-CoA	v1_panel	carried	False	False	True	True
C__PEP__MNXM1104266	C	PEP	MNXM73	gradient	False	MNXM1104266	acetyl-CoA	v1_panel,v3_gof_near,v3_gof_target	carried,exact_name_in_X,inserted_reaction_product	True	True	True	True
C__PEP__MNXM1104300	C	PEP	MNXM73	gradient	False	MNXM1104300	butanoyl-CoA	v1_panel	carried	True	True	True	True
C__PEP__MNXM1104529	C	PEP	MNXM73	gradient	False	MNXM1104529	UDP-N-acetyl-alpha-D-glucosamine	v1_panel	carried	True	True	True	True
C__PEP__MNXM1104699	C	PEP	MNXM73	gradient	False	MNXM1104699	3-oxohexanoyl-CoA	v1_panel	carried	True	True	True	True
C__PEP__MNXM1104774	C	PEP	MNXM73	gradient	False	MNXM1104774	succinyl-CoA	v1_panel,v3_gof_target	carried,exact_name_in_X	True	True	True	True
C__PEP__MNXM1104823	C	PEP	MNXM73	gradient	False	MNXM1104823	UMP	v1_panel	carried	True	True	True	True
C__PEP__MNXM1105057	C	PEP	MNXM73	gradient	False	MNXM1105057	(R)-mevalonate	v1_panel	carried	False	False	True	True
C__PEP__MNXM1105732	C	PEP	MNXM73	gradient	False	MNXM1105732	L-alanine	v3_gof_target	exact_name_in_X,normalized_name_in_X	True	True	True	True
C__PEP__MNXM1105941	C	PEP	MNXM73	gradient	False	MNXM1105941	myo-inositol	v3_gof_target	exact_name_in_X	True	True	True	True
C__PEP__MNXM1106093	C	PEP	MNXM73	gradient	False	MNXM1106093	malonyl-CoA	v1_panel,v3_gof_near,v3_gof_target	carried,exact_name_in_X,inserted_reaction_product	True	True	True	True
C__PEP__MNXM1106761	C	PEP	MNXM73	gradient	False	MNXM1106761	L-leucine	v1_panel,v3_lof_target	carried,exact_name_in_X	True	True	True	True
C__PEP__MNXM1106823	C	PEP	MNXM73	gradient	False	MNXM1106823	1,2,4-butanetriol	v3_gof_target	normalized_name_in_X	False	False	True	True
C__PEP__MNXM1107139	C	PEP	MNXM73	gradient	False	MNXM1107139	an alditol	v3_gof_target	metanetx_xref	False	False	True	True
C__PEP__MNXM1107741	C	PEP	MNXM73	gradient	False	MNXM1107741	cyclic pyranopterin phosphate	v1_panel	carried	True	True	True	True
C__PEP__MNXM1107752	C	PEP	MNXM73	gradient	False	MNXM1107752	citrate	v1_panel	carried	True	True	True	True
C__PEP__MNXM1107769	C	PEP	MNXM73	gradient	False	MNXM1107769	L-histidine	v1_panel,v3_lof_target	carried,exact_name_in_X	True	True	True	True
C__PEP__MNXM1107821	C	PEP	MNXM73	gradient	False	MNXM1107821	L-asparagine	v1_panel	carried	True	True	True	True
C__PEP__MNXM1107898	C	PEP	MNXM73	gradient	False	MNXM1107898	beta-D-fructose 6-phosphate	v1_panel	carried	True	True	True	True
C__PEP__MNXM1107904	C	PEP	MNXM73	gradient	False	MNXM1107904	(S)-methylmalonyl-CoA	v3_gof_near	inserted_reaction_product	True	True	True	True
C__PEP__MNXM1108016	C	PEP	MNXM73	gradient	False	MNXM1108016	nicotinate beta-D-ribonucleotide	v3_gof_near	inserted_reaction_product	True	True	True	True
C__PEP__MNXM1108018	C	PEP	MNXM73	gradient	False	MNXM1108018	H2	v1_panel	carried	False	False	False	False
C__PEP__MNXM1108092	C	PEP	MNXM73	gradient	False	MNXM1108092	ethanol	v1_panel,v3_gof_target	carried,exact_name_in_X,normalized_name_in_X	True	True	True	True
C__PEP__MNXM1108176	C	PEP	MNXM73	gradient	False	MNXM1108176	D-galactose	v1_panel	carried	False	False	True	True
C__PEP__MNXM1108250	C	PEP	MNXM73	gradient	False	MNXM1108250	all-trans-beta-carotene	v1_panel,v3_gof_target	carried,metanetx_xref	False	False	False	False
C__PEP__MNXM1137654	C	PEP	MNXM73	gradient	False	MNXM1137654	(S)-acetoin	v1_panel	carried	False	False	False	False
C__PEP__MNXM1137687	C	PEP	MNXM73	gradient	False	MNXM1137687	3,4-dihydroxybenzoate	v1_panel	carried	False	False	False	False
C__PEP__MNXM114	C	PEP	MNXM73	gradient	False	MNXM114	L-proline	v1_panel,v3_lof_target	carried,exact_name_in_X	True	True	True	True
C__PEP__MNXM114436	C	PEP	MNXM73	gradient	False	MNXM114436	4a-hydroxy-N10-formyltetrahydrofolate	v1_panel	carried	False	False	False	False
C__PEP__MNXM114643	C	PEP	MNXM73	gradient	False	MNXM114643	an apo-[FeFe] hydrogenase subunit	v1_panel	carried	False	False	False	False
C__PEP__MNXM115	C	PEP	MNXM73	gradient	False	MNXM115	phosphatidylethanolamine	v1_panel,v3_gof_target	carried,exact_name_in_X	False	False	True	True
C__PEP__MNXM118	C	PEP	MNXM73	gradient	False	MNXM118	putrescine	v1_panel,v3_gof_target	carried,normalized_name_in_X	True	True	True	True
C__PEP__MNXM1255	C	PEP	MNXM73	gradient	False	MNXM1255	(S)-propane-1,2-diol	v3_gof_near	inserted_reaction_product	True	True	True	True
C__PEP__MNXM132	C	PEP	MNXM73	gradient	False	MNXM132	dimethylallyl diphosphate	v1_panel	carried	True	True	True	True
C__PEP__MNXM1326	C	PEP	MNXM73	gradient	False	MNXM1326	(S)-eriodictyol	v3_gof_target	metanetx_xref	False	False	True	True
C__PEP__MNXM1363773	C	PEP	MNXM73	gradient	False	MNXM1363773	all-trans-retinol	v3_gof_target	exact_name_in_X	False	False	True	True
C__PEP__MNXM1363833	C	PEP	MNXM73	gradient	False	MNXM1363833	(2E,6E)-farnesyl diphosphate	v1_panel	carried	False	False	True	True
C__PEP__MNXM1363910	C	PEP	MNXM73	gradient	False	MNXM1363910	alpha-D-ribofuranose 5-phosphate	v1_panel	carried	True	True	True	True
C__PEP__MNXM1363936	C	PEP	MNXM73	gradient	False	MNXM1363936	(2E)-butenoyl-CoA	v1_panel	carried	True	True	True	True
C__PEP__MNXM1363974	C	PEP	MNXM73	gradient	False	MNXM1363974	dTDP-4-dehydro-6-deoxy-alpha-D-glucose	v1_panel	carried	True	True	True	True
C__PEP__MNXM1364019	C	PEP	MNXM73	gradient	False	MNXM1364019	UDP-alpha-D-glucose	v3_gof_near	inserted_reaction_product	True	True	True	True
C__PEP__MNXM1364061	C	PEP	MNXM73	gradient	False	MNXM1364061	D-glucose	v1_panel	carried	True	True	True	True
C__PEP__MNXM1364111	C	PEP	MNXM73	gradient	False	MNXM1364111	D-glucose 6-phosphate	v1_panel	carried	True	True	True	True
C__PEP__MNXM1364140	C	PEP	MNXM73	gradient	False	MNXM1364140	(3R)-3-hydroxybutanoyl-CoA	v1_panel	carried	False	False	True	True
C__PEP__MNXM1364149	C	PEP	MNXM73	gradient	False	MNXM1364149	FAD	v1_panel	carried	True	True	True	True
C__PEP__MNXM1364174	C	PEP	MNXM73	gradient	False	MNXM1364174	N-acetyl-beta-D-glucosamine 6-phosphate	v1_panel,v3_gof_near	carried,inserted_reaction_product	True	True	True	True
C__PEP__MNXM1364229	C	PEP	MNXM73	gradient	False	MNXM1364229	beta-D-fructose 1,6-bisphosphate	v3_gof_near	inserted_reaction_product	True	True	True	True
C__PEP__MNXM1364266	C	PEP	MNXM73	gradient	False	MNXM1364266	propanoyl-CoA	v3_gof_near	inserted_reaction_product	True	True	True	True
C__PEP__MNXM1364268	C	PEP	MNXM73	gradient	False	MNXM1364268	L-lysine	v1_panel,v3_gof_target,v3_lof_target	carried,exact_name_in_X	True	True	True	True
C__PEP__MNXM1364476	C	PEP	MNXM73	gradient	False	MNXM1364476	protoporphyrin IX	v3_lof_target	exact_name_in_X	True	True	True	True
C__PEP__MNXM1364497	C	PEP	MNXM73	gradient	False	MNXM1364497	L-aspartate	v1_panel,v3_gof_target	carried,exact_name_in_X	True	True	True	True
C__PEP__MNXM1364686	C	PEP	MNXM73	gradient	False	MNXM1364686	1D-myo-inositol 3-phosphate	v1_panel,v3_gof_near	carried,inserted_reaction_product	False	False	True	True
C__PEP__MNXM1365590	C	PEP	MNXM73	gradient	False	MNXM1365590	molybdopterin	v3_gof_near	inserted_reaction_product	True	True	True	True
C__PEP__MNXM1368127	C	PEP	MNXM73	gradient	False	MNXM1368127	(3E,6E)-alpha-farnesene	v3_gof_target	metanetx_xref	False	False	False	False
C__PEP__MNXM1368744	C	PEP	MNXM73	gradient	False	MNXM1368744	2-oxoglutarate	v1_panel,v3_gof_near,v3_gof_target	carried,exact_name_in_X,inserted_reaction_product	True	True	True	True
C__PEP__MNXM1369302	C	PEP	MNXM73	gradient	False	MNXM1369302	thymine	v3_lof_target	exact_name_in_X	True	True	True	True
C__PEP__MNXM1370019	C	PEP	MNXM73	gradient	False	MNXM1370019	(E)-4-coumarate	v1_panel	carried	False	False	True	True
C__PEP__MNXM1370262	C	PEP	MNXM73	gradient	False	MNXM1370262	15-cis-phytoene	v1_panel	carried	False	False	False	False
C__PEP__MNXM1370620	C	PEP	MNXM73	gradient	False	MNXM1370620	N-acetyl-L-glutamate	v3_gof_near	inserted_reaction_product	True	True	True	True
C__PEP__MNXM1370996	C	PEP	MNXM73	gradient	False	MNXM1370996	caffeic acid	v3_gof_target	exact_name_in_X	True	True	True	True
C__PEP__MNXM1371362	C	PEP	MNXM73	gradient	False	MNXM1371362	(R)-lactate	v1_panel,v3_gof_near,v3_gof_target	carried,inserted_reaction_product,metanetx_xref	True	True	True	True
C__PEP__MNXM1371363	C	PEP	MNXM73	gradient	False	MNXM1371363	(S)-lactate	v3_gof_near	inserted_reaction_product	True	True	True	True
C__PEP__MNXM1371612	C	PEP	MNXM73	gradient	False	MNXM1371612	(R)-pantothenate	v1_panel	carried	True	True	True	True
C__PEP__MNXM1372044	C	PEP	MNXM73	gradient	False	MNXM1372044	glyceraldehyde 3-phosphate	v1_panel	carried	True	True	True	True
C__PEP__MNXM1372147	C	PEP	MNXM73	gradient	False	MNXM1372147	(4R)-limonene	v1_panel	carried	False	False	False	False
C__PEP__MNXM1372148	C	PEP	MNXM73	gradient	False	MNXM1372148	(4S)-limonene	v3_gof_target	exact_name_in_X	False	False	True	True
C__PEP__MNXM1410	C	PEP	MNXM73	gradient	False	MNXM1410	5-oxopentanoate	v1_panel	carried	False	True	True	True
C__PEP__MNXM142	C	PEP	MNXM73	gradient	False	MNXM142	L-threonine	v1_panel,v3_gof_near,v3_gof_target,v3_lof_target	carried,exact_name_in_X,inserted_reaction_product	True	True	True	True
C__PEP__MNXM144	C	PEP	MNXM73	gradient	False	MNXM144	beta-alanine	v3_gof_target	normalized_name_in_X	True	True	True	True
C__PEP__MNXM145	C	PEP	MNXM73	gradient	False	MNXM145	D-ribulose 5-phosphate	v1_panel	carried	True	True	True	True
C__PEP__MNXM161	C	PEP	MNXM73	gradient	False	MNXM161	pyridoxal 5'-phosphate	v1_panel	carried	True	True	True	True
C__PEP__MNXM162	C	PEP	MNXM73	gradient	False	MNXM162	D-threo-isocitrate	v1_panel	carried	False	False	True	True
C__PEP__MNXM162231	C	PEP	MNXM73	gradient	False	MNXM162231	NAD(P)H	v1_panel,v3_gof_near	carried,inserted_reaction_product	False	False	True	True
C__PEP__MNXM163519	C	PEP	MNXM73	gradient	False	MNXM163519	a lipid II	v1_panel	carried	False	False	True	True
C__PEP__MNXM164	C	PEP	MNXM73	gradient	False	MNXM164	4-hydroxybenzoate	v1_panel	carried	True	True	True	True
C__PEP__MNXM1653	C	PEP	MNXM73	gradient	False	MNXM1653	hexanoate	v3_gof_target	exact_name_in_X	True	True	True	True
C__PEP__MNXM169454	C	PEP	MNXM73	gradient	False	MNXM169454	D-xylose	v1_panel	carried	True	True	True	True
C__PEP__MNXM1734	C	PEP	MNXM73	gradient	False	MNXM1734	D-galactonate	v3_gof_target	exact_name_in_X	True	True	True	True
C__PEP__MNXM1737	C	PEP	MNXM73	gradient	False	MNXM1737	D-xylono-1,5-lactone	v3_gof_near	inserted_reaction_product	False	False	False	False
C__PEP__MNXM1747	C	PEP	MNXM73	gradient	False	MNXM1747	itaconate	v3_gof_target	exact_name_in_X	False	False	True	True
C__PEP__MNXM1812	C	PEP	MNXM73	gradient	False	MNXM1812	penicillin G	v3_gof_target	exact_name_in_X	False	False	False	False
C__PEP__MNXM18358	C	PEP	MNXM73	gradient	False	MNXM18358	hexan-1-ol	v1_panel	carried	False	False	True	True
C__PEP__MNXM199	C	PEP	MNXM73	gradient	False	MNXM199	L-valine	v3_gof_target,v3_lof_target	exact_name_in_X	True	True	True	True
C__PEP__MNXM2022	C	PEP	MNXM73	gradient	False	MNXM2022	beta-myrcene	v1_panel	carried	False	False	False	False
C__PEP__MNXM2090	C	PEP	MNXM73	gradient	False	MNXM2090	5-aminopentanamide	v1_panel	carried	False	False	False	False
C__PEP__MNXM2105	C	PEP	MNXM73	gradient	False	MNXM2105	butanoyl phosphate	v1_panel	carried	False	False	True	True
C__PEP__MNXM2138	C	PEP	MNXM73	gradient	False	MNXM2138	N-acetyl-beta-D-glucosamine	v3_gof_target	metanetx_xref	False	False	True	True
C__PEP__MNXM222	C	PEP	MNXM73	gradient	False	MNXM222	glycolate	v3_gof_near	inserted_reaction_product	True	True	True	True
C__PEP__MNXM23	C	PEP	MNXM73	gradient	False	MNXM23	pyruvate	v1_panel,v3_gof_near,v3_gof_target	carried,exact_name_in_X,inserted_reaction_product	True	True	True	True
C__PEP__MNXM2334	C	PEP	MNXM73	gradient	False	MNXM2334	4-hydroxybutanoyl-CoA	v1_panel	carried	False	False	False	False
C__PEP__MNXM2476	C	PEP	MNXM73	gradient	False	MNXM2476	2-phenylethanol	v3_gof_target	exact_name_in_X	False	False	True	True
C__PEP__MNXM25	C	PEP	MNXM73	gradient	False	MNXM25	succinate	v1_panel,v3_gof_target,v3_lof_target	carried,exact_name_in_X,normalized_name_in_X	True	True	True	True
C__PEP__MNXM256	C	PEP	MNXM73	gradient	False	MNXM256	thiamine diphosphate	v1_panel	carried	True	True	True	True
C__PEP__MNXM257	C	PEP	MNXM73	gradient	False	MNXM257	dTMP	v1_panel	carried	True	True	True	True
C__PEP__MNXM258	C	PEP	MNXM73	gradient	False	MNXM258	D-erythrose 4-phosphate	v1_panel,v3_gof_near	carried,inserted_reaction_product	True	True	True	True
C__PEP__MNXM26	C	PEP	MNXM73	gradient	False	MNXM26	acetate	v1_panel,v3_gof_near,v3_gof_target	carried,exact_name_in_X,inserted_reaction_product	True	True	True	True
C__PEP__MNXM270	C	PEP	MNXM73	gradient	False	MNXM270	riboflavin	v1_panel,v3_gof_target,v3_lof_target	carried,exact_name_in_X	True	True	True	True
C__PEP__MNXM279	C	PEP	MNXM73	gradient	False	MNXM279	L-dopa	v3_gof_target	normalized_name_in_X	False	False	True	True
C__PEP__MNXM280	C	PEP	MNXM73	gradient	False	MNXM280	acetyl phosphate	v3_gof_near	inserted_reaction_product	True	True	True	True
C__PEP__MNXM2861	C	PEP	MNXM73	gradient	False	MNXM2861	propane-1,3-diol	v3_gof_target	metanetx_xref	True	False	False	False
C__PEP__MNXM29	C	PEP	MNXM73	gradient	False	MNXM29	glycine	v1_panel	carried	True	True	True	True
C__PEP__MNXM304	C	PEP	MNXM73	gradient	False	MNXM304	biotin	v1_panel,v3_lof_target	carried,exact_name_in_X	True	True	True	True
C__PEP__MNXM3085	C	PEP	MNXM73	gradient	False	MNXM3085	propan-2-ol	v3_gof_near	inserted_reaction_product	False	False	True	True
C__PEP__MNXM315	C	PEP	MNXM73	gradient	False	MNXM315	indole-3-pyruvate	v1_panel,v3_gof_near	carried,inserted_reaction_product	False	True	True	True
C__PEP__MNXM320	C	PEP	MNXM73	gradient	False	MNXM320	phenol	v3_gof_target	exact_name_in_X	False	False	True	True
C__PEP__MNXM3230	C	PEP	MNXM73	gradient	False	MNXM3230	butan-1-ol	v3_gof_near,v3_gof_target	inserted_reaction_product,metanetx_xref	False	False	True	True
C__PEP__MNXM3288	C	PEP	MNXM73	gradient	False	MNXM3288	isoprene	v3_gof_target	normalized_name_in_X	False	False	False	False
C__PEP__MNXM337	C	PEP	MNXM73	gradient	False	MNXM337	chorismate	v1_panel	carried	True	True	True	True
C__PEP__MNXM361	C	PEP	MNXM73	gradient	False	MNXM361	L-aspartate 4-semialdehyde	v3_gof_near	inserted_reaction_product	True	True	True	True
C__PEP__MNXM37	C	PEP	MNXM73	gradient	False	MNXM37	L-glutamine	v1_panel,v3_gof_target,v3_lof_target	carried,exact_name_in_X	True	True	True	True
C__PEP__MNXM39	C	PEP	MNXM73	gradient	False	MNXM39	formate	v1_panel,v3_gof_near	carried,inserted_reaction_product	True	True	True	True
C__PEP__MNXM398	C	PEP	MNXM73	gradient	False	MNXM398	acetone	v3_gof_target	exact_name_in_X	False	False	True	True
C__PEP__MNXM404	C	PEP	MNXM73	gradient	False	MNXM404	4-methyl-2-oxopentanoate	v1_panel	carried	True	True	True	True
C__PEP__MNXM405	C	PEP	MNXM73	gradient	False	MNXM405	5-aminolevulinate	v1_panel	carried	True	True	True	True
C__PEP__MNXM419	C	PEP	MNXM73	gradient	False	MNXM419	pyridoxine	v3_lof_target	exact_name_in_X	True	True	True	True
C__PEP__MNXM420	C	PEP	MNXM73	gradient	False	MNXM420	thymidine	v3_lof_target	exact_name_in_X	True	True	True	True
C__PEP__MNXM421	C	PEP	MNXM73	gradient	False	MNXM421	4-aminobenzoate	v1_panel,v3_gof_target	carried,exact_name_in_X	True	True	True	True
C__PEP__MNXM458	C	PEP	MNXM73	gradient	False	MNXM458	butanoate	v1_panel,v3_gof_target	carried,metanetx_xref	True	True	True	True
C__PEP__MNXM46	C	PEP	MNXM73	gradient	False	MNXM46	oxaloacetate	v1_panel,v3_gof_near	carried,inserted_reaction_product	True	True	True	True
C__PEP__MNXM460	C	PEP	MNXM73	gradient	False	MNXM460	dihydroxyacetone	v3_gof_target	exact_name_in_X	True	True	True	True
C__PEP__MNXM4964	C	PEP	MNXM73	gradient	False	MNXM4964	4-tyrosol	v1_panel	carried	False	False	True	True
C__PEP__MNXM5	C	PEP	MNXM73	gradient	False	MNXM5	NADP(+)	v3_gof_near	inserted_reaction_product	True	True	True	True
C__PEP__MNXM5188	C	PEP	MNXM73	gradient	False	MNXM5188	isobutanol	v3_gof_target	exact_name_in_X	False	False	True	True
C__PEP__MNXM529	C	PEP	MNXM73	gradient	False	MNXM529	meso-2,6-diaminopimelate	v1_panel	carried	True	True	True	True
C__PEP__MNXM554	C	PEP	MNXM73	gradient	False	MNXM554	porphobilinogen	v1_panel	carried	True	True	True	True
C__PEP__MNXM555	C	PEP	MNXM73	gradient	False	MNXM555	quinolinate	v1_panel	carried	True	True	True	True
C__PEP__MNXM573	C	PEP	MNXM73	gradient	False	MNXM573	(E)-ferulate	v3_gof_target	metanetx_xref	False	False	False	False
C__PEP__MNXM5901	C	PEP	MNXM73	gradient	False	MNXM5901	pinocembrin chalcone	v1_panel	carried	False	False	False	False
C__PEP__MNXM593	C	PEP	MNXM73	gradient	False	MNXM593	(R)-pantoate	v1_panel	carried	True	True	True	True
C__PEP__MNXM59345	C	PEP	MNXM73	gradient	False	MNXM59345	D-cycloserine	v3_gof_target	exact_name_in_X	False	False	False	False
C__PEP__MNXM602	C	PEP	MNXM73	gradient	False	MNXM602	shikimate	v3_gof_near,v3_gof_target	exact_name_in_X,inserted_reaction_product,normalized_name_in_X	True	True	True	True
C__PEP__MNXM603	C	PEP	MNXM73	gradient	False	MNXM603	tyramine	v1_panel	carried	False	True	True	True
C__PEP__MNXM6097	C	PEP	MNXM73	gradient	False	MNXM6097	3-oxopropane-1-sulfonate	v1_panel	carried	False	False	False	False
C__PEP__MNXM617	C	PEP	MNXM73	gradient	False	MNXM617	folate	v3_lof_target	exact_name_in_X	False	False	True	True
C__PEP__MNXM622	C	PEP	MNXM73	gradient	False	MNXM622	1-deoxy-D-xylulose 5-phosphate	v1_panel	carried	True	True	True	True
C__PEP__MNXM6396	C	PEP	MNXM73	gradient	False	MNXM6396	1-propanol	v3_gof_target	exact_name_in_X	False	False	True	True
C__PEP__MNXM645	C	PEP	MNXM73	gradient	False	MNXM645	3,4-dihydroxyphenylacetate	v1_panel	carried	False	True	True	True
C__PEP__MNXM66	C	PEP	MNXM73	gradient	False	MNXM66	sn-glycerol 3-phosphate	v1_panel	carried	True	True	True	True
C__PEP__MNXM664	C	PEP	MNXM73	gradient	False	MNXM664	(R)-acetoin	v1_panel,v3_gof_near,v3_gof_target	carried,exact_name_in_X,inserted_reaction_product	False	False	True	True
C__PEP__MNXM704	C	PEP	MNXM73	gradient	False	MNXM704	2'-deoxycytidine	v3_gof_target	metanetx_xref	True	True	True	True
C__PEP__MNXM725992	C	PEP	MNXM73	gradient	False	MNXM725992	Phosphatidylglycerol	v1_panel	carried	False	False	True	True
C__PEP__MNXM727604	C	PEP	MNXM73	gradient	False	MNXM727604	(2R)-3-phosphoglycerate	v1_panel	carried	True	True	True	True
C__PEP__MNXM728266	C	PEP	MNXM73	gradient	False	MNXM728266	(2E,6E,10E)-geranylgeranyl diphosphate	v1_panel	carried	False	False	True	True
C__PEP__MNXM728294	C	PEP	MNXM73	gradient	False	MNXM728294	AMP	v1_panel	carried	True	True	True	True
C__PEP__MNXM728337	C	PEP	MNXM73	gradient	False	MNXM728337	L-isoleucine	v1_panel,v3_lof_target	carried,exact_name_in_X	True	True	True	True
C__PEP__MNXM728536	C	PEP	MNXM73	gradient	False	MNXM728536	palmitoyl-[acyl-carrier protein]	v1_panel	carried	True	True	True	True
C__PEP__MNXM728578	C	PEP	MNXM73	gradient	False	MNXM728578	Fatty-Acids	v3_gof_target	normalized_name_in_X	False	False	True	True
C__PEP__MNXM728682	C	PEP	MNXM73	gradient	False	MNXM728682	beta-D-glucuronate	v1_panel	carried	False	False	True	True
C__PEP__MNXM729216	C	PEP	MNXM73	gradient	False	MNXM729216	N-acetylmuramate 6-phosphate	v3_gof_near	inserted_reaction_product	True	True	True	True
C__PEP__MNXM729799	C	PEP	MNXM73	gradient	False	MNXM729799	methanol	v3_gof_near	inserted_reaction_product	False	False	True	True
C__PEP__MNXM730135	C	PEP	MNXM73	gradient	False	MNXM730135	thiamine	v3_lof_target	exact_name_in_X	True	True	True	True
C__PEP__MNXM730546	C	PEP	MNXM73	gradient	False	MNXM730546	5-hydroxy-L-tryptophan	v1_panel	carried	False	False	False	False
C__PEP__MNXM731537	C	PEP	MNXM73	gradient	False	MNXM731537	(4S)-perillyl alcohol	v3_gof_target	metanetx_xref	False	False	True	True
C__PEP__MNXM731760	C	PEP	MNXM73	gradient	False	MNXM731760	lipid IVA (E. coli)	v1_panel	carried	True	True	True	True
C__PEP__MNXM731939	C	PEP	MNXM73	gradient	False	MNXM731939	a malonyl-[acp]	v1_panel	carried	False	False	True	True
C__PEP__MNXM732166	C	PEP	MNXM73	gradient	False	MNXM732166	UDP-N-acetyl-alpha-D-muramoyl-L-alanyl-gamma-D-glutamyl-meso-2,6-diaminopimeloyl-D-alanyl-D-alanine	v1_panel	carried	True	True	True	True
C__PEP__MNXM732273	C	PEP	MNXM73	gradient	False	MNXM732273	a ubiquinol	v1_panel	carried	False	False	True	True
C__PEP__MNXM732487	C	PEP	MNXM73	gradient	False	MNXM732487	hypoxanthine	v3_lof_target	normalized_name_in_X	True	True	True	True
C__PEP__MNXM733114	C	PEP	MNXM73	gradient	False	MNXM733114	guanine	v3_lof_target	exact_name_in_X	True	True	True	True
C__PEP__MNXM733515	C	PEP	MNXM73	gradient	False	MNXM733515	1,4-alpha-D-glucan	v3_gof_near	inserted_reaction_product	True	True	False	False
C__PEP__MNXM733758	C	PEP	MNXM73	gradient	False	MNXM733758	lactate	v3_gof_target	metanetx_xref	False	False	True	True
C__PEP__MNXM733934	C	PEP	MNXM73	gradient	False	MNXM733934	(R)-5-diphosphomevalonate	v1_panel	carried	False	False	False	False
C__PEP__MNXM734041	C	PEP	MNXM73	gradient	False	MNXM734041	dipalmitoyl phosphatidylglycerol	v1_panel	carried	True	True	True	True
C__PEP__MNXM734573	C	PEP	MNXM73	gradient	False	MNXM734573	aldehydo-D-xylose	v3_gof_near	inserted_reaction_product	False	False	True	True
C__PEP__MNXM734859	C	PEP	MNXM73	gradient	False	MNXM734859	aldehydo-L-arabinose	v3_gof_near	inserted_reaction_product	True	True	True	True
C__PEP__MNXM735208	C	PEP	MNXM73	gradient	False	MNXM735208	4-hydroxyphenylacetate	v3_gof_target	metanetx_xref	False	True	True	True
C__PEP__MNXM737068	C	PEP	MNXM73	gradient	False	MNXM737068	xylitol	v3_gof_target	exact_name_in_X	False	False	True	True
C__PEP__MNXM737265	C	PEP	MNXM73	gradient	False	MNXM737265	2-phenylacetate	v3_gof_target	metanetx_xref	True	True	True	True
C__PEP__MNXM737751	C	PEP	MNXM73	gradient	False	MNXM737751	prenol	v3_gof_target	exact_name_in_X	False	False	True	True
C__PEP__MNXM737787	C	PEP	MNXM73	gradient	False	MNXM737787	L-serine	v1_panel,v3_gof_target,v3_lof_target	carried,exact_name_in_X,normalized_name_in_X	True	True	True	True
C__PEP__MNXM738068	C	PEP	MNXM73	gradient	False	MNXM738068	L-cysteine	v1_panel,v3_gof_near,v3_lof_target	carried,exact_name_in_X,inserted_reaction_product	True	True	True	True
C__PEP__MNXM738152	C	PEP	MNXM73	gradient	False	MNXM738152	(2S)-naringenin	v1_panel,v3_gof_target	carried,exact_name_in_X	False	False	True	True
C__PEP__MNXM738153	C	PEP	MNXM73	gradient	False	MNXM738153	naringenin	v3_gof_target	normalized_name_in_X	False	False	True	True
C__PEP__MNXM738283	C	PEP	MNXM73	gradient	False	MNXM738283	(R)-5-phosphomevalonate	v1_panel	carried	False	False	True	False
C__PEP__MNXM738702	C	PEP	MNXM73	gradient	False	MNXM738702	NADPH	v3_gof_target	exact_name_in_X	True	True	True	True
C__PEP__MNXM738804	C	PEP	MNXM73	gradient	False	MNXM738804	L-methionine	v1_panel,v3_gof_target,v3_lof_target	carried,exact_name_in_X,normalized_name_in_X	True	True	True	True
C__PEP__MNXM738940	C	PEP	MNXM73	gradient	False	MNXM738940	(+)-copalyl diphosphate	v1_panel	carried	False	False	False	False
C__PEP__MNXM739527	C	PEP	MNXM73	gradient	False	MNXM739527	L-arginine	v1_panel,v3_gof_target,v3_lof_target	carried,exact_name_in_X,normalized_name_in_X	True	True	True	True
C__PEP__MNXM739592	C	PEP	MNXM73	gradient	False	MNXM739592	Phosphatidylethanolamine (dihexadec-9enoyl, n-C16:1)	v1_panel	carried	True	True	True	True
C__PEP__MNXM739991	C	PEP	MNXM73	gradient	False	MNXM739991	Phosphatidylglycerol (dihexadec-9-enoyl, n-C16:1)	v1_panel	carried	True	True	True	True
C__PEP__MNXM740315	C	PEP	MNXM73	gradient	False	MNXM740315	(2E)-geraniol	v3_gof_target	metanetx_xref	False	False	True	True
C__PEP__MNXM741173	C	PEP	MNXM73	gradient	False	MNXM741173	L-glutamate	v1_panel,v3_gof_near	carried,inserted_reaction_product	True	True	True	True
C__PEP__MNXM741276	C	PEP	MNXM73	gradient	False	MNXM741276	2-methylcitrate	v3_gof_near	inserted_reaction_product	True	False	True	False
C__PEP__MNXM741553	C	PEP	MNXM73	gradient	False	MNXM741553	L-tryptophan	v1_panel,v3_lof_target	carried,exact_name_in_X	True	True	True	True
C__PEP__MNXM741595	C	PEP	MNXM73	gradient	False	MNXM741595	S-formylglutathione	v3_gof_near	inserted_reaction_product	True	True	True	True
C__PEP__MNXM741664	C	PEP	MNXM73	gradient	False	MNXM741664	L-phenylalanine	v1_panel,v3_gof_target,v3_lof_target	carried,exact_name_in_X	True	True	True	True
C__PEP__MNXM75	C	PEP	MNXM73	gradient	False	MNXM75	acetaldehyde	v1_panel,v3_gof_near	carried,inserted_reaction_product	True	True	True	True
C__PEP__MNXM76	C	PEP	MNXM73	gradient	False	MNXM76	L-tyrosine	v1_panel,v3_gof_near,v3_gof_target,v3_lof_target	carried,exact_name_in_X,inserted_reaction_product	True	True	True	True
C__PEP__MNXM78362	C	PEP	MNXM73	gradient	False	MNXM78362	Heme	v3_lof_target	normalized_name_in_X	False	False	True	True
C__PEP__MNXM792	C	PEP	MNXM73	gradient	False	MNXM792	5-aminopentanoate	v1_panel	carried	False	True	True	True
C__PEP__MNXM799	C	PEP	MNXM73	gradient	False	MNXM799	isochorismate	v3_gof_near	inserted_reaction_product	True	True	True	True
C__PEP__MNXM8	C	PEP	MNXM73	gradient	False	MNXM8	NAD(+)	v3_gof_near	inserted_reaction_product	True	True	True	True
C__PEP__MNXM83	C	PEP	MNXM73	gradient	False	MNXM83	isopentenyl diphosphate	v1_panel	carried	True	True	True	True
C__PEP__MNXM89612	C	PEP	MNXM73	gradient	False	MNXM89612	glycerol	v1_panel,v3_gof_near	carried,inserted_reaction_product	True	True	True	True
C__PEP__MNXM89698	C	PEP	MNXM73	gradient	False	MNXM89698	a 2,3,4-saturated fatty acid	v1_panel	carried	False	False	True	True
C__PEP__MNXM89949	C	PEP	MNXM73	gradient	False	MNXM89949	Cis-hexadec-9-enoyl-[acyl-carrier protein] (n-C16:1)	v1_panel	carried	True	True	True	True
C__PEP__MNXM89950	C	PEP	MNXM73	gradient	False	MNXM89950	Cis-octadec-11-enoyl-[acyl-carrier protein] (n-C18:1)	v1_panel	carried	True	True	True	True
C__PEP__MNXM943	C	PEP	MNXM73	gradient	False	MNXM943	cadaverine	v1_panel,v3_gof_target	carried,normalized_name_in_X	True	True	True	True
C__F6P__MNXM100	C	F6P	MNXM1107898	gradient	False	MNXM100	(2E)-geranyl diphosphate	v1_panel	carried	True	True	True	True
C__F6P__MNXM1021	C	F6P	MNXM1107898	gradient	False	MNXM1021	glutarate	v3_gof_target	exact_name_in_X	False	True	True	True
C__F6P__MNXM1092518	C	F6P	MNXM1107898	gradient	False	MNXM1092518	cis-aconitate	v1_panel	carried	True	True	True	True
C__F6P__MNXM1094052	C	F6P	MNXM1107898	gradient	False	MNXM1094052	propanoate	v3_gof_target	metanetx_xref	True	True	True	True
C__F6P__MNXM1101285	C	F6P	MNXM1107898	gradient	False	MNXM1101285	GMP	v1_panel	carried	True	True	True	True
C__F6P__MNXM1101868	C	F6P	MNXM1107898	gradient	False	MNXM1101868	IMP	v1_panel,v3_gof_target	carried,exact_name_in_X	True	True	True	True
C__F6P__MNXM1103616	C	F6P	MNXM1107898	gradient	False	MNXM1103616	hexanoyl-CoA	v1_panel	carried	True	True	True	True
C__F6P__MNXM1103802	C	F6P	MNXM1107898	gradient	False	MNXM1103802	acetoacetyl-CoA	v1_panel	carried	True	True	True	True
C__F6P__MNXM1103847	C	F6P	MNXM1107898	gradient	False	MNXM1103847	(2S)-2-acetolactate	v1_panel	carried	True	True	True	True
C__F6P__MNXM1103936	C	F6P	MNXM1107898	gradient	False	MNXM1103936	(6S)-5,6,7,8-tetrahydrofolate	v1_panel	carried	True	True	True	True
C__F6P__MNXM1104180	C	F6P	MNXM1107898	gradient	False	MNXM1104180	sucrose	v1_panel	carried	True	True	False	False
C__F6P__MNXM1104235	C	F6P	MNXM1107898	gradient	False	MNXM1104235	(3S)-3-hydroxy-3-methylglutaryl-CoA	v1_panel	carried	False	False	True	True
C__F6P__MNXM1104266	C	F6P	MNXM1107898	gradient	False	MNXM1104266	acetyl-CoA	v1_panel,v3_gof_near,v3_gof_target	carried,exact_name_in_X,inserted_reaction_product	True	True	True	True
C__F6P__MNXM1104300	C	F6P	MNXM1107898	gradient	False	MNXM1104300	butanoyl-CoA	v1_panel	carried	True	True	True	True
C__F6P__MNXM1104529	C	F6P	MNXM1107898	gradient	False	MNXM1104529	UDP-N-acetyl-alpha-D-glucosamine	v1_panel	carried	True	True	True	True
C__F6P__MNXM1104699	C	F6P	MNXM1107898	gradient	False	MNXM1104699	3-oxohexanoyl-CoA	v1_panel	carried	True	True	True	True
C__F6P__MNXM1104774	C	F6P	MNXM1107898	gradient	False	MNXM1104774	succinyl-CoA	v1_panel,v3_gof_target	carried,exact_name_in_X	True	True	True	True
C__F6P__MNXM1104823	C	F6P	MNXM1107898	gradient	False	MNXM1104823	UMP	v1_panel	carried	True	True	True	True
C__F6P__MNXM1105057	C	F6P	MNXM1107898	gradient	False	MNXM1105057	(R)-mevalonate	v1_panel	carried	False	False	True	True
C__F6P__MNXM1105732	C	F6P	MNXM1107898	gradient	False	MNXM1105732	L-alanine	v3_gof_target	exact_name_in_X,normalized_name_in_X	True	True	True	True
C__F6P__MNXM1105941	C	F6P	MNXM1107898	gradient	False	MNXM1105941	myo-inositol	v3_gof_target	exact_name_in_X	True	True	True	True
C__F6P__MNXM1106093	C	F6P	MNXM1107898	gradient	False	MNXM1106093	malonyl-CoA	v1_panel,v3_gof_near,v3_gof_target	carried,exact_name_in_X,inserted_reaction_product	True	True	True	True
C__F6P__MNXM1106761	C	F6P	MNXM1107898	gradient	False	MNXM1106761	L-leucine	v1_panel,v3_lof_target	carried,exact_name_in_X	True	True	True	True
C__F6P__MNXM1106823	C	F6P	MNXM1107898	gradient	False	MNXM1106823	1,2,4-butanetriol	v3_gof_target	normalized_name_in_X	False	False	True	True
C__F6P__MNXM1107139	C	F6P	MNXM1107898	gradient	False	MNXM1107139	an alditol	v3_gof_target	metanetx_xref	False	False	True	True
C__F6P__MNXM1107741	C	F6P	MNXM1107898	gradient	False	MNXM1107741	cyclic pyranopterin phosphate	v1_panel	carried	True	True	True	True
C__F6P__MNXM1107752	C	F6P	MNXM1107898	gradient	False	MNXM1107752	citrate	v1_panel	carried	True	True	True	True
C__F6P__MNXM1107769	C	F6P	MNXM1107898	gradient	False	MNXM1107769	L-histidine	v1_panel,v3_lof_target	carried,exact_name_in_X	True	True	True	True
C__F6P__MNXM1107821	C	F6P	MNXM1107898	gradient	False	MNXM1107821	L-asparagine	v1_panel	carried	True	True	True	True
C__F6P__MNXM1107904	C	F6P	MNXM1107898	gradient	False	MNXM1107904	(S)-methylmalonyl-CoA	v3_gof_near	inserted_reaction_product	True	True	True	True
C__F6P__MNXM1108016	C	F6P	MNXM1107898	gradient	False	MNXM1108016	nicotinate beta-D-ribonucleotide	v3_gof_near	inserted_reaction_product	True	True	True	True
C__F6P__MNXM1108018	C	F6P	MNXM1107898	gradient	False	MNXM1108018	H2	v1_panel	carried	False	False	False	False
C__F6P__MNXM1108092	C	F6P	MNXM1107898	gradient	False	MNXM1108092	ethanol	v1_panel,v3_gof_target	carried,exact_name_in_X,normalized_name_in_X	True	True	True	True
C__F6P__MNXM1108176	C	F6P	MNXM1107898	gradient	False	MNXM1108176	D-galactose	v1_panel	carried	False	False	True	True
C__F6P__MNXM1108250	C	F6P	MNXM1107898	gradient	False	MNXM1108250	all-trans-beta-carotene	v1_panel,v3_gof_target	carried,metanetx_xref	False	False	False	False
C__F6P__MNXM1137654	C	F6P	MNXM1107898	gradient	False	MNXM1137654	(S)-acetoin	v1_panel	carried	False	False	False	False
C__F6P__MNXM1137687	C	F6P	MNXM1107898	gradient	False	MNXM1137687	3,4-dihydroxybenzoate	v1_panel	carried	False	False	False	False
C__F6P__MNXM114	C	F6P	MNXM1107898	gradient	False	MNXM114	L-proline	v1_panel,v3_lof_target	carried,exact_name_in_X	True	True	True	True
C__F6P__MNXM114436	C	F6P	MNXM1107898	gradient	False	MNXM114436	4a-hydroxy-N10-formyltetrahydrofolate	v1_panel	carried	False	False	False	False
C__F6P__MNXM114643	C	F6P	MNXM1107898	gradient	False	MNXM114643	an apo-[FeFe] hydrogenase subunit	v1_panel	carried	False	False	False	False
C__F6P__MNXM115	C	F6P	MNXM1107898	gradient	False	MNXM115	phosphatidylethanolamine	v1_panel,v3_gof_target	carried,exact_name_in_X	False	False	True	True
C__F6P__MNXM118	C	F6P	MNXM1107898	gradient	False	MNXM118	putrescine	v1_panel,v3_gof_target	carried,normalized_name_in_X	True	True	True	True
C__F6P__MNXM1255	C	F6P	MNXM1107898	gradient	False	MNXM1255	(S)-propane-1,2-diol	v3_gof_near	inserted_reaction_product	True	True	True	True
C__F6P__MNXM132	C	F6P	MNXM1107898	gradient	False	MNXM132	dimethylallyl diphosphate	v1_panel	carried	True	True	True	True
C__F6P__MNXM1326	C	F6P	MNXM1107898	gradient	False	MNXM1326	(S)-eriodictyol	v3_gof_target	metanetx_xref	False	False	True	True
C__F6P__MNXM1363773	C	F6P	MNXM1107898	gradient	False	MNXM1363773	all-trans-retinol	v3_gof_target	exact_name_in_X	False	False	True	True
C__F6P__MNXM1363833	C	F6P	MNXM1107898	gradient	False	MNXM1363833	(2E,6E)-farnesyl diphosphate	v1_panel	carried	False	False	True	True
C__F6P__MNXM1363910	C	F6P	MNXM1107898	gradient	False	MNXM1363910	alpha-D-ribofuranose 5-phosphate	v1_panel	carried	True	True	True	True
C__F6P__MNXM1363936	C	F6P	MNXM1107898	gradient	False	MNXM1363936	(2E)-butenoyl-CoA	v1_panel	carried	True	True	True	True
C__F6P__MNXM1363974	C	F6P	MNXM1107898	gradient	False	MNXM1363974	dTDP-4-dehydro-6-deoxy-alpha-D-glucose	v1_panel	carried	True	True	True	True
C__F6P__MNXM1364019	C	F6P	MNXM1107898	gradient	False	MNXM1364019	UDP-alpha-D-glucose	v3_gof_near	inserted_reaction_product	True	True	True	True
C__F6P__MNXM1364061	C	F6P	MNXM1107898	gradient	False	MNXM1364061	D-glucose	v1_panel	carried	True	True	True	True
C__F6P__MNXM1364111	C	F6P	MNXM1107898	gradient	False	MNXM1364111	D-glucose 6-phosphate	v1_panel	carried	True	True	True	True
C__F6P__MNXM1364140	C	F6P	MNXM1107898	gradient	False	MNXM1364140	(3R)-3-hydroxybutanoyl-CoA	v1_panel	carried	False	False	True	True
C__F6P__MNXM1364149	C	F6P	MNXM1107898	gradient	False	MNXM1364149	FAD	v1_panel	carried	True	True	True	True
C__F6P__MNXM1364174	C	F6P	MNXM1107898	gradient	False	MNXM1364174	N-acetyl-beta-D-glucosamine 6-phosphate	v1_panel,v3_gof_near	carried,inserted_reaction_product	True	True	True	True
C__F6P__MNXM1364229	C	F6P	MNXM1107898	gradient	False	MNXM1364229	beta-D-fructose 1,6-bisphosphate	v3_gof_near	inserted_reaction_product	True	True	True	True
C__F6P__MNXM1364266	C	F6P	MNXM1107898	gradient	False	MNXM1364266	propanoyl-CoA	v3_gof_near	inserted_reaction_product	True	True	True	True
C__F6P__MNXM1364268	C	F6P	MNXM1107898	gradient	False	MNXM1364268	L-lysine	v1_panel,v3_gof_target,v3_lof_target	carried,exact_name_in_X	True	True	True	True
C__F6P__MNXM1364476	C	F6P	MNXM1107898	gradient	False	MNXM1364476	protoporphyrin IX	v3_lof_target	exact_name_in_X	True	True	True	True
C__F6P__MNXM1364497	C	F6P	MNXM1107898	gradient	False	MNXM1364497	L-aspartate	v1_panel,v3_gof_target	carried,exact_name_in_X	True	True	True	True
C__F6P__MNXM1364686	C	F6P	MNXM1107898	gradient	False	MNXM1364686	1D-myo-inositol 3-phosphate	v1_panel,v3_gof_near	carried,inserted_reaction_product	False	False	True	True
C__F6P__MNXM1365590	C	F6P	MNXM1107898	gradient	False	MNXM1365590	molybdopterin	v3_gof_near	inserted_reaction_product	True	True	True	True
C__F6P__MNXM1368127	C	F6P	MNXM1107898	gradient	False	MNXM1368127	(3E,6E)-alpha-farnesene	v3_gof_target	metanetx_xref	False	False	False	False
C__F6P__MNXM1368744	C	F6P	MNXM1107898	gradient	False	MNXM1368744	2-oxoglutarate	v1_panel,v3_gof_near,v3_gof_target	carried,exact_name_in_X,inserted_reaction_product	True	True	True	True
C__F6P__MNXM1369302	C	F6P	MNXM1107898	gradient	False	MNXM1369302	thymine	v3_lof_target	exact_name_in_X	True	True	True	True
C__F6P__MNXM1370019	C	F6P	MNXM1107898	gradient	False	MNXM1370019	(E)-4-coumarate	v1_panel	carried	False	False	True	True
C__F6P__MNXM1370262	C	F6P	MNXM1107898	gradient	False	MNXM1370262	15-cis-phytoene	v1_panel	carried	False	False	False	False
C__F6P__MNXM1370620	C	F6P	MNXM1107898	gradient	False	MNXM1370620	N-acetyl-L-glutamate	v3_gof_near	inserted_reaction_product	True	True	True	True
C__F6P__MNXM1370996	C	F6P	MNXM1107898	gradient	False	MNXM1370996	caffeic acid	v3_gof_target	exact_name_in_X	True	True	True	True
C__F6P__MNXM1371362	C	F6P	MNXM1107898	gradient	False	MNXM1371362	(R)-lactate	v1_panel,v3_gof_near,v3_gof_target	carried,inserted_reaction_product,metanetx_xref	True	True	True	True
C__F6P__MNXM1371363	C	F6P	MNXM1107898	gradient	False	MNXM1371363	(S)-lactate	v3_gof_near	inserted_reaction_product	True	True	True	True
C__F6P__MNXM1371612	C	F6P	MNXM1107898	gradient	False	MNXM1371612	(R)-pantothenate	v1_panel	carried	True	True	True	True
C__F6P__MNXM1372044	C	F6P	MNXM1107898	gradient	False	MNXM1372044	glyceraldehyde 3-phosphate	v1_panel	carried	True	True	True	True
C__F6P__MNXM1372147	C	F6P	MNXM1107898	gradient	False	MNXM1372147	(4R)-limonene	v1_panel	carried	False	False	False	False
C__F6P__MNXM1372148	C	F6P	MNXM1107898	gradient	False	MNXM1372148	(4S)-limonene	v3_gof_target	exact_name_in_X	False	False	True	True
C__F6P__MNXM1410	C	F6P	MNXM1107898	gradient	False	MNXM1410	5-oxopentanoate	v1_panel	carried	False	True	True	True
C__F6P__MNXM142	C	F6P	MNXM1107898	gradient	False	MNXM142	L-threonine	v1_panel,v3_gof_near,v3_gof_target,v3_lof_target	carried,exact_name_in_X,inserted_reaction_product	True	True	True	True
C__F6P__MNXM144	C	F6P	MNXM1107898	gradient	False	MNXM144	beta-alanine	v3_gof_target	normalized_name_in_X	True	True	True	True
C__F6P__MNXM145	C	F6P	MNXM1107898	gradient	False	MNXM145	D-ribulose 5-phosphate	v1_panel	carried	True	True	True	True
C__F6P__MNXM161	C	F6P	MNXM1107898	gradient	False	MNXM161	pyridoxal 5'-phosphate	v1_panel	carried	True	True	True	True
C__F6P__MNXM162	C	F6P	MNXM1107898	gradient	False	MNXM162	D-threo-isocitrate	v1_panel	carried	False	False	True	True
C__F6P__MNXM162231	C	F6P	MNXM1107898	gradient	False	MNXM162231	NAD(P)H	v1_panel,v3_gof_near	carried,inserted_reaction_product	False	False	True	True
C__F6P__MNXM163519	C	F6P	MNXM1107898	gradient	False	MNXM163519	a lipid II	v1_panel	carried	False	False	True	True
C__F6P__MNXM164	C	F6P	MNXM1107898	gradient	False	MNXM164	4-hydroxybenzoate	v1_panel	carried	True	True	True	True
C__F6P__MNXM1653	C	F6P	MNXM1107898	gradient	False	MNXM1653	hexanoate	v3_gof_target	exact_name_in_X	True	True	True	True
C__F6P__MNXM169454	C	F6P	MNXM1107898	gradient	False	MNXM169454	D-xylose	v1_panel	carried	True	True	True	True
C__F6P__MNXM1734	C	F6P	MNXM1107898	gradient	False	MNXM1734	D-galactonate	v3_gof_target	exact_name_in_X	True	True	True	True
C__F6P__MNXM1737	C	F6P	MNXM1107898	gradient	False	MNXM1737	D-xylono-1,5-lactone	v3_gof_near	inserted_reaction_product	False	False	False	False
C__F6P__MNXM1747	C	F6P	MNXM1107898	gradient	False	MNXM1747	itaconate	v3_gof_target	exact_name_in_X	False	False	True	True
C__F6P__MNXM1812	C	F6P	MNXM1107898	gradient	False	MNXM1812	penicillin G	v3_gof_target	exact_name_in_X	False	False	False	False
C__F6P__MNXM18358	C	F6P	MNXM1107898	gradient	False	MNXM18358	hexan-1-ol	v1_panel	carried	False	False	True	True
C__F6P__MNXM199	C	F6P	MNXM1107898	gradient	False	MNXM199	L-valine	v3_gof_target,v3_lof_target	exact_name_in_X	True	True	True	True
C__F6P__MNXM2022	C	F6P	MNXM1107898	gradient	False	MNXM2022	beta-myrcene	v1_panel	carried	False	False	False	False
C__F6P__MNXM2090	C	F6P	MNXM1107898	gradient	False	MNXM2090	5-aminopentanamide	v1_panel	carried	False	False	False	False
C__F6P__MNXM2105	C	F6P	MNXM1107898	gradient	False	MNXM2105	butanoyl phosphate	v1_panel	carried	False	False	True	True
C__F6P__MNXM2138	C	F6P	MNXM1107898	gradient	False	MNXM2138	N-acetyl-beta-D-glucosamine	v3_gof_target	metanetx_xref	False	False	True	True
C__F6P__MNXM222	C	F6P	MNXM1107898	gradient	False	MNXM222	glycolate	v3_gof_near	inserted_reaction_product	True	True	True	True
C__F6P__MNXM23	C	F6P	MNXM1107898	gradient	False	MNXM23	pyruvate	v1_panel,v3_gof_near,v3_gof_target	carried,exact_name_in_X,inserted_reaction_product	True	True	True	True
C__F6P__MNXM2334	C	F6P	MNXM1107898	gradient	False	MNXM2334	4-hydroxybutanoyl-CoA	v1_panel	carried	False	False	False	False
C__F6P__MNXM2476	C	F6P	MNXM1107898	gradient	False	MNXM2476	2-phenylethanol	v3_gof_target	exact_name_in_X	False	False	True	True
C__F6P__MNXM25	C	F6P	MNXM1107898	gradient	False	MNXM25	succinate	v1_panel,v3_gof_target,v3_lof_target	carried,exact_name_in_X,normalized_name_in_X	True	True	True	True
C__F6P__MNXM256	C	F6P	MNXM1107898	gradient	False	MNXM256	thiamine diphosphate	v1_panel	carried	True	True	True	True
C__F6P__MNXM257	C	F6P	MNXM1107898	gradient	False	MNXM257	dTMP	v1_panel	carried	True	True	True	True
C__F6P__MNXM258	C	F6P	MNXM1107898	gradient	False	MNXM258	D-erythrose 4-phosphate	v1_panel,v3_gof_near	carried,inserted_reaction_product	True	True	True	True
C__F6P__MNXM26	C	F6P	MNXM1107898	gradient	False	MNXM26	acetate	v1_panel,v3_gof_near,v3_gof_target	carried,exact_name_in_X,inserted_reaction_product	True	True	True	True
C__F6P__MNXM270	C	F6P	MNXM1107898	gradient	False	MNXM270	riboflavin	v1_panel,v3_gof_target,v3_lof_target	carried,exact_name_in_X	True	True	True	True
C__F6P__MNXM279	C	F6P	MNXM1107898	gradient	False	MNXM279	L-dopa	v3_gof_target	normalized_name_in_X	False	False	True	True
C__F6P__MNXM280	C	F6P	MNXM1107898	gradient	False	MNXM280	acetyl phosphate	v3_gof_near	inserted_reaction_product	True	True	True	True
C__F6P__MNXM2861	C	F6P	MNXM1107898	gradient	False	MNXM2861	propane-1,3-diol	v3_gof_target	metanetx_xref	True	False	False	False
C__F6P__MNXM29	C	F6P	MNXM1107898	gradient	False	MNXM29	glycine	v1_panel	carried	True	True	True	True
C__F6P__MNXM304	C	F6P	MNXM1107898	gradient	False	MNXM304	biotin	v1_panel,v3_lof_target	carried,exact_name_in_X	True	True	True	True
C__F6P__MNXM3085	C	F6P	MNXM1107898	gradient	False	MNXM3085	propan-2-ol	v3_gof_near	inserted_reaction_product	False	False	True	True
C__F6P__MNXM315	C	F6P	MNXM1107898	gradient	False	MNXM315	indole-3-pyruvate	v1_panel,v3_gof_near	carried,inserted_reaction_product	False	True	True	True
C__F6P__MNXM320	C	F6P	MNXM1107898	gradient	False	MNXM320	phenol	v3_gof_target	exact_name_in_X	False	False	True	True
C__F6P__MNXM3230	C	F6P	MNXM1107898	gradient	False	MNXM3230	butan-1-ol	v3_gof_near,v3_gof_target	inserted_reaction_product,metanetx_xref	False	False	True	True
C__F6P__MNXM3288	C	F6P	MNXM1107898	gradient	False	MNXM3288	isoprene	v3_gof_target	normalized_name_in_X	False	False	False	False
C__F6P__MNXM337	C	F6P	MNXM1107898	gradient	False	MNXM337	chorismate	v1_panel	carried	True	True	True	True
C__F6P__MNXM361	C	F6P	MNXM1107898	gradient	False	MNXM361	L-aspartate 4-semialdehyde	v3_gof_near	inserted_reaction_product	True	True	True	True
C__F6P__MNXM37	C	F6P	MNXM1107898	gradient	False	MNXM37	L-glutamine	v1_panel,v3_gof_target,v3_lof_target	carried,exact_name_in_X	True	True	True	True
C__F6P__MNXM39	C	F6P	MNXM1107898	gradient	False	MNXM39	formate	v1_panel,v3_gof_near	carried,inserted_reaction_product	True	True	True	True
C__F6P__MNXM398	C	F6P	MNXM1107898	gradient	False	MNXM398	acetone	v3_gof_target	exact_name_in_X	False	False	True	True
C__F6P__MNXM404	C	F6P	MNXM1107898	gradient	False	MNXM404	4-methyl-2-oxopentanoate	v1_panel	carried	True	True	True	True
C__F6P__MNXM405	C	F6P	MNXM1107898	gradient	False	MNXM405	5-aminolevulinate	v1_panel	carried	True	True	True	True
C__F6P__MNXM419	C	F6P	MNXM1107898	gradient	False	MNXM419	pyridoxine	v3_lof_target	exact_name_in_X	True	True	True	True
C__F6P__MNXM420	C	F6P	MNXM1107898	gradient	False	MNXM420	thymidine	v3_lof_target	exact_name_in_X	True	True	True	True
C__F6P__MNXM421	C	F6P	MNXM1107898	gradient	False	MNXM421	4-aminobenzoate	v1_panel,v3_gof_target	carried,exact_name_in_X	True	True	True	True
C__F6P__MNXM458	C	F6P	MNXM1107898	gradient	False	MNXM458	butanoate	v1_panel,v3_gof_target	carried,metanetx_xref	True	True	True	True
C__F6P__MNXM46	C	F6P	MNXM1107898	gradient	False	MNXM46	oxaloacetate	v1_panel,v3_gof_near	carried,inserted_reaction_product	True	True	True	True
C__F6P__MNXM460	C	F6P	MNXM1107898	gradient	False	MNXM460	dihydroxyacetone	v3_gof_target	exact_name_in_X	True	True	True	True
C__F6P__MNXM4964	C	F6P	MNXM1107898	gradient	False	MNXM4964	4-tyrosol	v1_panel	carried	False	False	True	True
C__F6P__MNXM5	C	F6P	MNXM1107898	gradient	False	MNXM5	NADP(+)	v3_gof_near	inserted_reaction_product	True	True	True	True
C__F6P__MNXM5188	C	F6P	MNXM1107898	gradient	False	MNXM5188	isobutanol	v3_gof_target	exact_name_in_X	False	False	True	True
C__F6P__MNXM529	C	F6P	MNXM1107898	gradient	False	MNXM529	meso-2,6-diaminopimelate	v1_panel	carried	True	True	True	True
C__F6P__MNXM554	C	F6P	MNXM1107898	gradient	False	MNXM554	porphobilinogen	v1_panel	carried	True	True	True	True
C__F6P__MNXM555	C	F6P	MNXM1107898	gradient	False	MNXM555	quinolinate	v1_panel	carried	True	True	True	True
C__F6P__MNXM573	C	F6P	MNXM1107898	gradient	False	MNXM573	(E)-ferulate	v3_gof_target	metanetx_xref	False	False	False	False
C__F6P__MNXM5901	C	F6P	MNXM1107898	gradient	False	MNXM5901	pinocembrin chalcone	v1_panel	carried	False	False	False	False
C__F6P__MNXM593	C	F6P	MNXM1107898	gradient	False	MNXM593	(R)-pantoate	v1_panel	carried	True	True	True	True
C__F6P__MNXM59345	C	F6P	MNXM1107898	gradient	False	MNXM59345	D-cycloserine	v3_gof_target	exact_name_in_X	False	False	False	False
C__F6P__MNXM602	C	F6P	MNXM1107898	gradient	False	MNXM602	shikimate	v3_gof_near,v3_gof_target	exact_name_in_X,inserted_reaction_product,normalized_name_in_X	True	True	True	True
C__F6P__MNXM603	C	F6P	MNXM1107898	gradient	False	MNXM603	tyramine	v1_panel	carried	False	True	True	True
C__F6P__MNXM6097	C	F6P	MNXM1107898	gradient	False	MNXM6097	3-oxopropane-1-sulfonate	v1_panel	carried	False	False	False	False
C__F6P__MNXM617	C	F6P	MNXM1107898	gradient	False	MNXM617	folate	v3_lof_target	exact_name_in_X	False	False	True	True
C__F6P__MNXM622	C	F6P	MNXM1107898	gradient	False	MNXM622	1-deoxy-D-xylulose 5-phosphate	v1_panel	carried	True	True	True	True
C__F6P__MNXM6396	C	F6P	MNXM1107898	gradient	False	MNXM6396	1-propanol	v3_gof_target	exact_name_in_X	False	False	True	True
C__F6P__MNXM645	C	F6P	MNXM1107898	gradient	False	MNXM645	3,4-dihydroxyphenylacetate	v1_panel	carried	False	True	True	True
C__F6P__MNXM66	C	F6P	MNXM1107898	gradient	False	MNXM66	sn-glycerol 3-phosphate	v1_panel	carried	True	True	True	True
C__F6P__MNXM664	C	F6P	MNXM1107898	gradient	False	MNXM664	(R)-acetoin	v1_panel,v3_gof_near,v3_gof_target	carried,exact_name_in_X,inserted_reaction_product	False	False	True	True
C__F6P__MNXM704	C	F6P	MNXM1107898	gradient	False	MNXM704	2'-deoxycytidine	v3_gof_target	metanetx_xref	True	True	True	True
C__F6P__MNXM725992	C	F6P	MNXM1107898	gradient	False	MNXM725992	Phosphatidylglycerol	v1_panel	carried	False	False	True	True
C__F6P__MNXM727604	C	F6P	MNXM1107898	gradient	False	MNXM727604	(2R)-3-phosphoglycerate	v1_panel	carried	True	True	True	True
C__F6P__MNXM728266	C	F6P	MNXM1107898	gradient	False	MNXM728266	(2E,6E,10E)-geranylgeranyl diphosphate	v1_panel	carried	False	False	True	True
C__F6P__MNXM728294	C	F6P	MNXM1107898	gradient	False	MNXM728294	AMP	v1_panel	carried	True	True	True	True
C__F6P__MNXM728337	C	F6P	MNXM1107898	gradient	False	MNXM728337	L-isoleucine	v1_panel,v3_lof_target	carried,exact_name_in_X	True	True	True	True
C__F6P__MNXM728536	C	F6P	MNXM1107898	gradient	False	MNXM728536	palmitoyl-[acyl-carrier protein]	v1_panel	carried	True	True	True	True
C__F6P__MNXM728578	C	F6P	MNXM1107898	gradient	False	MNXM728578	Fatty-Acids	v3_gof_target	normalized_name_in_X	False	False	True	True
C__F6P__MNXM728682	C	F6P	MNXM1107898	gradient	False	MNXM728682	beta-D-glucuronate	v1_panel	carried	False	False	True	True
C__F6P__MNXM729216	C	F6P	MNXM1107898	gradient	False	MNXM729216	N-acetylmuramate 6-phosphate	v3_gof_near	inserted_reaction_product	True	True	True	True
C__F6P__MNXM729799	C	F6P	MNXM1107898	gradient	False	MNXM729799	methanol	v3_gof_near	inserted_reaction_product	False	False	True	True
C__F6P__MNXM73	C	F6P	MNXM1107898	gradient	False	MNXM73	phosphoenolpyruvate	v1_panel	carried	True	True	True	True
C__F6P__MNXM730135	C	F6P	MNXM1107898	gradient	False	MNXM730135	thiamine	v3_lof_target	exact_name_in_X	True	True	True	True
C__F6P__MNXM730546	C	F6P	MNXM1107898	gradient	False	MNXM730546	5-hydroxy-L-tryptophan	v1_panel	carried	False	False	False	False
C__F6P__MNXM731537	C	F6P	MNXM1107898	gradient	False	MNXM731537	(4S)-perillyl alcohol	v3_gof_target	metanetx_xref	False	False	True	True
C__F6P__MNXM731760	C	F6P	MNXM1107898	gradient	False	MNXM731760	lipid IVA (E. coli)	v1_panel	carried	True	True	True	True
C__F6P__MNXM731939	C	F6P	MNXM1107898	gradient	False	MNXM731939	a malonyl-[acp]	v1_panel	carried	False	False	True	True
C__F6P__MNXM732166	C	F6P	MNXM1107898	gradient	False	MNXM732166	UDP-N-acetyl-alpha-D-muramoyl-L-alanyl-gamma-D-glutamyl-meso-2,6-diaminopimeloyl-D-alanyl-D-alanine	v1_panel	carried	True	True	True	True
C__F6P__MNXM732273	C	F6P	MNXM1107898	gradient	False	MNXM732273	a ubiquinol	v1_panel	carried	False	False	True	True
C__F6P__MNXM732487	C	F6P	MNXM1107898	gradient	False	MNXM732487	hypoxanthine	v3_lof_target	normalized_name_in_X	True	True	True	True
C__F6P__MNXM733114	C	F6P	MNXM1107898	gradient	False	MNXM733114	guanine	v3_lof_target	exact_name_in_X	True	True	True	True
C__F6P__MNXM733515	C	F6P	MNXM1107898	gradient	False	MNXM733515	1,4-alpha-D-glucan	v3_gof_near	inserted_reaction_product	True	True	False	False
C__F6P__MNXM733758	C	F6P	MNXM1107898	gradient	False	MNXM733758	lactate	v3_gof_target	metanetx_xref	False	False	True	True
C__F6P__MNXM733934	C	F6P	MNXM1107898	gradient	False	MNXM733934	(R)-5-diphosphomevalonate	v1_panel	carried	False	False	False	False
C__F6P__MNXM734041	C	F6P	MNXM1107898	gradient	False	MNXM734041	dipalmitoyl phosphatidylglycerol	v1_panel	carried	True	True	True	True
C__F6P__MNXM734573	C	F6P	MNXM1107898	gradient	False	MNXM734573	aldehydo-D-xylose	v3_gof_near	inserted_reaction_product	False	False	True	True
C__F6P__MNXM734859	C	F6P	MNXM1107898	gradient	False	MNXM734859	aldehydo-L-arabinose	v3_gof_near	inserted_reaction_product	True	True	True	True
C__F6P__MNXM735208	C	F6P	MNXM1107898	gradient	False	MNXM735208	4-hydroxyphenylacetate	v3_gof_target	metanetx_xref	False	True	True	True
C__F6P__MNXM737068	C	F6P	MNXM1107898	gradient	False	MNXM737068	xylitol	v3_gof_target	exact_name_in_X	False	False	True	True
C__F6P__MNXM737265	C	F6P	MNXM1107898	gradient	False	MNXM737265	2-phenylacetate	v3_gof_target	metanetx_xref	True	True	True	True
C__F6P__MNXM737751	C	F6P	MNXM1107898	gradient	False	MNXM737751	prenol	v3_gof_target	exact_name_in_X	False	False	True	True
C__F6P__MNXM737787	C	F6P	MNXM1107898	gradient	False	MNXM737787	L-serine	v1_panel,v3_gof_target,v3_lof_target	carried,exact_name_in_X,normalized_name_in_X	True	True	True	True
C__F6P__MNXM738068	C	F6P	MNXM1107898	gradient	False	MNXM738068	L-cysteine	v1_panel,v3_gof_near,v3_lof_target	carried,exact_name_in_X,inserted_reaction_product	True	True	True	True
C__F6P__MNXM738152	C	F6P	MNXM1107898	gradient	False	MNXM738152	(2S)-naringenin	v1_panel,v3_gof_target	carried,exact_name_in_X	False	False	True	True
C__F6P__MNXM738153	C	F6P	MNXM1107898	gradient	False	MNXM738153	naringenin	v3_gof_target	normalized_name_in_X	False	False	True	True
C__F6P__MNXM738283	C	F6P	MNXM1107898	gradient	False	MNXM738283	(R)-5-phosphomevalonate	v1_panel	carried	False	False	True	False
C__F6P__MNXM738702	C	F6P	MNXM1107898	gradient	False	MNXM738702	NADPH	v3_gof_target	exact_name_in_X	True	True	True	True
C__F6P__MNXM738804	C	F6P	MNXM1107898	gradient	False	MNXM738804	L-methionine	v1_panel,v3_gof_target,v3_lof_target	carried,exact_name_in_X,normalized_name_in_X	True	True	True	True
C__F6P__MNXM738940	C	F6P	MNXM1107898	gradient	False	MNXM738940	(+)-copalyl diphosphate	v1_panel	carried	False	False	False	False
C__F6P__MNXM739527	C	F6P	MNXM1107898	gradient	False	MNXM739527	L-arginine	v1_panel,v3_gof_target,v3_lof_target	carried,exact_name_in_X,normalized_name_in_X	True	True	True	True
C__F6P__MNXM739592	C	F6P	MNXM1107898	gradient	False	MNXM739592	Phosphatidylethanolamine (dihexadec-9enoyl, n-C16:1)	v1_panel	carried	True	True	True	True
C__F6P__MNXM739991	C	F6P	MNXM1107898	gradient	False	MNXM739991	Phosphatidylglycerol (dihexadec-9-enoyl, n-C16:1)	v1_panel	carried	True	True	True	True
C__F6P__MNXM740315	C	F6P	MNXM1107898	gradient	False	MNXM740315	(2E)-geraniol	v3_gof_target	metanetx_xref	False	False	True	True
C__F6P__MNXM741173	C	F6P	MNXM1107898	gradient	False	MNXM741173	L-glutamate	v1_panel,v3_gof_near	carried,inserted_reaction_product	True	True	True	True
C__F6P__MNXM741276	C	F6P	MNXM1107898	gradient	False	MNXM741276	2-methylcitrate	v3_gof_near	inserted_reaction_product	True	False	True	False
C__F6P__MNXM741553	C	F6P	MNXM1107898	gradient	False	MNXM741553	L-tryptophan	v1_panel,v3_lof_target	carried,exact_name_in_X	True	True	True	True
C__F6P__MNXM741595	C	F6P	MNXM1107898	gradient	False	MNXM741595	S-formylglutathione	v3_gof_near	inserted_reaction_product	True	True	True	True
C__F6P__MNXM741664	C	F6P	MNXM1107898	gradient	False	MNXM741664	L-phenylalanine	v1_panel,v3_gof_target,v3_lof_target	carried,exact_name_in_X	True	True	True	True
C__F6P__MNXM75	C	F6P	MNXM1107898	gradient	False	MNXM75	acetaldehyde	v1_panel,v3_gof_near	carried,inserted_reaction_product	True	True	True	True
C__F6P__MNXM76	C	F6P	MNXM1107898	gradient	False	MNXM76	L-tyrosine	v1_panel,v3_gof_near,v3_gof_target,v3_lof_target	carried,exact_name_in_X,inserted_reaction_product	True	True	True	True
C__F6P__MNXM78362	C	F6P	MNXM1107898	gradient	False	MNXM78362	Heme	v3_lof_target	normalized_name_in_X	False	False	True	True
C__F6P__MNXM792	C	F6P	MNXM1107898	gradient	False	MNXM792	5-aminopentanoate	v1_panel	carried	False	True	True	True
C__F6P__MNXM799	C	F6P	MNXM1107898	gradient	False	MNXM799	isochorismate	v3_gof_near	inserted_reaction_product	True	True	True	True
C__F6P__MNXM8	C	F6P	MNXM1107898	gradient	False	MNXM8	NAD(+)	v3_gof_near	inserted_reaction_product	True	True	True	True
C__F6P__MNXM83	C	F6P	MNXM1107898	gradient	False	MNXM83	isopentenyl diphosphate	v1_panel	carried	True	True	True	True
C__F6P__MNXM89612	C	F6P	MNXM1107898	gradient	False	MNXM89612	glycerol	v1_panel,v3_gof_near	carried,inserted_reaction_product	True	True	True	True
C__F6P__MNXM89698	C	F6P	MNXM1107898	gradient	False	MNXM89698	a 2,3,4-saturated fatty acid	v1_panel	carried	False	False	True	True
C__F6P__MNXM89949	C	F6P	MNXM1107898	gradient	False	MNXM89949	Cis-hexadec-9-enoyl-[acyl-carrier protein] (n-C16:1)	v1_panel	carried	True	True	True	True
C__F6P__MNXM89950	C	F6P	MNXM1107898	gradient	False	MNXM89950	Cis-octadec-11-enoyl-[acyl-carrier protein] (n-C18:1)	v1_panel	carried	True	True	True	True
C__F6P__MNXM943	C	F6P	MNXM1107898	gradient	False	MNXM943	cadaverine	v1_panel,v3_gof_target	carried,normalized_name_in_X	True	True	True	True
C__E4P__MNXM100	C	E4P	MNXM258	gradient	False	MNXM100	(2E)-geranyl diphosphate	v1_panel	carried	True	True	True	True
C__E4P__MNXM1021	C	E4P	MNXM258	gradient	False	MNXM1021	glutarate	v3_gof_target	exact_name_in_X	False	True	True	True
C__E4P__MNXM1092518	C	E4P	MNXM258	gradient	False	MNXM1092518	cis-aconitate	v1_panel	carried	True	True	True	True
C__E4P__MNXM1094052	C	E4P	MNXM258	gradient	False	MNXM1094052	propanoate	v3_gof_target	metanetx_xref	True	True	True	True
C__E4P__MNXM1101285	C	E4P	MNXM258	gradient	False	MNXM1101285	GMP	v1_panel	carried	True	True	True	True
C__E4P__MNXM1101868	C	E4P	MNXM258	gradient	False	MNXM1101868	IMP	v1_panel,v3_gof_target	carried,exact_name_in_X	True	True	True	True
C__E4P__MNXM1103616	C	E4P	MNXM258	gradient	False	MNXM1103616	hexanoyl-CoA	v1_panel	carried	True	True	True	True
C__E4P__MNXM1103802	C	E4P	MNXM258	gradient	False	MNXM1103802	acetoacetyl-CoA	v1_panel	carried	True	True	True	True
C__E4P__MNXM1103847	C	E4P	MNXM258	gradient	False	MNXM1103847	(2S)-2-acetolactate	v1_panel	carried	True	True	True	True
C__E4P__MNXM1103936	C	E4P	MNXM258	gradient	False	MNXM1103936	(6S)-5,6,7,8-tetrahydrofolate	v1_panel	carried	True	True	True	True
C__E4P__MNXM1104180	C	E4P	MNXM258	gradient	False	MNXM1104180	sucrose	v1_panel	carried	True	True	False	False
C__E4P__MNXM1104235	C	E4P	MNXM258	gradient	False	MNXM1104235	(3S)-3-hydroxy-3-methylglutaryl-CoA	v1_panel	carried	False	False	True	True
C__E4P__MNXM1104266	C	E4P	MNXM258	gradient	False	MNXM1104266	acetyl-CoA	v1_panel,v3_gof_near,v3_gof_target	carried,exact_name_in_X,inserted_reaction_product	True	True	True	True
C__E4P__MNXM1104300	C	E4P	MNXM258	gradient	False	MNXM1104300	butanoyl-CoA	v1_panel	carried	True	True	True	True
C__E4P__MNXM1104529	C	E4P	MNXM258	gradient	False	MNXM1104529	UDP-N-acetyl-alpha-D-glucosamine	v1_panel	carried	True	True	True	True
C__E4P__MNXM1104699	C	E4P	MNXM258	gradient	False	MNXM1104699	3-oxohexanoyl-CoA	v1_panel	carried	True	True	True	True
C__E4P__MNXM1104774	C	E4P	MNXM258	gradient	False	MNXM1104774	succinyl-CoA	v1_panel,v3_gof_target	carried,exact_name_in_X	True	True	True	True
C__E4P__MNXM1104823	C	E4P	MNXM258	gradient	False	MNXM1104823	UMP	v1_panel	carried	True	True	True	True
C__E4P__MNXM1105057	C	E4P	MNXM258	gradient	False	MNXM1105057	(R)-mevalonate	v1_panel	carried	False	False	True	True
C__E4P__MNXM1105732	C	E4P	MNXM258	gradient	False	MNXM1105732	L-alanine	v3_gof_target	exact_name_in_X,normalized_name_in_X	True	True	True	True
C__E4P__MNXM1105941	C	E4P	MNXM258	gradient	False	MNXM1105941	myo-inositol	v3_gof_target	exact_name_in_X	True	True	True	True
C__E4P__MNXM1106093	C	E4P	MNXM258	gradient	False	MNXM1106093	malonyl-CoA	v1_panel,v3_gof_near,v3_gof_target	carried,exact_name_in_X,inserted_reaction_product	True	True	True	True
C__E4P__MNXM1106761	C	E4P	MNXM258	gradient	False	MNXM1106761	L-leucine	v1_panel,v3_lof_target	carried,exact_name_in_X	True	True	True	True
C__E4P__MNXM1106823	C	E4P	MNXM258	gradient	False	MNXM1106823	1,2,4-butanetriol	v3_gof_target	normalized_name_in_X	False	False	True	True
C__E4P__MNXM1107139	C	E4P	MNXM258	gradient	False	MNXM1107139	an alditol	v3_gof_target	metanetx_xref	False	False	True	True
C__E4P__MNXM1107741	C	E4P	MNXM258	gradient	False	MNXM1107741	cyclic pyranopterin phosphate	v1_panel	carried	True	True	True	True
C__E4P__MNXM1107752	C	E4P	MNXM258	gradient	False	MNXM1107752	citrate	v1_panel	carried	True	True	True	True
C__E4P__MNXM1107769	C	E4P	MNXM258	gradient	False	MNXM1107769	L-histidine	v1_panel,v3_lof_target	carried,exact_name_in_X	True	True	True	True
C__E4P__MNXM1107821	C	E4P	MNXM258	gradient	False	MNXM1107821	L-asparagine	v1_panel	carried	True	True	True	True
C__E4P__MNXM1107898	C	E4P	MNXM258	gradient	False	MNXM1107898	beta-D-fructose 6-phosphate	v1_panel	carried	True	True	True	True
C__E4P__MNXM1107904	C	E4P	MNXM258	gradient	False	MNXM1107904	(S)-methylmalonyl-CoA	v3_gof_near	inserted_reaction_product	True	True	True	True
C__E4P__MNXM1108016	C	E4P	MNXM258	gradient	False	MNXM1108016	nicotinate beta-D-ribonucleotide	v3_gof_near	inserted_reaction_product	True	True	True	True
C__E4P__MNXM1108018	C	E4P	MNXM258	gradient	False	MNXM1108018	H2	v1_panel	carried	False	False	False	False
C__E4P__MNXM1108092	C	E4P	MNXM258	gradient	False	MNXM1108092	ethanol	v1_panel,v3_gof_target	carried,exact_name_in_X,normalized_name_in_X	True	True	True	True
C__E4P__MNXM1108176	C	E4P	MNXM258	gradient	False	MNXM1108176	D-galactose	v1_panel	carried	False	False	True	True
C__E4P__MNXM1108250	C	E4P	MNXM258	gradient	False	MNXM1108250	all-trans-beta-carotene	v1_panel,v3_gof_target	carried,metanetx_xref	False	False	False	False
C__E4P__MNXM1137654	C	E4P	MNXM258	gradient	False	MNXM1137654	(S)-acetoin	v1_panel	carried	False	False	False	False
C__E4P__MNXM1137687	C	E4P	MNXM258	gradient	False	MNXM1137687	3,4-dihydroxybenzoate	v1_panel	carried	False	False	False	False
C__E4P__MNXM114	C	E4P	MNXM258	gradient	False	MNXM114	L-proline	v1_panel,v3_lof_target	carried,exact_name_in_X	True	True	True	True
C__E4P__MNXM114436	C	E4P	MNXM258	gradient	False	MNXM114436	4a-hydroxy-N10-formyltetrahydrofolate	v1_panel	carried	False	False	False	False
C__E4P__MNXM114643	C	E4P	MNXM258	gradient	False	MNXM114643	an apo-[FeFe] hydrogenase subunit	v1_panel	carried	False	False	False	False
C__E4P__MNXM115	C	E4P	MNXM258	gradient	False	MNXM115	phosphatidylethanolamine	v1_panel,v3_gof_target	carried,exact_name_in_X	False	False	True	True
C__E4P__MNXM118	C	E4P	MNXM258	gradient	False	MNXM118	putrescine	v1_panel,v3_gof_target	carried,normalized_name_in_X	True	True	True	True
C__E4P__MNXM1255	C	E4P	MNXM258	gradient	False	MNXM1255	(S)-propane-1,2-diol	v3_gof_near	inserted_reaction_product	True	True	True	True
C__E4P__MNXM132	C	E4P	MNXM258	gradient	False	MNXM132	dimethylallyl diphosphate	v1_panel	carried	True	True	True	True
C__E4P__MNXM1326	C	E4P	MNXM258	gradient	False	MNXM1326	(S)-eriodictyol	v3_gof_target	metanetx_xref	False	False	True	True
C__E4P__MNXM1363773	C	E4P	MNXM258	gradient	False	MNXM1363773	all-trans-retinol	v3_gof_target	exact_name_in_X	False	False	True	True
C__E4P__MNXM1363833	C	E4P	MNXM258	gradient	False	MNXM1363833	(2E,6E)-farnesyl diphosphate	v1_panel	carried	False	False	True	True
C__E4P__MNXM1363910	C	E4P	MNXM258	gradient	False	MNXM1363910	alpha-D-ribofuranose 5-phosphate	v1_panel	carried	True	True	True	True
C__E4P__MNXM1363936	C	E4P	MNXM258	gradient	False	MNXM1363936	(2E)-butenoyl-CoA	v1_panel	carried	True	True	True	True
C__E4P__MNXM1363974	C	E4P	MNXM258	gradient	False	MNXM1363974	dTDP-4-dehydro-6-deoxy-alpha-D-glucose	v1_panel	carried	True	True	True	True
C__E4P__MNXM1364019	C	E4P	MNXM258	gradient	False	MNXM1364019	UDP-alpha-D-glucose	v3_gof_near	inserted_reaction_product	True	True	True	True
C__E4P__MNXM1364061	C	E4P	MNXM258	gradient	False	MNXM1364061	D-glucose	v1_panel	carried	True	True	True	True
C__E4P__MNXM1364111	C	E4P	MNXM258	gradient	False	MNXM1364111	D-glucose 6-phosphate	v1_panel	carried	True	True	True	True
C__E4P__MNXM1364140	C	E4P	MNXM258	gradient	False	MNXM1364140	(3R)-3-hydroxybutanoyl-CoA	v1_panel	carried	False	False	True	True
C__E4P__MNXM1364149	C	E4P	MNXM258	gradient	False	MNXM1364149	FAD	v1_panel	carried	True	True	True	True
C__E4P__MNXM1364174	C	E4P	MNXM258	gradient	False	MNXM1364174	N-acetyl-beta-D-glucosamine 6-phosphate	v1_panel,v3_gof_near	carried,inserted_reaction_product	True	True	True	True
C__E4P__MNXM1364229	C	E4P	MNXM258	gradient	False	MNXM1364229	beta-D-fructose 1,6-bisphosphate	v3_gof_near	inserted_reaction_product	True	True	True	True
C__E4P__MNXM1364266	C	E4P	MNXM258	gradient	False	MNXM1364266	propanoyl-CoA	v3_gof_near	inserted_reaction_product	True	True	True	True
C__E4P__MNXM1364268	C	E4P	MNXM258	gradient	False	MNXM1364268	L-lysine	v1_panel,v3_gof_target,v3_lof_target	carried,exact_name_in_X	True	True	True	True
C__E4P__MNXM1364476	C	E4P	MNXM258	gradient	False	MNXM1364476	protoporphyrin IX	v3_lof_target	exact_name_in_X	True	True	True	True
C__E4P__MNXM1364497	C	E4P	MNXM258	gradient	False	MNXM1364497	L-aspartate	v1_panel,v3_gof_target	carried,exact_name_in_X	True	True	True	True
C__E4P__MNXM1364686	C	E4P	MNXM258	gradient	False	MNXM1364686	1D-myo-inositol 3-phosphate	v1_panel,v3_gof_near	carried,inserted_reaction_product	False	False	True	True
C__E4P__MNXM1365590	C	E4P	MNXM258	gradient	False	MNXM1365590	molybdopterin	v3_gof_near	inserted_reaction_product	True	True	True	True
C__E4P__MNXM1368127	C	E4P	MNXM258	gradient	False	MNXM1368127	(3E,6E)-alpha-farnesene	v3_gof_target	metanetx_xref	False	False	False	False
C__E4P__MNXM1368744	C	E4P	MNXM258	gradient	False	MNXM1368744	2-oxoglutarate	v1_panel,v3_gof_near,v3_gof_target	carried,exact_name_in_X,inserted_reaction_product	True	True	True	True
C__E4P__MNXM1369302	C	E4P	MNXM258	gradient	False	MNXM1369302	thymine	v3_lof_target	exact_name_in_X	True	True	True	True
C__E4P__MNXM1370019	C	E4P	MNXM258	gradient	False	MNXM1370019	(E)-4-coumarate	v1_panel	carried	False	False	True	True
C__E4P__MNXM1370262	C	E4P	MNXM258	gradient	False	MNXM1370262	15-cis-phytoene	v1_panel	carried	False	False	False	False
C__E4P__MNXM1370620	C	E4P	MNXM258	gradient	False	MNXM1370620	N-acetyl-L-glutamate	v3_gof_near	inserted_reaction_product	True	True	True	True
C__E4P__MNXM1370996	C	E4P	MNXM258	gradient	False	MNXM1370996	caffeic acid	v3_gof_target	exact_name_in_X	True	True	True	True
C__E4P__MNXM1371362	C	E4P	MNXM258	gradient	False	MNXM1371362	(R)-lactate	v1_panel,v3_gof_near,v3_gof_target	carried,inserted_reaction_product,metanetx_xref	True	True	True	True
C__E4P__MNXM1371363	C	E4P	MNXM258	gradient	False	MNXM1371363	(S)-lactate	v3_gof_near	inserted_reaction_product	True	True	True	True
C__E4P__MNXM1371612	C	E4P	MNXM258	gradient	False	MNXM1371612	(R)-pantothenate	v1_panel	carried	True	True	True	True
C__E4P__MNXM1372044	C	E4P	MNXM258	gradient	False	MNXM1372044	glyceraldehyde 3-phosphate	v1_panel	carried	True	True	True	True
C__E4P__MNXM1372147	C	E4P	MNXM258	gradient	False	MNXM1372147	(4R)-limonene	v1_panel	carried	False	False	False	False
C__E4P__MNXM1372148	C	E4P	MNXM258	gradient	False	MNXM1372148	(4S)-limonene	v3_gof_target	exact_name_in_X	False	False	True	True
C__E4P__MNXM1410	C	E4P	MNXM258	gradient	False	MNXM1410	5-oxopentanoate	v1_panel	carried	False	True	True	True
C__E4P__MNXM142	C	E4P	MNXM258	gradient	False	MNXM142	L-threonine	v1_panel,v3_gof_near,v3_gof_target,v3_lof_target	carried,exact_name_in_X,inserted_reaction_product	True	True	True	True
C__E4P__MNXM144	C	E4P	MNXM258	gradient	False	MNXM144	beta-alanine	v3_gof_target	normalized_name_in_X	True	True	True	True
C__E4P__MNXM145	C	E4P	MNXM258	gradient	False	MNXM145	D-ribulose 5-phosphate	v1_panel	carried	True	True	True	True
C__E4P__MNXM161	C	E4P	MNXM258	gradient	False	MNXM161	pyridoxal 5'-phosphate	v1_panel	carried	True	True	True	True
C__E4P__MNXM162	C	E4P	MNXM258	gradient	False	MNXM162	D-threo-isocitrate	v1_panel	carried	False	False	True	True
C__E4P__MNXM162231	C	E4P	MNXM258	gradient	False	MNXM162231	NAD(P)H	v1_panel,v3_gof_near	carried,inserted_reaction_product	False	False	True	True
C__E4P__MNXM163519	C	E4P	MNXM258	gradient	False	MNXM163519	a lipid II	v1_panel	carried	False	False	True	True
C__E4P__MNXM164	C	E4P	MNXM258	gradient	False	MNXM164	4-hydroxybenzoate	v1_panel	carried	True	True	True	True
C__E4P__MNXM1653	C	E4P	MNXM258	gradient	False	MNXM1653	hexanoate	v3_gof_target	exact_name_in_X	True	True	True	True
C__E4P__MNXM169454	C	E4P	MNXM258	gradient	False	MNXM169454	D-xylose	v1_panel	carried	True	True	True	True
C__E4P__MNXM1734	C	E4P	MNXM258	gradient	False	MNXM1734	D-galactonate	v3_gof_target	exact_name_in_X	True	True	True	True
C__E4P__MNXM1737	C	E4P	MNXM258	gradient	False	MNXM1737	D-xylono-1,5-lactone	v3_gof_near	inserted_reaction_product	False	False	False	False
C__E4P__MNXM1747	C	E4P	MNXM258	gradient	False	MNXM1747	itaconate	v3_gof_target	exact_name_in_X	False	False	True	True
C__E4P__MNXM1812	C	E4P	MNXM258	gradient	False	MNXM1812	penicillin G	v3_gof_target	exact_name_in_X	False	False	False	False
C__E4P__MNXM18358	C	E4P	MNXM258	gradient	False	MNXM18358	hexan-1-ol	v1_panel	carried	False	False	True	True
C__E4P__MNXM199	C	E4P	MNXM258	gradient	False	MNXM199	L-valine	v3_gof_target,v3_lof_target	exact_name_in_X	True	True	True	True
C__E4P__MNXM2022	C	E4P	MNXM258	gradient	False	MNXM2022	beta-myrcene	v1_panel	carried	False	False	False	False
C__E4P__MNXM2090	C	E4P	MNXM258	gradient	False	MNXM2090	5-aminopentanamide	v1_panel	carried	False	False	False	False
C__E4P__MNXM2105	C	E4P	MNXM258	gradient	False	MNXM2105	butanoyl phosphate	v1_panel	carried	False	False	True	True
C__E4P__MNXM2138	C	E4P	MNXM258	gradient	False	MNXM2138	N-acetyl-beta-D-glucosamine	v3_gof_target	metanetx_xref	False	False	True	True
C__E4P__MNXM222	C	E4P	MNXM258	gradient	False	MNXM222	glycolate	v3_gof_near	inserted_reaction_product	True	True	True	True
C__E4P__MNXM23	C	E4P	MNXM258	gradient	False	MNXM23	pyruvate	v1_panel,v3_gof_near,v3_gof_target	carried,exact_name_in_X,inserted_reaction_product	True	True	True	True
C__E4P__MNXM2334	C	E4P	MNXM258	gradient	False	MNXM2334	4-hydroxybutanoyl-CoA	v1_panel	carried	False	False	False	False
C__E4P__MNXM2476	C	E4P	MNXM258	gradient	False	MNXM2476	2-phenylethanol	v3_gof_target	exact_name_in_X	False	False	True	True
C__E4P__MNXM25	C	E4P	MNXM258	gradient	False	MNXM25	succinate	v1_panel,v3_gof_target,v3_lof_target	carried,exact_name_in_X,normalized_name_in_X	True	True	True	True
C__E4P__MNXM256	C	E4P	MNXM258	gradient	False	MNXM256	thiamine diphosphate	v1_panel	carried	True	True	True	True
C__E4P__MNXM257	C	E4P	MNXM258	gradient	False	MNXM257	dTMP	v1_panel	carried	True	True	True	True
C__E4P__MNXM26	C	E4P	MNXM258	gradient	False	MNXM26	acetate	v1_panel,v3_gof_near,v3_gof_target	carried,exact_name_in_X,inserted_reaction_product	True	True	True	True
C__E4P__MNXM270	C	E4P	MNXM258	gradient	False	MNXM270	riboflavin	v1_panel,v3_gof_target,v3_lof_target	carried,exact_name_in_X	True	True	True	True
C__E4P__MNXM279	C	E4P	MNXM258	gradient	False	MNXM279	L-dopa	v3_gof_target	normalized_name_in_X	False	False	True	True
C__E4P__MNXM280	C	E4P	MNXM258	gradient	False	MNXM280	acetyl phosphate	v3_gof_near	inserted_reaction_product	True	True	True	True
C__E4P__MNXM2861	C	E4P	MNXM258	gradient	False	MNXM2861	propane-1,3-diol	v3_gof_target	metanetx_xref	True	False	False	False
C__E4P__MNXM29	C	E4P	MNXM258	gradient	False	MNXM29	glycine	v1_panel	carried	True	True	True	True
C__E4P__MNXM304	C	E4P	MNXM258	gradient	False	MNXM304	biotin	v1_panel,v3_lof_target	carried,exact_name_in_X	True	True	True	True
C__E4P__MNXM3085	C	E4P	MNXM258	gradient	False	MNXM3085	propan-2-ol	v3_gof_near	inserted_reaction_product	False	False	True	True
C__E4P__MNXM315	C	E4P	MNXM258	gradient	False	MNXM315	indole-3-pyruvate	v1_panel,v3_gof_near	carried,inserted_reaction_product	False	True	True	True
C__E4P__MNXM320	C	E4P	MNXM258	gradient	False	MNXM320	phenol	v3_gof_target	exact_name_in_X	False	False	True	True
C__E4P__MNXM3230	C	E4P	MNXM258	gradient	False	MNXM3230	butan-1-ol	v3_gof_near,v3_gof_target	inserted_reaction_product,metanetx_xref	False	False	True	True
C__E4P__MNXM3288	C	E4P	MNXM258	gradient	False	MNXM3288	isoprene	v3_gof_target	normalized_name_in_X	False	False	False	False
C__E4P__MNXM337	C	E4P	MNXM258	gradient	False	MNXM337	chorismate	v1_panel	carried	True	True	True	True
C__E4P__MNXM361	C	E4P	MNXM258	gradient	False	MNXM361	L-aspartate 4-semialdehyde	v3_gof_near	inserted_reaction_product	True	True	True	True
C__E4P__MNXM37	C	E4P	MNXM258	gradient	False	MNXM37	L-glutamine	v1_panel,v3_gof_target,v3_lof_target	carried,exact_name_in_X	True	True	True	True
C__E4P__MNXM39	C	E4P	MNXM258	gradient	False	MNXM39	formate	v1_panel,v3_gof_near	carried,inserted_reaction_product	True	True	True	True
C__E4P__MNXM398	C	E4P	MNXM258	gradient	False	MNXM398	acetone	v3_gof_target	exact_name_in_X	False	False	True	True
C__E4P__MNXM404	C	E4P	MNXM258	gradient	False	MNXM404	4-methyl-2-oxopentanoate	v1_panel	carried	True	True	True	True
C__E4P__MNXM405	C	E4P	MNXM258	gradient	False	MNXM405	5-aminolevulinate	v1_panel	carried	True	True	True	True
C__E4P__MNXM419	C	E4P	MNXM258	gradient	False	MNXM419	pyridoxine	v3_lof_target	exact_name_in_X	True	True	True	True
C__E4P__MNXM420	C	E4P	MNXM258	gradient	False	MNXM420	thymidine	v3_lof_target	exact_name_in_X	True	True	True	True
C__E4P__MNXM421	C	E4P	MNXM258	gradient	False	MNXM421	4-aminobenzoate	v1_panel,v3_gof_target	carried,exact_name_in_X	True	True	True	True
C__E4P__MNXM458	C	E4P	MNXM258	gradient	False	MNXM458	butanoate	v1_panel,v3_gof_target	carried,metanetx_xref	True	True	True	True
C__E4P__MNXM46	C	E4P	MNXM258	gradient	False	MNXM46	oxaloacetate	v1_panel,v3_gof_near	carried,inserted_reaction_product	True	True	True	True
C__E4P__MNXM460	C	E4P	MNXM258	gradient	False	MNXM460	dihydroxyacetone	v3_gof_target	exact_name_in_X	True	True	True	True
C__E4P__MNXM4964	C	E4P	MNXM258	gradient	False	MNXM4964	4-tyrosol	v1_panel	carried	False	False	True	True
C__E4P__MNXM5	C	E4P	MNXM258	gradient	False	MNXM5	NADP(+)	v3_gof_near	inserted_reaction_product	True	True	True	True
C__E4P__MNXM5188	C	E4P	MNXM258	gradient	False	MNXM5188	isobutanol	v3_gof_target	exact_name_in_X	False	False	True	True
C__E4P__MNXM529	C	E4P	MNXM258	gradient	False	MNXM529	meso-2,6-diaminopimelate	v1_panel	carried	True	True	True	True
C__E4P__MNXM554	C	E4P	MNXM258	gradient	False	MNXM554	porphobilinogen	v1_panel	carried	True	True	True	True
C__E4P__MNXM555	C	E4P	MNXM258	gradient	False	MNXM555	quinolinate	v1_panel	carried	True	True	True	True
C__E4P__MNXM573	C	E4P	MNXM258	gradient	False	MNXM573	(E)-ferulate	v3_gof_target	metanetx_xref	False	False	False	False
C__E4P__MNXM5901	C	E4P	MNXM258	gradient	False	MNXM5901	pinocembrin chalcone	v1_panel	carried	False	False	False	False
C__E4P__MNXM593	C	E4P	MNXM258	gradient	False	MNXM593	(R)-pantoate	v1_panel	carried	True	True	True	True
C__E4P__MNXM59345	C	E4P	MNXM258	gradient	False	MNXM59345	D-cycloserine	v3_gof_target	exact_name_in_X	False	False	False	False
C__E4P__MNXM602	C	E4P	MNXM258	gradient	False	MNXM602	shikimate	v3_gof_near,v3_gof_target	exact_name_in_X,inserted_reaction_product,normalized_name_in_X	True	True	True	True
C__E4P__MNXM603	C	E4P	MNXM258	gradient	False	MNXM603	tyramine	v1_panel	carried	False	True	True	True
C__E4P__MNXM6097	C	E4P	MNXM258	gradient	False	MNXM6097	3-oxopropane-1-sulfonate	v1_panel	carried	False	False	False	False
C__E4P__MNXM617	C	E4P	MNXM258	gradient	False	MNXM617	folate	v3_lof_target	exact_name_in_X	False	False	True	True
C__E4P__MNXM622	C	E4P	MNXM258	gradient	False	MNXM622	1-deoxy-D-xylulose 5-phosphate	v1_panel	carried	True	True	True	True
C__E4P__MNXM6396	C	E4P	MNXM258	gradient	False	MNXM6396	1-propanol	v3_gof_target	exact_name_in_X	False	False	True	True
C__E4P__MNXM645	C	E4P	MNXM258	gradient	False	MNXM645	3,4-dihydroxyphenylacetate	v1_panel	carried	False	True	True	True
C__E4P__MNXM66	C	E4P	MNXM258	gradient	False	MNXM66	sn-glycerol 3-phosphate	v1_panel	carried	True	True	True	True
C__E4P__MNXM664	C	E4P	MNXM258	gradient	False	MNXM664	(R)-acetoin	v1_panel,v3_gof_near,v3_gof_target	carried,exact_name_in_X,inserted_reaction_product	False	False	True	True
C__E4P__MNXM704	C	E4P	MNXM258	gradient	False	MNXM704	2'-deoxycytidine	v3_gof_target	metanetx_xref	True	True	True	True
C__E4P__MNXM725992	C	E4P	MNXM258	gradient	False	MNXM725992	Phosphatidylglycerol	v1_panel	carried	False	False	True	True
C__E4P__MNXM727604	C	E4P	MNXM258	gradient	False	MNXM727604	(2R)-3-phosphoglycerate	v1_panel	carried	True	True	True	True
C__E4P__MNXM728266	C	E4P	MNXM258	gradient	False	MNXM728266	(2E,6E,10E)-geranylgeranyl diphosphate	v1_panel	carried	False	False	True	True
C__E4P__MNXM728294	C	E4P	MNXM258	gradient	False	MNXM728294	AMP	v1_panel	carried	True	True	True	True
C__E4P__MNXM728337	C	E4P	MNXM258	gradient	False	MNXM728337	L-isoleucine	v1_panel,v3_lof_target	carried,exact_name_in_X	True	True	True	True
C__E4P__MNXM728536	C	E4P	MNXM258	gradient	False	MNXM728536	palmitoyl-[acyl-carrier protein]	v1_panel	carried	True	True	True	True
C__E4P__MNXM728578	C	E4P	MNXM258	gradient	False	MNXM728578	Fatty-Acids	v3_gof_target	normalized_name_in_X	False	False	True	True
C__E4P__MNXM728682	C	E4P	MNXM258	gradient	False	MNXM728682	beta-D-glucuronate	v1_panel	carried	False	False	True	True
C__E4P__MNXM729216	C	E4P	MNXM258	gradient	False	MNXM729216	N-acetylmuramate 6-phosphate	v3_gof_near	inserted_reaction_product	True	True	True	True
C__E4P__MNXM729799	C	E4P	MNXM258	gradient	False	MNXM729799	methanol	v3_gof_near	inserted_reaction_product	False	False	True	True
C__E4P__MNXM73	C	E4P	MNXM258	gradient	False	MNXM73	phosphoenolpyruvate	v1_panel	carried	True	True	True	True
C__E4P__MNXM730135	C	E4P	MNXM258	gradient	False	MNXM730135	thiamine	v3_lof_target	exact_name_in_X	True	True	True	True
C__E4P__MNXM730546	C	E4P	MNXM258	gradient	False	MNXM730546	5-hydroxy-L-tryptophan	v1_panel	carried	False	False	False	False
C__E4P__MNXM731537	C	E4P	MNXM258	gradient	False	MNXM731537	(4S)-perillyl alcohol	v3_gof_target	metanetx_xref	False	False	True	True
C__E4P__MNXM731760	C	E4P	MNXM258	gradient	False	MNXM731760	lipid IVA (E. coli)	v1_panel	carried	True	True	True	True
C__E4P__MNXM731939	C	E4P	MNXM258	gradient	False	MNXM731939	a malonyl-[acp]	v1_panel	carried	False	False	True	True
C__E4P__MNXM732166	C	E4P	MNXM258	gradient	False	MNXM732166	UDP-N-acetyl-alpha-D-muramoyl-L-alanyl-gamma-D-glutamyl-meso-2,6-diaminopimeloyl-D-alanyl-D-alanine	v1_panel	carried	True	True	True	True
C__E4P__MNXM732273	C	E4P	MNXM258	gradient	False	MNXM732273	a ubiquinol	v1_panel	carried	False	False	True	True
C__E4P__MNXM732487	C	E4P	MNXM258	gradient	False	MNXM732487	hypoxanthine	v3_lof_target	normalized_name_in_X	True	True	True	True
C__E4P__MNXM733114	C	E4P	MNXM258	gradient	False	MNXM733114	guanine	v3_lof_target	exact_name_in_X	True	True	True	True
C__E4P__MNXM733515	C	E4P	MNXM258	gradient	False	MNXM733515	1,4-alpha-D-glucan	v3_gof_near	inserted_reaction_product	True	True	False	False
C__E4P__MNXM733758	C	E4P	MNXM258	gradient	False	MNXM733758	lactate	v3_gof_target	metanetx_xref	False	False	True	True
C__E4P__MNXM733934	C	E4P	MNXM258	gradient	False	MNXM733934	(R)-5-diphosphomevalonate	v1_panel	carried	False	False	False	False
C__E4P__MNXM734041	C	E4P	MNXM258	gradient	False	MNXM734041	dipalmitoyl phosphatidylglycerol	v1_panel	carried	True	True	True	True
C__E4P__MNXM734573	C	E4P	MNXM258	gradient	False	MNXM734573	aldehydo-D-xylose	v3_gof_near	inserted_reaction_product	False	False	True	True
C__E4P__MNXM734859	C	E4P	MNXM258	gradient	False	MNXM734859	aldehydo-L-arabinose	v3_gof_near	inserted_reaction_product	True	True	True	True
C__E4P__MNXM735208	C	E4P	MNXM258	gradient	False	MNXM735208	4-hydroxyphenylacetate	v3_gof_target	metanetx_xref	False	True	True	True
C__E4P__MNXM737068	C	E4P	MNXM258	gradient	False	MNXM737068	xylitol	v3_gof_target	exact_name_in_X	False	False	True	True
C__E4P__MNXM737265	C	E4P	MNXM258	gradient	False	MNXM737265	2-phenylacetate	v3_gof_target	metanetx_xref	True	True	True	True
C__E4P__MNXM737751	C	E4P	MNXM258	gradient	False	MNXM737751	prenol	v3_gof_target	exact_name_in_X	False	False	True	True
C__E4P__MNXM737787	C	E4P	MNXM258	gradient	False	MNXM737787	L-serine	v1_panel,v3_gof_target,v3_lof_target	carried,exact_name_in_X,normalized_name_in_X	True	True	True	True
C__E4P__MNXM738068	C	E4P	MNXM258	gradient	False	MNXM738068	L-cysteine	v1_panel,v3_gof_near,v3_lof_target	carried,exact_name_in_X,inserted_reaction_product	True	True	True	True
C__E4P__MNXM738152	C	E4P	MNXM258	gradient	False	MNXM738152	(2S)-naringenin	v1_panel,v3_gof_target	carried,exact_name_in_X	False	False	True	True
C__E4P__MNXM738153	C	E4P	MNXM258	gradient	False	MNXM738153	naringenin	v3_gof_target	normalized_name_in_X	False	False	True	True
C__E4P__MNXM738283	C	E4P	MNXM258	gradient	False	MNXM738283	(R)-5-phosphomevalonate	v1_panel	carried	False	False	True	False
C__E4P__MNXM738702	C	E4P	MNXM258	gradient	False	MNXM738702	NADPH	v3_gof_target	exact_name_in_X	True	True	True	True
C__E4P__MNXM738804	C	E4P	MNXM258	gradient	False	MNXM738804	L-methionine	v1_panel,v3_gof_target,v3_lof_target	carried,exact_name_in_X,normalized_name_in_X	True	True	True	True
C__E4P__MNXM738940	C	E4P	MNXM258	gradient	False	MNXM738940	(+)-copalyl diphosphate	v1_panel	carried	False	False	False	False
C__E4P__MNXM739527	C	E4P	MNXM258	gradient	False	MNXM739527	L-arginine	v1_panel,v3_gof_target,v3_lof_target	carried,exact_name_in_X,normalized_name_in_X	True	True	True	True
C__E4P__MNXM739592	C	E4P	MNXM258	gradient	False	MNXM739592	Phosphatidylethanolamine (dihexadec-9enoyl, n-C16:1)	v1_panel	carried	True	True	True	True
C__E4P__MNXM739991	C	E4P	MNXM258	gradient	False	MNXM739991	Phosphatidylglycerol (dihexadec-9-enoyl, n-C16:1)	v1_panel	carried	True	True	True	True
C__E4P__MNXM740315	C	E4P	MNXM258	gradient	False	MNXM740315	(2E)-geraniol	v3_gof_target	metanetx_xref	False	False	True	True
C__E4P__MNXM741173	C	E4P	MNXM258	gradient	False	MNXM741173	L-glutamate	v1_panel,v3_gof_near	carried,inserted_reaction_product	True	True	True	True
C__E4P__MNXM741276	C	E4P	MNXM258	gradient	False	MNXM741276	2-methylcitrate	v3_gof_near	inserted_reaction_product	True	False	True	False
C__E4P__MNXM741553	C	E4P	MNXM258	gradient	False	MNXM741553	L-tryptophan	v1_panel,v3_lof_target	carried,exact_name_in_X	True	True	True	True
C__E4P__MNXM741595	C	E4P	MNXM258	gradient	False	MNXM741595	S-formylglutathione	v3_gof_near	inserted_reaction_product	True	True	True	True
C__E4P__MNXM741664	C	E4P	MNXM258	gradient	False	MNXM741664	L-phenylalanine	v1_panel,v3_gof_target,v3_lof_target	carried,exact_name_in_X	True	True	True	True
C__E4P__MNXM75	C	E4P	MNXM258	gradient	False	MNXM75	acetaldehyde	v1_panel,v3_gof_near	carried,inserted_reaction_product	True	True	True	True
C__E4P__MNXM76	C	E4P	MNXM258	gradient	False	MNXM76	L-tyrosine	v1_panel,v3_gof_near,v3_gof_target,v3_lof_target	carried,exact_name_in_X,inserted_reaction_product	True	True	True	True
C__E4P__MNXM78362	C	E4P	MNXM258	gradient	False	MNXM78362	Heme	v3_lof_target	normalized_name_in_X	False	False	True	True
C__E4P__MNXM792	C	E4P	MNXM258	gradient	False	MNXM792	5-aminopentanoate	v1_panel	carried	False	True	True	True
C__E4P__MNXM799	C	E4P	MNXM258	gradient	False	MNXM799	isochorismate	v3_gof_near	inserted_reaction_product	True	True	True	True
C__E4P__MNXM8	C	E4P	MNXM258	gradient	False	MNXM8	NAD(+)	v3_gof_near	inserted_reaction_product	True	True	True	True
C__E4P__MNXM83	C	E4P	MNXM258	gradient	False	MNXM83	isopentenyl diphosphate	v1_panel	carried	True	True	True	True
C__E4P__MNXM89612	C	E4P	MNXM258	gradient	False	MNXM89612	glycerol	v1_panel,v3_gof_near	carried,inserted_reaction_product	True	True	True	True
C__E4P__MNXM89698	C	E4P	MNXM258	gradient	False	MNXM89698	a 2,3,4-saturated fatty acid	v1_panel	carried	False	False	True	True
C__E4P__MNXM89949	C	E4P	MNXM258	gradient	False	MNXM89949	Cis-hexadec-9-enoyl-[acyl-carrier protein] (n-C16:1)	v1_panel	carried	True	True	True	True
C__E4P__MNXM89950	C	E4P	MNXM258	gradient	False	MNXM89950	Cis-octadec-11-enoyl-[acyl-carrier protein] (n-C18:1)	v1_panel	carried	True	True	True	True
C__E4P__MNXM943	C	E4P	MNXM258	gradient	False	MNXM943	cadaverine	v1_panel,v3_gof_target	carried,normalized_name_in_X	True	True	True	True
C__R5P__MNXM100	C	R5P	MNXM1363910	gradient	False	MNXM100	(2E)-geranyl diphosphate	v1_panel	carried	True	True	True	True
C__R5P__MNXM1021	C	R5P	MNXM1363910	gradient	False	MNXM1021	glutarate	v3_gof_target	exact_name_in_X	False	True	True	True
C__R5P__MNXM1092518	C	R5P	MNXM1363910	gradient	False	MNXM1092518	cis-aconitate	v1_panel	carried	True	True	True	True
C__R5P__MNXM1094052	C	R5P	MNXM1363910	gradient	False	MNXM1094052	propanoate	v3_gof_target	metanetx_xref	True	True	True	True
C__R5P__MNXM1101285	C	R5P	MNXM1363910	gradient	False	MNXM1101285	GMP	v1_panel	carried	True	True	True	True
C__R5P__MNXM1101868	C	R5P	MNXM1363910	gradient	False	MNXM1101868	IMP	v1_panel,v3_gof_target	carried,exact_name_in_X	True	True	True	True
C__R5P__MNXM1103616	C	R5P	MNXM1363910	gradient	False	MNXM1103616	hexanoyl-CoA	v1_panel	carried	True	True	True	True
C__R5P__MNXM1103802	C	R5P	MNXM1363910	gradient	False	MNXM1103802	acetoacetyl-CoA	v1_panel	carried	True	True	True	True
C__R5P__MNXM1103847	C	R5P	MNXM1363910	gradient	False	MNXM1103847	(2S)-2-acetolactate	v1_panel	carried	True	True	True	True
C__R5P__MNXM1103936	C	R5P	MNXM1363910	gradient	False	MNXM1103936	(6S)-5,6,7,8-tetrahydrofolate	v1_panel	carried	True	True	True	True
C__R5P__MNXM1104180	C	R5P	MNXM1363910	gradient	False	MNXM1104180	sucrose	v1_panel	carried	True	True	False	False
C__R5P__MNXM1104235	C	R5P	MNXM1363910	gradient	False	MNXM1104235	(3S)-3-hydroxy-3-methylglutaryl-CoA	v1_panel	carried	False	False	True	True
C__R5P__MNXM1104266	C	R5P	MNXM1363910	gradient	False	MNXM1104266	acetyl-CoA	v1_panel,v3_gof_near,v3_gof_target	carried,exact_name_in_X,inserted_reaction_product	True	True	True	True
C__R5P__MNXM1104300	C	R5P	MNXM1363910	gradient	False	MNXM1104300	butanoyl-CoA	v1_panel	carried	True	True	True	True
C__R5P__MNXM1104529	C	R5P	MNXM1363910	gradient	False	MNXM1104529	UDP-N-acetyl-alpha-D-glucosamine	v1_panel	carried	True	True	True	True
C__R5P__MNXM1104699	C	R5P	MNXM1363910	gradient	False	MNXM1104699	3-oxohexanoyl-CoA	v1_panel	carried	True	True	True	True
C__R5P__MNXM1104774	C	R5P	MNXM1363910	gradient	False	MNXM1104774	succinyl-CoA	v1_panel,v3_gof_target	carried,exact_name_in_X	True	True	True	True
C__R5P__MNXM1104823	C	R5P	MNXM1363910	gradient	False	MNXM1104823	UMP	v1_panel	carried	True	True	True	True
C__R5P__MNXM1105057	C	R5P	MNXM1363910	gradient	False	MNXM1105057	(R)-mevalonate	v1_panel	carried	False	False	True	True
C__R5P__MNXM1105732	C	R5P	MNXM1363910	gradient	False	MNXM1105732	L-alanine	v3_gof_target	exact_name_in_X,normalized_name_in_X	True	True	True	True
C__R5P__MNXM1105941	C	R5P	MNXM1363910	gradient	False	MNXM1105941	myo-inositol	v3_gof_target	exact_name_in_X	True	True	True	True
C__R5P__MNXM1106093	C	R5P	MNXM1363910	gradient	False	MNXM1106093	malonyl-CoA	v1_panel,v3_gof_near,v3_gof_target	carried,exact_name_in_X,inserted_reaction_product	True	True	True	True
C__R5P__MNXM1106761	C	R5P	MNXM1363910	gradient	False	MNXM1106761	L-leucine	v1_panel,v3_lof_target	carried,exact_name_in_X	True	True	True	True
C__R5P__MNXM1106823	C	R5P	MNXM1363910	gradient	False	MNXM1106823	1,2,4-butanetriol	v3_gof_target	normalized_name_in_X	False	False	True	True
C__R5P__MNXM1107139	C	R5P	MNXM1363910	gradient	False	MNXM1107139	an alditol	v3_gof_target	metanetx_xref	False	False	True	True
C__R5P__MNXM1107741	C	R5P	MNXM1363910	gradient	False	MNXM1107741	cyclic pyranopterin phosphate	v1_panel	carried	True	True	True	True
C__R5P__MNXM1107752	C	R5P	MNXM1363910	gradient	False	MNXM1107752	citrate	v1_panel	carried	True	True	True	True
C__R5P__MNXM1107769	C	R5P	MNXM1363910	gradient	False	MNXM1107769	L-histidine	v1_panel,v3_lof_target	carried,exact_name_in_X	True	True	True	True
C__R5P__MNXM1107821	C	R5P	MNXM1363910	gradient	False	MNXM1107821	L-asparagine	v1_panel	carried	True	True	True	True
C__R5P__MNXM1107898	C	R5P	MNXM1363910	gradient	False	MNXM1107898	beta-D-fructose 6-phosphate	v1_panel	carried	True	True	True	True
C__R5P__MNXM1107904	C	R5P	MNXM1363910	gradient	False	MNXM1107904	(S)-methylmalonyl-CoA	v3_gof_near	inserted_reaction_product	True	True	True	True
C__R5P__MNXM1108016	C	R5P	MNXM1363910	gradient	False	MNXM1108016	nicotinate beta-D-ribonucleotide	v3_gof_near	inserted_reaction_product	True	True	True	True
C__R5P__MNXM1108018	C	R5P	MNXM1363910	gradient	False	MNXM1108018	H2	v1_panel	carried	False	False	False	False
C__R5P__MNXM1108092	C	R5P	MNXM1363910	gradient	False	MNXM1108092	ethanol	v1_panel,v3_gof_target	carried,exact_name_in_X,normalized_name_in_X	True	True	True	True
C__R5P__MNXM1108176	C	R5P	MNXM1363910	gradient	False	MNXM1108176	D-galactose	v1_panel	carried	False	False	True	True
C__R5P__MNXM1108250	C	R5P	MNXM1363910	gradient	False	MNXM1108250	all-trans-beta-carotene	v1_panel,v3_gof_target	carried,metanetx_xref	False	False	False	False
C__R5P__MNXM1137654	C	R5P	MNXM1363910	gradient	False	MNXM1137654	(S)-acetoin	v1_panel	carried	False	False	False	False
C__R5P__MNXM1137687	C	R5P	MNXM1363910	gradient	False	MNXM1137687	3,4-dihydroxybenzoate	v1_panel	carried	False	False	False	False
C__R5P__MNXM114	C	R5P	MNXM1363910	gradient	False	MNXM114	L-proline	v1_panel,v3_lof_target	carried,exact_name_in_X	True	True	True	True
C__R5P__MNXM114436	C	R5P	MNXM1363910	gradient	False	MNXM114436	4a-hydroxy-N10-formyltetrahydrofolate	v1_panel	carried	False	False	False	False
C__R5P__MNXM114643	C	R5P	MNXM1363910	gradient	False	MNXM114643	an apo-[FeFe] hydrogenase subunit	v1_panel	carried	False	False	False	False
C__R5P__MNXM115	C	R5P	MNXM1363910	gradient	False	MNXM115	phosphatidylethanolamine	v1_panel,v3_gof_target	carried,exact_name_in_X	False	False	True	True
C__R5P__MNXM118	C	R5P	MNXM1363910	gradient	False	MNXM118	putrescine	v1_panel,v3_gof_target	carried,normalized_name_in_X	True	True	True	True
C__R5P__MNXM1255	C	R5P	MNXM1363910	gradient	False	MNXM1255	(S)-propane-1,2-diol	v3_gof_near	inserted_reaction_product	True	True	True	True
C__R5P__MNXM132	C	R5P	MNXM1363910	gradient	False	MNXM132	dimethylallyl diphosphate	v1_panel	carried	True	True	True	True
C__R5P__MNXM1326	C	R5P	MNXM1363910	gradient	False	MNXM1326	(S)-eriodictyol	v3_gof_target	metanetx_xref	False	False	True	True
C__R5P__MNXM1363773	C	R5P	MNXM1363910	gradient	False	MNXM1363773	all-trans-retinol	v3_gof_target	exact_name_in_X	False	False	True	True
C__R5P__MNXM1363833	C	R5P	MNXM1363910	gradient	False	MNXM1363833	(2E,6E)-farnesyl diphosphate	v1_panel	carried	False	False	True	True
C__R5P__MNXM1363936	C	R5P	MNXM1363910	gradient	False	MNXM1363936	(2E)-butenoyl-CoA	v1_panel	carried	True	True	True	True
C__R5P__MNXM1363974	C	R5P	MNXM1363910	gradient	False	MNXM1363974	dTDP-4-dehydro-6-deoxy-alpha-D-glucose	v1_panel	carried	True	True	True	True
C__R5P__MNXM1364019	C	R5P	MNXM1363910	gradient	False	MNXM1364019	UDP-alpha-D-glucose	v3_gof_near	inserted_reaction_product	True	True	True	True
C__R5P__MNXM1364061	C	R5P	MNXM1363910	gradient	False	MNXM1364061	D-glucose	v1_panel	carried	True	True	True	True
C__R5P__MNXM1364111	C	R5P	MNXM1363910	gradient	False	MNXM1364111	D-glucose 6-phosphate	v1_panel	carried	True	True	True	True
C__R5P__MNXM1364140	C	R5P	MNXM1363910	gradient	False	MNXM1364140	(3R)-3-hydroxybutanoyl-CoA	v1_panel	carried	False	False	True	True
C__R5P__MNXM1364149	C	R5P	MNXM1363910	gradient	False	MNXM1364149	FAD	v1_panel	carried	True	True	True	True
C__R5P__MNXM1364174	C	R5P	MNXM1363910	gradient	False	MNXM1364174	N-acetyl-beta-D-glucosamine 6-phosphate	v1_panel,v3_gof_near	carried,inserted_reaction_product	True	True	True	True
C__R5P__MNXM1364229	C	R5P	MNXM1363910	gradient	False	MNXM1364229	beta-D-fructose 1,6-bisphosphate	v3_gof_near	inserted_reaction_product	True	True	True	True
C__R5P__MNXM1364266	C	R5P	MNXM1363910	gradient	False	MNXM1364266	propanoyl-CoA	v3_gof_near	inserted_reaction_product	True	True	True	True
C__R5P__MNXM1364268	C	R5P	MNXM1363910	gradient	False	MNXM1364268	L-lysine	v1_panel,v3_gof_target,v3_lof_target	carried,exact_name_in_X	True	True	True	True
C__R5P__MNXM1364476	C	R5P	MNXM1363910	gradient	False	MNXM1364476	protoporphyrin IX	v3_lof_target	exact_name_in_X	True	True	True	True
C__R5P__MNXM1364497	C	R5P	MNXM1363910	gradient	False	MNXM1364497	L-aspartate	v1_panel,v3_gof_target	carried,exact_name_in_X	True	True	True	True
C__R5P__MNXM1364686	C	R5P	MNXM1363910	gradient	False	MNXM1364686	1D-myo-inositol 3-phosphate	v1_panel,v3_gof_near	carried,inserted_reaction_product	False	False	True	True
C__R5P__MNXM1365590	C	R5P	MNXM1363910	gradient	False	MNXM1365590	molybdopterin	v3_gof_near	inserted_reaction_product	True	True	True	True
C__R5P__MNXM1368127	C	R5P	MNXM1363910	gradient	False	MNXM1368127	(3E,6E)-alpha-farnesene	v3_gof_target	metanetx_xref	False	False	False	False
C__R5P__MNXM1368744	C	R5P	MNXM1363910	gradient	False	MNXM1368744	2-oxoglutarate	v1_panel,v3_gof_near,v3_gof_target	carried,exact_name_in_X,inserted_reaction_product	True	True	True	True
C__R5P__MNXM1369302	C	R5P	MNXM1363910	gradient	False	MNXM1369302	thymine	v3_lof_target	exact_name_in_X	True	True	True	True
C__R5P__MNXM1370019	C	R5P	MNXM1363910	gradient	False	MNXM1370019	(E)-4-coumarate	v1_panel	carried	False	False	True	True
C__R5P__MNXM1370262	C	R5P	MNXM1363910	gradient	False	MNXM1370262	15-cis-phytoene	v1_panel	carried	False	False	False	False
C__R5P__MNXM1370620	C	R5P	MNXM1363910	gradient	False	MNXM1370620	N-acetyl-L-glutamate	v3_gof_near	inserted_reaction_product	True	True	True	True
C__R5P__MNXM1370996	C	R5P	MNXM1363910	gradient	False	MNXM1370996	caffeic acid	v3_gof_target	exact_name_in_X	True	True	True	True
C__R5P__MNXM1371362	C	R5P	MNXM1363910	gradient	False	MNXM1371362	(R)-lactate	v1_panel,v3_gof_near,v3_gof_target	carried,inserted_reaction_product,metanetx_xref	True	True	True	True
C__R5P__MNXM1371363	C	R5P	MNXM1363910	gradient	False	MNXM1371363	(S)-lactate	v3_gof_near	inserted_reaction_product	True	True	True	True
C__R5P__MNXM1371612	C	R5P	MNXM1363910	gradient	False	MNXM1371612	(R)-pantothenate	v1_panel	carried	True	True	True	True
C__R5P__MNXM1372044	C	R5P	MNXM1363910	gradient	False	MNXM1372044	glyceraldehyde 3-phosphate	v1_panel	carried	True	True	True	True
C__R5P__MNXM1372147	C	R5P	MNXM1363910	gradient	False	MNXM1372147	(4R)-limonene	v1_panel	carried	False	False	False	False
C__R5P__MNXM1372148	C	R5P	MNXM1363910	gradient	False	MNXM1372148	(4S)-limonene	v3_gof_target	exact_name_in_X	False	False	True	True
C__R5P__MNXM1410	C	R5P	MNXM1363910	gradient	False	MNXM1410	5-oxopentanoate	v1_panel	carried	False	True	True	True
C__R5P__MNXM142	C	R5P	MNXM1363910	gradient	False	MNXM142	L-threonine	v1_panel,v3_gof_near,v3_gof_target,v3_lof_target	carried,exact_name_in_X,inserted_reaction_product	True	True	True	True
C__R5P__MNXM144	C	R5P	MNXM1363910	gradient	False	MNXM144	beta-alanine	v3_gof_target	normalized_name_in_X	True	True	True	True
C__R5P__MNXM145	C	R5P	MNXM1363910	gradient	False	MNXM145	D-ribulose 5-phosphate	v1_panel	carried	True	True	True	True
C__R5P__MNXM161	C	R5P	MNXM1363910	gradient	False	MNXM161	pyridoxal 5'-phosphate	v1_panel	carried	True	True	True	True
C__R5P__MNXM162	C	R5P	MNXM1363910	gradient	False	MNXM162	D-threo-isocitrate	v1_panel	carried	False	False	True	True
C__R5P__MNXM162231	C	R5P	MNXM1363910	gradient	False	MNXM162231	NAD(P)H	v1_panel,v3_gof_near	carried,inserted_reaction_product	False	False	True	True
C__R5P__MNXM163519	C	R5P	MNXM1363910	gradient	False	MNXM163519	a lipid II	v1_panel	carried	False	False	True	True
C__R5P__MNXM164	C	R5P	MNXM1363910	gradient	False	MNXM164	4-hydroxybenzoate	v1_panel	carried	True	True	True	True
C__R5P__MNXM1653	C	R5P	MNXM1363910	gradient	False	MNXM1653	hexanoate	v3_gof_target	exact_name_in_X	True	True	True	True
C__R5P__MNXM169454	C	R5P	MNXM1363910	gradient	False	MNXM169454	D-xylose	v1_panel	carried	True	True	True	True
C__R5P__MNXM1734	C	R5P	MNXM1363910	gradient	False	MNXM1734	D-galactonate	v3_gof_target	exact_name_in_X	True	True	True	True
C__R5P__MNXM1737	C	R5P	MNXM1363910	gradient	False	MNXM1737	D-xylono-1,5-lactone	v3_gof_near	inserted_reaction_product	False	False	False	False
C__R5P__MNXM1747	C	R5P	MNXM1363910	gradient	False	MNXM1747	itaconate	v3_gof_target	exact_name_in_X	False	False	True	True
C__R5P__MNXM1812	C	R5P	MNXM1363910	gradient	False	MNXM1812	penicillin G	v3_gof_target	exact_name_in_X	False	False	False	False
C__R5P__MNXM18358	C	R5P	MNXM1363910	gradient	False	MNXM18358	hexan-1-ol	v1_panel	carried	False	False	True	True
C__R5P__MNXM199	C	R5P	MNXM1363910	gradient	False	MNXM199	L-valine	v3_gof_target,v3_lof_target	exact_name_in_X	True	True	True	True
C__R5P__MNXM2022	C	R5P	MNXM1363910	gradient	False	MNXM2022	beta-myrcene	v1_panel	carried	False	False	False	False
C__R5P__MNXM2090	C	R5P	MNXM1363910	gradient	False	MNXM2090	5-aminopentanamide	v1_panel	carried	False	False	False	False
C__R5P__MNXM2105	C	R5P	MNXM1363910	gradient	False	MNXM2105	butanoyl phosphate	v1_panel	carried	False	False	True	True
C__R5P__MNXM2138	C	R5P	MNXM1363910	gradient	False	MNXM2138	N-acetyl-beta-D-glucosamine	v3_gof_target	metanetx_xref	False	False	True	True
C__R5P__MNXM222	C	R5P	MNXM1363910	gradient	False	MNXM222	glycolate	v3_gof_near	inserted_reaction_product	True	True	True	True
C__R5P__MNXM23	C	R5P	MNXM1363910	gradient	False	MNXM23	pyruvate	v1_panel,v3_gof_near,v3_gof_target	carried,exact_name_in_X,inserted_reaction_product	True	True	True	True
C__R5P__MNXM2334	C	R5P	MNXM1363910	gradient	False	MNXM2334	4-hydroxybutanoyl-CoA	v1_panel	carried	False	False	False	False
C__R5P__MNXM2476	C	R5P	MNXM1363910	gradient	False	MNXM2476	2-phenylethanol	v3_gof_target	exact_name_in_X	False	False	True	True
C__R5P__MNXM25	C	R5P	MNXM1363910	gradient	False	MNXM25	succinate	v1_panel,v3_gof_target,v3_lof_target	carried,exact_name_in_X,normalized_name_in_X	True	True	True	True
C__R5P__MNXM256	C	R5P	MNXM1363910	gradient	False	MNXM256	thiamine diphosphate	v1_panel	carried	True	True	True	True
C__R5P__MNXM257	C	R5P	MNXM1363910	gradient	False	MNXM257	dTMP	v1_panel	carried	True	True	True	True
C__R5P__MNXM258	C	R5P	MNXM1363910	gradient	False	MNXM258	D-erythrose 4-phosphate	v1_panel,v3_gof_near	carried,inserted_reaction_product	True	True	True	True
C__R5P__MNXM26	C	R5P	MNXM1363910	gradient	False	MNXM26	acetate	v1_panel,v3_gof_near,v3_gof_target	carried,exact_name_in_X,inserted_reaction_product	True	True	True	True
C__R5P__MNXM270	C	R5P	MNXM1363910	gradient	False	MNXM270	riboflavin	v1_panel,v3_gof_target,v3_lof_target	carried,exact_name_in_X	True	True	True	True
C__R5P__MNXM279	C	R5P	MNXM1363910	gradient	False	MNXM279	L-dopa	v3_gof_target	normalized_name_in_X	False	False	True	True
C__R5P__MNXM280	C	R5P	MNXM1363910	gradient	False	MNXM280	acetyl phosphate	v3_gof_near	inserted_reaction_product	True	True	True	True
C__R5P__MNXM2861	C	R5P	MNXM1363910	gradient	False	MNXM2861	propane-1,3-diol	v3_gof_target	metanetx_xref	True	False	False	False
C__R5P__MNXM29	C	R5P	MNXM1363910	gradient	False	MNXM29	glycine	v1_panel	carried	True	True	True	True
C__R5P__MNXM304	C	R5P	MNXM1363910	gradient	False	MNXM304	biotin	v1_panel,v3_lof_target	carried,exact_name_in_X	True	True	True	True
C__R5P__MNXM3085	C	R5P	MNXM1363910	gradient	False	MNXM3085	propan-2-ol	v3_gof_near	inserted_reaction_product	False	False	True	True
C__R5P__MNXM315	C	R5P	MNXM1363910	gradient	False	MNXM315	indole-3-pyruvate	v1_panel,v3_gof_near	carried,inserted_reaction_product	False	True	True	True
C__R5P__MNXM320	C	R5P	MNXM1363910	gradient	False	MNXM320	phenol	v3_gof_target	exact_name_in_X	False	False	True	True
C__R5P__MNXM3230	C	R5P	MNXM1363910	gradient	False	MNXM3230	butan-1-ol	v3_gof_near,v3_gof_target	inserted_reaction_product,metanetx_xref	False	False	True	True
C__R5P__MNXM3288	C	R5P	MNXM1363910	gradient	False	MNXM3288	isoprene	v3_gof_target	normalized_name_in_X	False	False	False	False
C__R5P__MNXM337	C	R5P	MNXM1363910	gradient	False	MNXM337	chorismate	v1_panel	carried	True	True	True	True
C__R5P__MNXM361	C	R5P	MNXM1363910	gradient	False	MNXM361	L-aspartate 4-semialdehyde	v3_gof_near	inserted_reaction_product	True	True	True	True
C__R5P__MNXM37	C	R5P	MNXM1363910	gradient	False	MNXM37	L-glutamine	v1_panel,v3_gof_target,v3_lof_target	carried,exact_name_in_X	True	True	True	True
C__R5P__MNXM39	C	R5P	MNXM1363910	gradient	False	MNXM39	formate	v1_panel,v3_gof_near	carried,inserted_reaction_product	True	True	True	True
C__R5P__MNXM398	C	R5P	MNXM1363910	gradient	False	MNXM398	acetone	v3_gof_target	exact_name_in_X	False	False	True	True
C__R5P__MNXM404	C	R5P	MNXM1363910	gradient	False	MNXM404	4-methyl-2-oxopentanoate	v1_panel	carried	True	True	True	True
C__R5P__MNXM405	C	R5P	MNXM1363910	gradient	False	MNXM405	5-aminolevulinate	v1_panel	carried	True	True	True	True
C__R5P__MNXM419	C	R5P	MNXM1363910	gradient	False	MNXM419	pyridoxine	v3_lof_target	exact_name_in_X	True	True	True	True
C__R5P__MNXM420	C	R5P	MNXM1363910	gradient	False	MNXM420	thymidine	v3_lof_target	exact_name_in_X	True	True	True	True
C__R5P__MNXM421	C	R5P	MNXM1363910	gradient	False	MNXM421	4-aminobenzoate	v1_panel,v3_gof_target	carried,exact_name_in_X	True	True	True	True
C__R5P__MNXM458	C	R5P	MNXM1363910	gradient	False	MNXM458	butanoate	v1_panel,v3_gof_target	carried,metanetx_xref	True	True	True	True
C__R5P__MNXM46	C	R5P	MNXM1363910	gradient	False	MNXM46	oxaloacetate	v1_panel,v3_gof_near	carried,inserted_reaction_product	True	True	True	True
C__R5P__MNXM460	C	R5P	MNXM1363910	gradient	False	MNXM460	dihydroxyacetone	v3_gof_target	exact_name_in_X	True	True	True	True
C__R5P__MNXM4964	C	R5P	MNXM1363910	gradient	False	MNXM4964	4-tyrosol	v1_panel	carried	False	False	True	True
C__R5P__MNXM5	C	R5P	MNXM1363910	gradient	False	MNXM5	NADP(+)	v3_gof_near	inserted_reaction_product	True	True	True	True
C__R5P__MNXM5188	C	R5P	MNXM1363910	gradient	False	MNXM5188	isobutanol	v3_gof_target	exact_name_in_X	False	False	True	True
C__R5P__MNXM529	C	R5P	MNXM1363910	gradient	False	MNXM529	meso-2,6-diaminopimelate	v1_panel	carried	True	True	True	True
C__R5P__MNXM554	C	R5P	MNXM1363910	gradient	False	MNXM554	porphobilinogen	v1_panel	carried	True	True	True	True
C__R5P__MNXM555	C	R5P	MNXM1363910	gradient	False	MNXM555	quinolinate	v1_panel	carried	True	True	True	True
C__R5P__MNXM573	C	R5P	MNXM1363910	gradient	False	MNXM573	(E)-ferulate	v3_gof_target	metanetx_xref	False	False	False	False
C__R5P__MNXM5901	C	R5P	MNXM1363910	gradient	False	MNXM5901	pinocembrin chalcone	v1_panel	carried	False	False	False	False
C__R5P__MNXM593	C	R5P	MNXM1363910	gradient	False	MNXM593	(R)-pantoate	v1_panel	carried	True	True	True	True
C__R5P__MNXM59345	C	R5P	MNXM1363910	gradient	False	MNXM59345	D-cycloserine	v3_gof_target	exact_name_in_X	False	False	False	False
C__R5P__MNXM602	C	R5P	MNXM1363910	gradient	False	MNXM602	shikimate	v3_gof_near,v3_gof_target	exact_name_in_X,inserted_reaction_product,normalized_name_in_X	True	True	True	True
C__R5P__MNXM603	C	R5P	MNXM1363910	gradient	False	MNXM603	tyramine	v1_panel	carried	False	True	True	True
C__R5P__MNXM6097	C	R5P	MNXM1363910	gradient	False	MNXM6097	3-oxopropane-1-sulfonate	v1_panel	carried	False	False	False	False
C__R5P__MNXM617	C	R5P	MNXM1363910	gradient	False	MNXM617	folate	v3_lof_target	exact_name_in_X	False	False	True	True
C__R5P__MNXM622	C	R5P	MNXM1363910	gradient	False	MNXM622	1-deoxy-D-xylulose 5-phosphate	v1_panel	carried	True	True	True	True
C__R5P__MNXM6396	C	R5P	MNXM1363910	gradient	False	MNXM6396	1-propanol	v3_gof_target	exact_name_in_X	False	False	True	True
C__R5P__MNXM645	C	R5P	MNXM1363910	gradient	False	MNXM645	3,4-dihydroxyphenylacetate	v1_panel	carried	False	True	True	True
C__R5P__MNXM66	C	R5P	MNXM1363910	gradient	False	MNXM66	sn-glycerol 3-phosphate	v1_panel	carried	True	True	True	True
C__R5P__MNXM664	C	R5P	MNXM1363910	gradient	False	MNXM664	(R)-acetoin	v1_panel,v3_gof_near,v3_gof_target	carried,exact_name_in_X,inserted_reaction_product	False	False	True	True
C__R5P__MNXM704	C	R5P	MNXM1363910	gradient	False	MNXM704	2'-deoxycytidine	v3_gof_target	metanetx_xref	True	True	True	True
C__R5P__MNXM725992	C	R5P	MNXM1363910	gradient	False	MNXM725992	Phosphatidylglycerol	v1_panel	carried	False	False	True	True
C__R5P__MNXM727604	C	R5P	MNXM1363910	gradient	False	MNXM727604	(2R)-3-phosphoglycerate	v1_panel	carried	True	True	True	True
C__R5P__MNXM728266	C	R5P	MNXM1363910	gradient	False	MNXM728266	(2E,6E,10E)-geranylgeranyl diphosphate	v1_panel	carried	False	False	True	True
C__R5P__MNXM728294	C	R5P	MNXM1363910	gradient	False	MNXM728294	AMP	v1_panel	carried	True	True	True	True
C__R5P__MNXM728337	C	R5P	MNXM1363910	gradient	False	MNXM728337	L-isoleucine	v1_panel,v3_lof_target	carried,exact_name_in_X	True	True	True	True
C__R5P__MNXM728536	C	R5P	MNXM1363910	gradient	False	MNXM728536	palmitoyl-[acyl-carrier protein]	v1_panel	carried	True	True	True	True
C__R5P__MNXM728578	C	R5P	MNXM1363910	gradient	False	MNXM728578	Fatty-Acids	v3_gof_target	normalized_name_in_X	False	False	True	True
C__R5P__MNXM728682	C	R5P	MNXM1363910	gradient	False	MNXM728682	beta-D-glucuronate	v1_panel	carried	False	False	True	True
C__R5P__MNXM729216	C	R5P	MNXM1363910	gradient	False	MNXM729216	N-acetylmuramate 6-phosphate	v3_gof_near	inserted_reaction_product	True	True	True	True
C__R5P__MNXM729799	C	R5P	MNXM1363910	gradient	False	MNXM729799	methanol	v3_gof_near	inserted_reaction_product	False	False	True	True
C__R5P__MNXM73	C	R5P	MNXM1363910	gradient	False	MNXM73	phosphoenolpyruvate	v1_panel	carried	True	True	True	True
C__R5P__MNXM730135	C	R5P	MNXM1363910	gradient	False	MNXM730135	thiamine	v3_lof_target	exact_name_in_X	True	True	True	True
C__R5P__MNXM730546	C	R5P	MNXM1363910	gradient	False	MNXM730546	5-hydroxy-L-tryptophan	v1_panel	carried	False	False	False	False
C__R5P__MNXM731537	C	R5P	MNXM1363910	gradient	False	MNXM731537	(4S)-perillyl alcohol	v3_gof_target	metanetx_xref	False	False	True	True
C__R5P__MNXM731760	C	R5P	MNXM1363910	gradient	False	MNXM731760	lipid IVA (E. coli)	v1_panel	carried	True	True	True	True
C__R5P__MNXM731939	C	R5P	MNXM1363910	gradient	False	MNXM731939	a malonyl-[acp]	v1_panel	carried	False	False	True	True
C__R5P__MNXM732166	C	R5P	MNXM1363910	gradient	False	MNXM732166	UDP-N-acetyl-alpha-D-muramoyl-L-alanyl-gamma-D-glutamyl-meso-2,6-diaminopimeloyl-D-alanyl-D-alanine	v1_panel	carried	True	True	True	True
C__R5P__MNXM732273	C	R5P	MNXM1363910	gradient	False	MNXM732273	a ubiquinol	v1_panel	carried	False	False	True	True
C__R5P__MNXM732487	C	R5P	MNXM1363910	gradient	False	MNXM732487	hypoxanthine	v3_lof_target	normalized_name_in_X	True	True	True	True
C__R5P__MNXM733114	C	R5P	MNXM1363910	gradient	False	MNXM733114	guanine	v3_lof_target	exact_name_in_X	True	True	True	True
C__R5P__MNXM733515	C	R5P	MNXM1363910	gradient	False	MNXM733515	1,4-alpha-D-glucan	v3_gof_near	inserted_reaction_product	True	True	False	False
C__R5P__MNXM733758	C	R5P	MNXM1363910	gradient	False	MNXM733758	lactate	v3_gof_target	metanetx_xref	False	False	True	True
C__R5P__MNXM733934	C	R5P	MNXM1363910	gradient	False	MNXM733934	(R)-5-diphosphomevalonate	v1_panel	carried	False	False	False	False
C__R5P__MNXM734041	C	R5P	MNXM1363910	gradient	False	MNXM734041	dipalmitoyl phosphatidylglycerol	v1_panel	carried	True	True	True	True
C__R5P__MNXM734573	C	R5P	MNXM1363910	gradient	False	MNXM734573	aldehydo-D-xylose	v3_gof_near	inserted_reaction_product	False	False	True	True
C__R5P__MNXM734859	C	R5P	MNXM1363910	gradient	False	MNXM734859	aldehydo-L-arabinose	v3_gof_near	inserted_reaction_product	True	True	True	True
C__R5P__MNXM735208	C	R5P	MNXM1363910	gradient	False	MNXM735208	4-hydroxyphenylacetate	v3_gof_target	metanetx_xref	False	True	True	True
C__R5P__MNXM737068	C	R5P	MNXM1363910	gradient	False	MNXM737068	xylitol	v3_gof_target	exact_name_in_X	False	False	True	True
C__R5P__MNXM737265	C	R5P	MNXM1363910	gradient	False	MNXM737265	2-phenylacetate	v3_gof_target	metanetx_xref	True	True	True	True
C__R5P__MNXM737751	C	R5P	MNXM1363910	gradient	False	MNXM737751	prenol	v3_gof_target	exact_name_in_X	False	False	True	True
C__R5P__MNXM737787	C	R5P	MNXM1363910	gradient	False	MNXM737787	L-serine	v1_panel,v3_gof_target,v3_lof_target	carried,exact_name_in_X,normalized_name_in_X	True	True	True	True
C__R5P__MNXM738068	C	R5P	MNXM1363910	gradient	False	MNXM738068	L-cysteine	v1_panel,v3_gof_near,v3_lof_target	carried,exact_name_in_X,inserted_reaction_product	True	True	True	True
C__R5P__MNXM738152	C	R5P	MNXM1363910	gradient	False	MNXM738152	(2S)-naringenin	v1_panel,v3_gof_target	carried,exact_name_in_X	False	False	True	True
C__R5P__MNXM738153	C	R5P	MNXM1363910	gradient	False	MNXM738153	naringenin	v3_gof_target	normalized_name_in_X	False	False	True	True
C__R5P__MNXM738283	C	R5P	MNXM1363910	gradient	False	MNXM738283	(R)-5-phosphomevalonate	v1_panel	carried	False	False	True	False
C__R5P__MNXM738702	C	R5P	MNXM1363910	gradient	False	MNXM738702	NADPH	v3_gof_target	exact_name_in_X	True	True	True	True
C__R5P__MNXM738804	C	R5P	MNXM1363910	gradient	False	MNXM738804	L-methionine	v1_panel,v3_gof_target,v3_lof_target	carried,exact_name_in_X,normalized_name_in_X	True	True	True	True
C__R5P__MNXM738940	C	R5P	MNXM1363910	gradient	False	MNXM738940	(+)-copalyl diphosphate	v1_panel	carried	False	False	False	False
C__R5P__MNXM739527	C	R5P	MNXM1363910	gradient	False	MNXM739527	L-arginine	v1_panel,v3_gof_target,v3_lof_target	carried,exact_name_in_X,normalized_name_in_X	True	True	True	True
C__R5P__MNXM739592	C	R5P	MNXM1363910	gradient	False	MNXM739592	Phosphatidylethanolamine (dihexadec-9enoyl, n-C16:1)	v1_panel	carried	True	True	True	True
C__R5P__MNXM739991	C	R5P	MNXM1363910	gradient	False	MNXM739991	Phosphatidylglycerol (dihexadec-9-enoyl, n-C16:1)	v1_panel	carried	True	True	True	True
C__R5P__MNXM740315	C	R5P	MNXM1363910	gradient	False	MNXM740315	(2E)-geraniol	v3_gof_target	metanetx_xref	False	False	True	True
C__R5P__MNXM741173	C	R5P	MNXM1363910	gradient	False	MNXM741173	L-glutamate	v1_panel,v3_gof_near	carried,inserted_reaction_product	True	True	True	True
C__R5P__MNXM741276	C	R5P	MNXM1363910	gradient	False	MNXM741276	2-methylcitrate	v3_gof_near	inserted_reaction_product	True	False	True	False
C__R5P__MNXM741553	C	R5P	MNXM1363910	gradient	False	MNXM741553	L-tryptophan	v1_panel,v3_lof_target	carried,exact_name_in_X	True	True	True	True
C__R5P__MNXM741595	C	R5P	MNXM1363910	gradient	False	MNXM741595	S-formylglutathione	v3_gof_near	inserted_reaction_product	True	True	True	True
C__R5P__MNXM741664	C	R5P	MNXM1363910	gradient	False	MNXM741664	L-phenylalanine	v1_panel,v3_gof_target,v3_lof_target	carried,exact_name_in_X	True	True	True	True
C__R5P__MNXM75	C	R5P	MNXM1363910	gradient	False	MNXM75	acetaldehyde	v1_panel,v3_gof_near	carried,inserted_reaction_product	True	True	True	True
C__R5P__MNXM76	C	R5P	MNXM1363910	gradient	False	MNXM76	L-tyrosine	v1_panel,v3_gof_near,v3_gof_target,v3_lof_target	carried,exact_name_in_X,inserted_reaction_product	True	True	True	True
C__R5P__MNXM78362	C	R5P	MNXM1363910	gradient	False	MNXM78362	Heme	v3_lof_target	normalized_name_in_X	False	False	True	True
C__R5P__MNXM792	C	R5P	MNXM1363910	gradient	False	MNXM792	5-aminopentanoate	v1_panel	carried	False	True	True	True
C__R5P__MNXM799	C	R5P	MNXM1363910	gradient	False	MNXM799	isochorismate	v3_gof_near	inserted_reaction_product	True	True	True	True
C__R5P__MNXM8	C	R5P	MNXM1363910	gradient	False	MNXM8	NAD(+)	v3_gof_near	inserted_reaction_product	True	True	True	True
C__R5P__MNXM83	C	R5P	MNXM1363910	gradient	False	MNXM83	isopentenyl diphosphate	v1_panel	carried	True	True	True	True
C__R5P__MNXM89612	C	R5P	MNXM1363910	gradient	False	MNXM89612	glycerol	v1_panel,v3_gof_near	carried,inserted_reaction_product	True	True	True	True
C__R5P__MNXM89698	C	R5P	MNXM1363910	gradient	False	MNXM89698	a 2,3,4-saturated fatty acid	v1_panel	carried	False	False	True	True
C__R5P__MNXM89949	C	R5P	MNXM1363910	gradient	False	MNXM89949	Cis-hexadec-9-enoyl-[acyl-carrier protein] (n-C16:1)	v1_panel	carried	True	True	True	True
C__R5P__MNXM89950	C	R5P	MNXM1363910	gradient	False	MNXM89950	Cis-octadec-11-enoyl-[acyl-carrier protein] (n-C18:1)	v1_panel	carried	True	True	True	True
C__R5P__MNXM943	C	R5P	MNXM1363910	gradient	False	MNXM943	cadaverine	v1_panel,v3_gof_target	carried,normalized_name_in_X	True	True	True	True
C__3PG__MNXM100	C	3PG	MNXM727604	gradient	False	MNXM100	(2E)-geranyl diphosphate	v1_panel	carried	True	True	True	True
C__3PG__MNXM1021	C	3PG	MNXM727604	gradient	False	MNXM1021	glutarate	v3_gof_target	exact_name_in_X	False	True	True	True
C__3PG__MNXM1092518	C	3PG	MNXM727604	gradient	False	MNXM1092518	cis-aconitate	v1_panel	carried	True	True	True	True
C__3PG__MNXM1094052	C	3PG	MNXM727604	gradient	False	MNXM1094052	propanoate	v3_gof_target	metanetx_xref	True	True	True	True
C__3PG__MNXM1101285	C	3PG	MNXM727604	gradient	False	MNXM1101285	GMP	v1_panel	carried	True	True	True	True
C__3PG__MNXM1101868	C	3PG	MNXM727604	gradient	False	MNXM1101868	IMP	v1_panel,v3_gof_target	carried,exact_name_in_X	True	True	True	True
C__3PG__MNXM1103616	C	3PG	MNXM727604	gradient	False	MNXM1103616	hexanoyl-CoA	v1_panel	carried	True	True	True	True
C__3PG__MNXM1103802	C	3PG	MNXM727604	gradient	False	MNXM1103802	acetoacetyl-CoA	v1_panel	carried	True	True	True	True
C__3PG__MNXM1103847	C	3PG	MNXM727604	gradient	False	MNXM1103847	(2S)-2-acetolactate	v1_panel	carried	True	True	True	True
C__3PG__MNXM1103936	C	3PG	MNXM727604	gradient	False	MNXM1103936	(6S)-5,6,7,8-tetrahydrofolate	v1_panel	carried	True	True	True	True
C__3PG__MNXM1104180	C	3PG	MNXM727604	gradient	False	MNXM1104180	sucrose	v1_panel	carried	True	True	False	False
C__3PG__MNXM1104235	C	3PG	MNXM727604	gradient	False	MNXM1104235	(3S)-3-hydroxy-3-methylglutaryl-CoA	v1_panel	carried	False	False	True	True
C__3PG__MNXM1104266	C	3PG	MNXM727604	gradient	False	MNXM1104266	acetyl-CoA	v1_panel,v3_gof_near,v3_gof_target	carried,exact_name_in_X,inserted_reaction_product	True	True	True	True
C__3PG__MNXM1104300	C	3PG	MNXM727604	gradient	False	MNXM1104300	butanoyl-CoA	v1_panel	carried	True	True	True	True
C__3PG__MNXM1104529	C	3PG	MNXM727604	gradient	False	MNXM1104529	UDP-N-acetyl-alpha-D-glucosamine	v1_panel	carried	True	True	True	True
C__3PG__MNXM1104699	C	3PG	MNXM727604	gradient	False	MNXM1104699	3-oxohexanoyl-CoA	v1_panel	carried	True	True	True	True
C__3PG__MNXM1104774	C	3PG	MNXM727604	gradient	False	MNXM1104774	succinyl-CoA	v1_panel,v3_gof_target	carried,exact_name_in_X	True	True	True	True
C__3PG__MNXM1104823	C	3PG	MNXM727604	gradient	False	MNXM1104823	UMP	v1_panel	carried	True	True	True	True
C__3PG__MNXM1105057	C	3PG	MNXM727604	gradient	False	MNXM1105057	(R)-mevalonate	v1_panel	carried	False	False	True	True
C__3PG__MNXM1105732	C	3PG	MNXM727604	gradient	False	MNXM1105732	L-alanine	v3_gof_target	exact_name_in_X,normalized_name_in_X	True	True	True	True
C__3PG__MNXM1105941	C	3PG	MNXM727604	gradient	False	MNXM1105941	myo-inositol	v3_gof_target	exact_name_in_X	True	True	True	True
C__3PG__MNXM1106093	C	3PG	MNXM727604	gradient	False	MNXM1106093	malonyl-CoA	v1_panel,v3_gof_near,v3_gof_target	carried,exact_name_in_X,inserted_reaction_product	True	True	True	True
C__3PG__MNXM1106761	C	3PG	MNXM727604	gradient	False	MNXM1106761	L-leucine	v1_panel,v3_lof_target	carried,exact_name_in_X	True	True	True	True
C__3PG__MNXM1106823	C	3PG	MNXM727604	gradient	False	MNXM1106823	1,2,4-butanetriol	v3_gof_target	normalized_name_in_X	False	False	True	True
C__3PG__MNXM1107139	C	3PG	MNXM727604	gradient	False	MNXM1107139	an alditol	v3_gof_target	metanetx_xref	False	False	True	True
C__3PG__MNXM1107741	C	3PG	MNXM727604	gradient	False	MNXM1107741	cyclic pyranopterin phosphate	v1_panel	carried	True	True	True	True
C__3PG__MNXM1107752	C	3PG	MNXM727604	gradient	False	MNXM1107752	citrate	v1_panel	carried	True	True	True	True
C__3PG__MNXM1107769	C	3PG	MNXM727604	gradient	False	MNXM1107769	L-histidine	v1_panel,v3_lof_target	carried,exact_name_in_X	True	True	True	True
C__3PG__MNXM1107821	C	3PG	MNXM727604	gradient	False	MNXM1107821	L-asparagine	v1_panel	carried	True	True	True	True
C__3PG__MNXM1107898	C	3PG	MNXM727604	gradient	False	MNXM1107898	beta-D-fructose 6-phosphate	v1_panel	carried	True	True	True	True
C__3PG__MNXM1107904	C	3PG	MNXM727604	gradient	False	MNXM1107904	(S)-methylmalonyl-CoA	v3_gof_near	inserted_reaction_product	True	True	True	True
C__3PG__MNXM1108016	C	3PG	MNXM727604	gradient	False	MNXM1108016	nicotinate beta-D-ribonucleotide	v3_gof_near	inserted_reaction_product	True	True	True	True
C__3PG__MNXM1108018	C	3PG	MNXM727604	gradient	False	MNXM1108018	H2	v1_panel	carried	False	False	False	False
C__3PG__MNXM1108092	C	3PG	MNXM727604	gradient	False	MNXM1108092	ethanol	v1_panel,v3_gof_target	carried,exact_name_in_X,normalized_name_in_X	True	True	True	True
C__3PG__MNXM1108176	C	3PG	MNXM727604	gradient	False	MNXM1108176	D-galactose	v1_panel	carried	False	False	True	True
C__3PG__MNXM1108250	C	3PG	MNXM727604	gradient	False	MNXM1108250	all-trans-beta-carotene	v1_panel,v3_gof_target	carried,metanetx_xref	False	False	False	False
C__3PG__MNXM1137654	C	3PG	MNXM727604	gradient	False	MNXM1137654	(S)-acetoin	v1_panel	carried	False	False	False	False
C__3PG__MNXM1137687	C	3PG	MNXM727604	gradient	False	MNXM1137687	3,4-dihydroxybenzoate	v1_panel	carried	False	False	False	False
C__3PG__MNXM114	C	3PG	MNXM727604	gradient	False	MNXM114	L-proline	v1_panel,v3_lof_target	carried,exact_name_in_X	True	True	True	True
C__3PG__MNXM114436	C	3PG	MNXM727604	gradient	False	MNXM114436	4a-hydroxy-N10-formyltetrahydrofolate	v1_panel	carried	False	False	False	False
C__3PG__MNXM114643	C	3PG	MNXM727604	gradient	False	MNXM114643	an apo-[FeFe] hydrogenase subunit	v1_panel	carried	False	False	False	False
C__3PG__MNXM115	C	3PG	MNXM727604	gradient	False	MNXM115	phosphatidylethanolamine	v1_panel,v3_gof_target	carried,exact_name_in_X	False	False	True	True
C__3PG__MNXM118	C	3PG	MNXM727604	gradient	False	MNXM118	putrescine	v1_panel,v3_gof_target	carried,normalized_name_in_X	True	True	True	True
C__3PG__MNXM1255	C	3PG	MNXM727604	gradient	False	MNXM1255	(S)-propane-1,2-diol	v3_gof_near	inserted_reaction_product	True	True	True	True
C__3PG__MNXM132	C	3PG	MNXM727604	gradient	False	MNXM132	dimethylallyl diphosphate	v1_panel	carried	True	True	True	True
C__3PG__MNXM1326	C	3PG	MNXM727604	gradient	False	MNXM1326	(S)-eriodictyol	v3_gof_target	metanetx_xref	False	False	True	True
C__3PG__MNXM1363773	C	3PG	MNXM727604	gradient	False	MNXM1363773	all-trans-retinol	v3_gof_target	exact_name_in_X	False	False	True	True
C__3PG__MNXM1363833	C	3PG	MNXM727604	gradient	False	MNXM1363833	(2E,6E)-farnesyl diphosphate	v1_panel	carried	False	False	True	True
C__3PG__MNXM1363910	C	3PG	MNXM727604	gradient	False	MNXM1363910	alpha-D-ribofuranose 5-phosphate	v1_panel	carried	True	True	True	True
C__3PG__MNXM1363936	C	3PG	MNXM727604	gradient	False	MNXM1363936	(2E)-butenoyl-CoA	v1_panel	carried	True	True	True	True
C__3PG__MNXM1363974	C	3PG	MNXM727604	gradient	False	MNXM1363974	dTDP-4-dehydro-6-deoxy-alpha-D-glucose	v1_panel	carried	True	True	True	True
C__3PG__MNXM1364019	C	3PG	MNXM727604	gradient	False	MNXM1364019	UDP-alpha-D-glucose	v3_gof_near	inserted_reaction_product	True	True	True	True
C__3PG__MNXM1364061	C	3PG	MNXM727604	gradient	False	MNXM1364061	D-glucose	v1_panel	carried	True	True	True	True
C__3PG__MNXM1364111	C	3PG	MNXM727604	gradient	False	MNXM1364111	D-glucose 6-phosphate	v1_panel	carried	True	True	True	True
C__3PG__MNXM1364140	C	3PG	MNXM727604	gradient	False	MNXM1364140	(3R)-3-hydroxybutanoyl-CoA	v1_panel	carried	False	False	True	True
C__3PG__MNXM1364149	C	3PG	MNXM727604	gradient	False	MNXM1364149	FAD	v1_panel	carried	True	True	True	True
C__3PG__MNXM1364174	C	3PG	MNXM727604	gradient	False	MNXM1364174	N-acetyl-beta-D-glucosamine 6-phosphate	v1_panel,v3_gof_near	carried,inserted_reaction_product	True	True	True	True
C__3PG__MNXM1364229	C	3PG	MNXM727604	gradient	False	MNXM1364229	beta-D-fructose 1,6-bisphosphate	v3_gof_near	inserted_reaction_product	True	True	True	True
C__3PG__MNXM1364266	C	3PG	MNXM727604	gradient	False	MNXM1364266	propanoyl-CoA	v3_gof_near	inserted_reaction_product	True	True	True	True
C__3PG__MNXM1364268	C	3PG	MNXM727604	gradient	False	MNXM1364268	L-lysine	v1_panel,v3_gof_target,v3_lof_target	carried,exact_name_in_X	True	True	True	True
C__3PG__MNXM1364476	C	3PG	MNXM727604	gradient	False	MNXM1364476	protoporphyrin IX	v3_lof_target	exact_name_in_X	True	True	True	True
C__3PG__MNXM1364497	C	3PG	MNXM727604	gradient	False	MNXM1364497	L-aspartate	v1_panel,v3_gof_target	carried,exact_name_in_X	True	True	True	True
C__3PG__MNXM1364686	C	3PG	MNXM727604	gradient	False	MNXM1364686	1D-myo-inositol 3-phosphate	v1_panel,v3_gof_near	carried,inserted_reaction_product	False	False	True	True
C__3PG__MNXM1365590	C	3PG	MNXM727604	gradient	False	MNXM1365590	molybdopterin	v3_gof_near	inserted_reaction_product	True	True	True	True
C__3PG__MNXM1368127	C	3PG	MNXM727604	gradient	False	MNXM1368127	(3E,6E)-alpha-farnesene	v3_gof_target	metanetx_xref	False	False	False	False
C__3PG__MNXM1368744	C	3PG	MNXM727604	gradient	False	MNXM1368744	2-oxoglutarate	v1_panel,v3_gof_near,v3_gof_target	carried,exact_name_in_X,inserted_reaction_product	True	True	True	True
C__3PG__MNXM1369302	C	3PG	MNXM727604	gradient	False	MNXM1369302	thymine	v3_lof_target	exact_name_in_X	True	True	True	True
C__3PG__MNXM1370019	C	3PG	MNXM727604	gradient	False	MNXM1370019	(E)-4-coumarate	v1_panel	carried	False	False	True	True
C__3PG__MNXM1370262	C	3PG	MNXM727604	gradient	False	MNXM1370262	15-cis-phytoene	v1_panel	carried	False	False	False	False
C__3PG__MNXM1370620	C	3PG	MNXM727604	gradient	False	MNXM1370620	N-acetyl-L-glutamate	v3_gof_near	inserted_reaction_product	True	True	True	True
C__3PG__MNXM1370996	C	3PG	MNXM727604	gradient	False	MNXM1370996	caffeic acid	v3_gof_target	exact_name_in_X	True	True	True	True
C__3PG__MNXM1371362	C	3PG	MNXM727604	gradient	False	MNXM1371362	(R)-lactate	v1_panel,v3_gof_near,v3_gof_target	carried,inserted_reaction_product,metanetx_xref	True	True	True	True
C__3PG__MNXM1371363	C	3PG	MNXM727604	gradient	False	MNXM1371363	(S)-lactate	v3_gof_near	inserted_reaction_product	True	True	True	True
C__3PG__MNXM1371612	C	3PG	MNXM727604	gradient	False	MNXM1371612	(R)-pantothenate	v1_panel	carried	True	True	True	True
C__3PG__MNXM1372044	C	3PG	MNXM727604	gradient	False	MNXM1372044	glyceraldehyde 3-phosphate	v1_panel	carried	True	True	True	True
C__3PG__MNXM1372147	C	3PG	MNXM727604	gradient	False	MNXM1372147	(4R)-limonene	v1_panel	carried	False	False	False	False
C__3PG__MNXM1372148	C	3PG	MNXM727604	gradient	False	MNXM1372148	(4S)-limonene	v3_gof_target	exact_name_in_X	False	False	True	True
C__3PG__MNXM1410	C	3PG	MNXM727604	gradient	False	MNXM1410	5-oxopentanoate	v1_panel	carried	False	True	True	True
C__3PG__MNXM142	C	3PG	MNXM727604	gradient	False	MNXM142	L-threonine	v1_panel,v3_gof_near,v3_gof_target,v3_lof_target	carried,exact_name_in_X,inserted_reaction_product	True	True	True	True
C__3PG__MNXM144	C	3PG	MNXM727604	gradient	False	MNXM144	beta-alanine	v3_gof_target	normalized_name_in_X	True	True	True	True
C__3PG__MNXM145	C	3PG	MNXM727604	gradient	False	MNXM145	D-ribulose 5-phosphate	v1_panel	carried	True	True	True	True
C__3PG__MNXM161	C	3PG	MNXM727604	gradient	False	MNXM161	pyridoxal 5'-phosphate	v1_panel	carried	True	True	True	True
C__3PG__MNXM162	C	3PG	MNXM727604	gradient	False	MNXM162	D-threo-isocitrate	v1_panel	carried	False	False	True	True
C__3PG__MNXM162231	C	3PG	MNXM727604	gradient	False	MNXM162231	NAD(P)H	v1_panel,v3_gof_near	carried,inserted_reaction_product	False	False	True	True
C__3PG__MNXM163519	C	3PG	MNXM727604	gradient	False	MNXM163519	a lipid II	v1_panel	carried	False	False	True	True
C__3PG__MNXM164	C	3PG	MNXM727604	gradient	False	MNXM164	4-hydroxybenzoate	v1_panel	carried	True	True	True	True
C__3PG__MNXM1653	C	3PG	MNXM727604	gradient	False	MNXM1653	hexanoate	v3_gof_target	exact_name_in_X	True	True	True	True
C__3PG__MNXM169454	C	3PG	MNXM727604	gradient	False	MNXM169454	D-xylose	v1_panel	carried	True	True	True	True
C__3PG__MNXM1734	C	3PG	MNXM727604	gradient	False	MNXM1734	D-galactonate	v3_gof_target	exact_name_in_X	True	True	True	True
C__3PG__MNXM1737	C	3PG	MNXM727604	gradient	False	MNXM1737	D-xylono-1,5-lactone	v3_gof_near	inserted_reaction_product	False	False	False	False
C__3PG__MNXM1747	C	3PG	MNXM727604	gradient	False	MNXM1747	itaconate	v3_gof_target	exact_name_in_X	False	False	True	True
C__3PG__MNXM1812	C	3PG	MNXM727604	gradient	False	MNXM1812	penicillin G	v3_gof_target	exact_name_in_X	False	False	False	False
C__3PG__MNXM18358	C	3PG	MNXM727604	gradient	False	MNXM18358	hexan-1-ol	v1_panel	carried	False	False	True	True
C__3PG__MNXM199	C	3PG	MNXM727604	gradient	False	MNXM199	L-valine	v3_gof_target,v3_lof_target	exact_name_in_X	True	True	True	True
C__3PG__MNXM2022	C	3PG	MNXM727604	gradient	False	MNXM2022	beta-myrcene	v1_panel	carried	False	False	False	False
C__3PG__MNXM2090	C	3PG	MNXM727604	gradient	False	MNXM2090	5-aminopentanamide	v1_panel	carried	False	False	False	False
C__3PG__MNXM2105	C	3PG	MNXM727604	gradient	False	MNXM2105	butanoyl phosphate	v1_panel	carried	False	False	True	True
C__3PG__MNXM2138	C	3PG	MNXM727604	gradient	False	MNXM2138	N-acetyl-beta-D-glucosamine	v3_gof_target	metanetx_xref	False	False	True	True
C__3PG__MNXM222	C	3PG	MNXM727604	gradient	False	MNXM222	glycolate	v3_gof_near	inserted_reaction_product	True	True	True	True
C__3PG__MNXM23	C	3PG	MNXM727604	gradient	False	MNXM23	pyruvate	v1_panel,v3_gof_near,v3_gof_target	carried,exact_name_in_X,inserted_reaction_product	True	True	True	True
C__3PG__MNXM2334	C	3PG	MNXM727604	gradient	False	MNXM2334	4-hydroxybutanoyl-CoA	v1_panel	carried	False	False	False	False
C__3PG__MNXM2476	C	3PG	MNXM727604	gradient	False	MNXM2476	2-phenylethanol	v3_gof_target	exact_name_in_X	False	False	True	True
C__3PG__MNXM25	C	3PG	MNXM727604	gradient	False	MNXM25	succinate	v1_panel,v3_gof_target,v3_lof_target	carried,exact_name_in_X,normalized_name_in_X	True	True	True	True
C__3PG__MNXM256	C	3PG	MNXM727604	gradient	False	MNXM256	thiamine diphosphate	v1_panel	carried	True	True	True	True
C__3PG__MNXM257	C	3PG	MNXM727604	gradient	False	MNXM257	dTMP	v1_panel	carried	True	True	True	True
C__3PG__MNXM258	C	3PG	MNXM727604	gradient	False	MNXM258	D-erythrose 4-phosphate	v1_panel,v3_gof_near	carried,inserted_reaction_product	True	True	True	True
C__3PG__MNXM26	C	3PG	MNXM727604	gradient	False	MNXM26	acetate	v1_panel,v3_gof_near,v3_gof_target	carried,exact_name_in_X,inserted_reaction_product	True	True	True	True
C__3PG__MNXM270	C	3PG	MNXM727604	gradient	False	MNXM270	riboflavin	v1_panel,v3_gof_target,v3_lof_target	carried,exact_name_in_X	True	True	True	True
C__3PG__MNXM279	C	3PG	MNXM727604	gradient	False	MNXM279	L-dopa	v3_gof_target	normalized_name_in_X	False	False	True	True
C__3PG__MNXM280	C	3PG	MNXM727604	gradient	False	MNXM280	acetyl phosphate	v3_gof_near	inserted_reaction_product	True	True	True	True
C__3PG__MNXM2861	C	3PG	MNXM727604	gradient	False	MNXM2861	propane-1,3-diol	v3_gof_target	metanetx_xref	True	False	False	False
C__3PG__MNXM29	C	3PG	MNXM727604	gradient	False	MNXM29	glycine	v1_panel	carried	True	True	True	True
C__3PG__MNXM304	C	3PG	MNXM727604	gradient	False	MNXM304	biotin	v1_panel,v3_lof_target	carried,exact_name_in_X	True	True	True	True
C__3PG__MNXM3085	C	3PG	MNXM727604	gradient	False	MNXM3085	propan-2-ol	v3_gof_near	inserted_reaction_product	False	False	True	True
C__3PG__MNXM315	C	3PG	MNXM727604	gradient	False	MNXM315	indole-3-pyruvate	v1_panel,v3_gof_near	carried,inserted_reaction_product	False	True	True	True
C__3PG__MNXM320	C	3PG	MNXM727604	gradient	False	MNXM320	phenol	v3_gof_target	exact_name_in_X	False	False	True	True
C__3PG__MNXM3230	C	3PG	MNXM727604	gradient	False	MNXM3230	butan-1-ol	v3_gof_near,v3_gof_target	inserted_reaction_product,metanetx_xref	False	False	True	True
C__3PG__MNXM3288	C	3PG	MNXM727604	gradient	False	MNXM3288	isoprene	v3_gof_target	normalized_name_in_X	False	False	False	False
C__3PG__MNXM337	C	3PG	MNXM727604	gradient	False	MNXM337	chorismate	v1_panel	carried	True	True	True	True
C__3PG__MNXM361	C	3PG	MNXM727604	gradient	False	MNXM361	L-aspartate 4-semialdehyde	v3_gof_near	inserted_reaction_product	True	True	True	True
C__3PG__MNXM37	C	3PG	MNXM727604	gradient	False	MNXM37	L-glutamine	v1_panel,v3_gof_target,v3_lof_target	carried,exact_name_in_X	True	True	True	True
C__3PG__MNXM39	C	3PG	MNXM727604	gradient	False	MNXM39	formate	v1_panel,v3_gof_near	carried,inserted_reaction_product	True	True	True	True
C__3PG__MNXM398	C	3PG	MNXM727604	gradient	False	MNXM398	acetone	v3_gof_target	exact_name_in_X	False	False	True	True
C__3PG__MNXM404	C	3PG	MNXM727604	gradient	False	MNXM404	4-methyl-2-oxopentanoate	v1_panel	carried	True	True	True	True
C__3PG__MNXM405	C	3PG	MNXM727604	gradient	False	MNXM405	5-aminolevulinate	v1_panel	carried	True	True	True	True
C__3PG__MNXM419	C	3PG	MNXM727604	gradient	False	MNXM419	pyridoxine	v3_lof_target	exact_name_in_X	True	True	True	True
C__3PG__MNXM420	C	3PG	MNXM727604	gradient	False	MNXM420	thymidine	v3_lof_target	exact_name_in_X	True	True	True	True
C__3PG__MNXM421	C	3PG	MNXM727604	gradient	False	MNXM421	4-aminobenzoate	v1_panel,v3_gof_target	carried,exact_name_in_X	True	True	True	True
C__3PG__MNXM458	C	3PG	MNXM727604	gradient	False	MNXM458	butanoate	v1_panel,v3_gof_target	carried,metanetx_xref	True	True	True	True
C__3PG__MNXM46	C	3PG	MNXM727604	gradient	False	MNXM46	oxaloacetate	v1_panel,v3_gof_near	carried,inserted_reaction_product	True	True	True	True
C__3PG__MNXM460	C	3PG	MNXM727604	gradient	False	MNXM460	dihydroxyacetone	v3_gof_target	exact_name_in_X	True	True	True	True
C__3PG__MNXM4964	C	3PG	MNXM727604	gradient	False	MNXM4964	4-tyrosol	v1_panel	carried	False	False	True	True
C__3PG__MNXM5	C	3PG	MNXM727604	gradient	False	MNXM5	NADP(+)	v3_gof_near	inserted_reaction_product	True	True	True	True
C__3PG__MNXM5188	C	3PG	MNXM727604	gradient	False	MNXM5188	isobutanol	v3_gof_target	exact_name_in_X	False	False	True	True
C__3PG__MNXM529	C	3PG	MNXM727604	gradient	False	MNXM529	meso-2,6-diaminopimelate	v1_panel	carried	True	True	True	True
C__3PG__MNXM554	C	3PG	MNXM727604	gradient	False	MNXM554	porphobilinogen	v1_panel	carried	True	True	True	True
C__3PG__MNXM555	C	3PG	MNXM727604	gradient	False	MNXM555	quinolinate	v1_panel	carried	True	True	True	True
C__3PG__MNXM573	C	3PG	MNXM727604	gradient	False	MNXM573	(E)-ferulate	v3_gof_target	metanetx_xref	False	False	False	False
C__3PG__MNXM5901	C	3PG	MNXM727604	gradient	False	MNXM5901	pinocembrin chalcone	v1_panel	carried	False	False	False	False
C__3PG__MNXM593	C	3PG	MNXM727604	gradient	False	MNXM593	(R)-pantoate	v1_panel	carried	True	True	True	True
C__3PG__MNXM59345	C	3PG	MNXM727604	gradient	False	MNXM59345	D-cycloserine	v3_gof_target	exact_name_in_X	False	False	False	False
C__3PG__MNXM602	C	3PG	MNXM727604	gradient	False	MNXM602	shikimate	v3_gof_near,v3_gof_target	exact_name_in_X,inserted_reaction_product,normalized_name_in_X	True	True	True	True
C__3PG__MNXM603	C	3PG	MNXM727604	gradient	False	MNXM603	tyramine	v1_panel	carried	False	True	True	True
C__3PG__MNXM6097	C	3PG	MNXM727604	gradient	False	MNXM6097	3-oxopropane-1-sulfonate	v1_panel	carried	False	False	False	False
C__3PG__MNXM617	C	3PG	MNXM727604	gradient	False	MNXM617	folate	v3_lof_target	exact_name_in_X	False	False	True	True
C__3PG__MNXM622	C	3PG	MNXM727604	gradient	False	MNXM622	1-deoxy-D-xylulose 5-phosphate	v1_panel	carried	True	True	True	True
C__3PG__MNXM6396	C	3PG	MNXM727604	gradient	False	MNXM6396	1-propanol	v3_gof_target	exact_name_in_X	False	False	True	True
C__3PG__MNXM645	C	3PG	MNXM727604	gradient	False	MNXM645	3,4-dihydroxyphenylacetate	v1_panel	carried	False	True	True	True
C__3PG__MNXM66	C	3PG	MNXM727604	gradient	False	MNXM66	sn-glycerol 3-phosphate	v1_panel	carried	True	True	True	True
C__3PG__MNXM664	C	3PG	MNXM727604	gradient	False	MNXM664	(R)-acetoin	v1_panel,v3_gof_near,v3_gof_target	carried,exact_name_in_X,inserted_reaction_product	False	False	True	True
C__3PG__MNXM704	C	3PG	MNXM727604	gradient	False	MNXM704	2'-deoxycytidine	v3_gof_target	metanetx_xref	True	True	True	True
C__3PG__MNXM725992	C	3PG	MNXM727604	gradient	False	MNXM725992	Phosphatidylglycerol	v1_panel	carried	False	False	True	True
C__3PG__MNXM728266	C	3PG	MNXM727604	gradient	False	MNXM728266	(2E,6E,10E)-geranylgeranyl diphosphate	v1_panel	carried	False	False	True	True
C__3PG__MNXM728294	C	3PG	MNXM727604	gradient	False	MNXM728294	AMP	v1_panel	carried	True	True	True	True
C__3PG__MNXM728337	C	3PG	MNXM727604	gradient	False	MNXM728337	L-isoleucine	v1_panel,v3_lof_target	carried,exact_name_in_X	True	True	True	True
C__3PG__MNXM728536	C	3PG	MNXM727604	gradient	False	MNXM728536	palmitoyl-[acyl-carrier protein]	v1_panel	carried	True	True	True	True
C__3PG__MNXM728578	C	3PG	MNXM727604	gradient	False	MNXM728578	Fatty-Acids	v3_gof_target	normalized_name_in_X	False	False	True	True
C__3PG__MNXM728682	C	3PG	MNXM727604	gradient	False	MNXM728682	beta-D-glucuronate	v1_panel	carried	False	False	True	True
C__3PG__MNXM729216	C	3PG	MNXM727604	gradient	False	MNXM729216	N-acetylmuramate 6-phosphate	v3_gof_near	inserted_reaction_product	True	True	True	True
C__3PG__MNXM729799	C	3PG	MNXM727604	gradient	False	MNXM729799	methanol	v3_gof_near	inserted_reaction_product	False	False	True	True
C__3PG__MNXM73	C	3PG	MNXM727604	gradient	False	MNXM73	phosphoenolpyruvate	v1_panel	carried	True	True	True	True
C__3PG__MNXM730135	C	3PG	MNXM727604	gradient	False	MNXM730135	thiamine	v3_lof_target	exact_name_in_X	True	True	True	True
C__3PG__MNXM730546	C	3PG	MNXM727604	gradient	False	MNXM730546	5-hydroxy-L-tryptophan	v1_panel	carried	False	False	False	False
C__3PG__MNXM731537	C	3PG	MNXM727604	gradient	False	MNXM731537	(4S)-perillyl alcohol	v3_gof_target	metanetx_xref	False	False	True	True
C__3PG__MNXM731760	C	3PG	MNXM727604	gradient	False	MNXM731760	lipid IVA (E. coli)	v1_panel	carried	True	True	True	True
C__3PG__MNXM731939	C	3PG	MNXM727604	gradient	False	MNXM731939	a malonyl-[acp]	v1_panel	carried	False	False	True	True
C__3PG__MNXM732166	C	3PG	MNXM727604	gradient	False	MNXM732166	UDP-N-acetyl-alpha-D-muramoyl-L-alanyl-gamma-D-glutamyl-meso-2,6-diaminopimeloyl-D-alanyl-D-alanine	v1_panel	carried	True	True	True	True
C__3PG__MNXM732273	C	3PG	MNXM727604	gradient	False	MNXM732273	a ubiquinol	v1_panel	carried	False	False	True	True
C__3PG__MNXM732487	C	3PG	MNXM727604	gradient	False	MNXM732487	hypoxanthine	v3_lof_target	normalized_name_in_X	True	True	True	True
C__3PG__MNXM733114	C	3PG	MNXM727604	gradient	False	MNXM733114	guanine	v3_lof_target	exact_name_in_X	True	True	True	True
C__3PG__MNXM733515	C	3PG	MNXM727604	gradient	False	MNXM733515	1,4-alpha-D-glucan	v3_gof_near	inserted_reaction_product	True	True	False	False
C__3PG__MNXM733758	C	3PG	MNXM727604	gradient	False	MNXM733758	lactate	v3_gof_target	metanetx_xref	False	False	True	True
C__3PG__MNXM733934	C	3PG	MNXM727604	gradient	False	MNXM733934	(R)-5-diphosphomevalonate	v1_panel	carried	False	False	False	False
C__3PG__MNXM734041	C	3PG	MNXM727604	gradient	False	MNXM734041	dipalmitoyl phosphatidylglycerol	v1_panel	carried	True	True	True	True
C__3PG__MNXM734573	C	3PG	MNXM727604	gradient	False	MNXM734573	aldehydo-D-xylose	v3_gof_near	inserted_reaction_product	False	False	True	True
C__3PG__MNXM734859	C	3PG	MNXM727604	gradient	False	MNXM734859	aldehydo-L-arabinose	v3_gof_near	inserted_reaction_product	True	True	True	True
C__3PG__MNXM735208	C	3PG	MNXM727604	gradient	False	MNXM735208	4-hydroxyphenylacetate	v3_gof_target	metanetx_xref	False	True	True	True
C__3PG__MNXM737068	C	3PG	MNXM727604	gradient	False	MNXM737068	xylitol	v3_gof_target	exact_name_in_X	False	False	True	True
C__3PG__MNXM737265	C	3PG	MNXM727604	gradient	False	MNXM737265	2-phenylacetate	v3_gof_target	metanetx_xref	True	True	True	True
C__3PG__MNXM737751	C	3PG	MNXM727604	gradient	False	MNXM737751	prenol	v3_gof_target	exact_name_in_X	False	False	True	True
C__3PG__MNXM737787	C	3PG	MNXM727604	gradient	False	MNXM737787	L-serine	v1_panel,v3_gof_target,v3_lof_target	carried,exact_name_in_X,normalized_name_in_X	True	True	True	True
C__3PG__MNXM738068	C	3PG	MNXM727604	gradient	False	MNXM738068	L-cysteine	v1_panel,v3_gof_near,v3_lof_target	carried,exact_name_in_X,inserted_reaction_product	True	True	True	True
C__3PG__MNXM738152	C	3PG	MNXM727604	gradient	False	MNXM738152	(2S)-naringenin	v1_panel,v3_gof_target	carried,exact_name_in_X	False	False	True	True
C__3PG__MNXM738153	C	3PG	MNXM727604	gradient	False	MNXM738153	naringenin	v3_gof_target	normalized_name_in_X	False	False	True	True
C__3PG__MNXM738283	C	3PG	MNXM727604	gradient	False	MNXM738283	(R)-5-phosphomevalonate	v1_panel	carried	False	False	True	False
C__3PG__MNXM738702	C	3PG	MNXM727604	gradient	False	MNXM738702	NADPH	v3_gof_target	exact_name_in_X	True	True	True	True
C__3PG__MNXM738804	C	3PG	MNXM727604	gradient	False	MNXM738804	L-methionine	v1_panel,v3_gof_target,v3_lof_target	carried,exact_name_in_X,normalized_name_in_X	True	True	True	True
C__3PG__MNXM738940	C	3PG	MNXM727604	gradient	False	MNXM738940	(+)-copalyl diphosphate	v1_panel	carried	False	False	False	False
C__3PG__MNXM739527	C	3PG	MNXM727604	gradient	False	MNXM739527	L-arginine	v1_panel,v3_gof_target,v3_lof_target	carried,exact_name_in_X,normalized_name_in_X	True	True	True	True
C__3PG__MNXM739592	C	3PG	MNXM727604	gradient	False	MNXM739592	Phosphatidylethanolamine (dihexadec-9enoyl, n-C16:1)	v1_panel	carried	True	True	True	True
C__3PG__MNXM739991	C	3PG	MNXM727604	gradient	False	MNXM739991	Phosphatidylglycerol (dihexadec-9-enoyl, n-C16:1)	v1_panel	carried	True	True	True	True
C__3PG__MNXM740315	C	3PG	MNXM727604	gradient	False	MNXM740315	(2E)-geraniol	v3_gof_target	metanetx_xref	False	False	True	True
C__3PG__MNXM741173	C	3PG	MNXM727604	gradient	False	MNXM741173	L-glutamate	v1_panel,v3_gof_near	carried,inserted_reaction_product	True	True	True	True
C__3PG__MNXM741276	C	3PG	MNXM727604	gradient	False	MNXM741276	2-methylcitrate	v3_gof_near	inserted_reaction_product	True	False	True	False
C__3PG__MNXM741553	C	3PG	MNXM727604	gradient	False	MNXM741553	L-tryptophan	v1_panel,v3_lof_target	carried,exact_name_in_X	True	True	True	True
C__3PG__MNXM741595	C	3PG	MNXM727604	gradient	False	MNXM741595	S-formylglutathione	v3_gof_near	inserted_reaction_product	True	True	True	True
C__3PG__MNXM741664	C	3PG	MNXM727604	gradient	False	MNXM741664	L-phenylalanine	v1_panel,v3_gof_target,v3_lof_target	carried,exact_name_in_X	True	True	True	True
C__3PG__MNXM75	C	3PG	MNXM727604	gradient	False	MNXM75	acetaldehyde	v1_panel,v3_gof_near	carried,inserted_reaction_product	True	True	True	True
C__3PG__MNXM76	C	3PG	MNXM727604	gradient	False	MNXM76	L-tyrosine	v1_panel,v3_gof_near,v3_gof_target,v3_lof_target	carried,exact_name_in_X,inserted_reaction_product	True	True	True	True
C__3PG__MNXM78362	C	3PG	MNXM727604	gradient	False	MNXM78362	Heme	v3_lof_target	normalized_name_in_X	False	False	True	True
C__3PG__MNXM792	C	3PG	MNXM727604	gradient	False	MNXM792	5-aminopentanoate	v1_panel	carried	False	True	True	True
C__3PG__MNXM799	C	3PG	MNXM727604	gradient	False	MNXM799	isochorismate	v3_gof_near	inserted_reaction_product	True	True	True	True
C__3PG__MNXM8	C	3PG	MNXM727604	gradient	False	MNXM8	NAD(+)	v3_gof_near	inserted_reaction_product	True	True	True	True
C__3PG__MNXM83	C	3PG	MNXM727604	gradient	False	MNXM83	isopentenyl diphosphate	v1_panel	carried	True	True	True	True
C__3PG__MNXM89612	C	3PG	MNXM727604	gradient	False	MNXM89612	glycerol	v1_panel,v3_gof_near	carried,inserted_reaction_product	True	True	True	True
C__3PG__MNXM89698	C	3PG	MNXM727604	gradient	False	MNXM89698	a 2,3,4-saturated fatty acid	v1_panel	carried	False	False	True	True
C__3PG__MNXM89949	C	3PG	MNXM727604	gradient	False	MNXM89949	Cis-hexadec-9-enoyl-[acyl-carrier protein] (n-C16:1)	v1_panel	carried	True	True	True	True
C__3PG__MNXM89950	C	3PG	MNXM727604	gradient	False	MNXM89950	Cis-octadec-11-enoyl-[acyl-carrier protein] (n-C18:1)	v1_panel	carried	True	True	True	True
C__3PG__MNXM943	C	3PG	MNXM727604	gradient	False	MNXM943	cadaverine	v1_panel,v3_gof_target	carried,normalized_name_in_X	True	True	True	True
C__G6P__MNXM100	C	G6P	MNXM1364111	gradient	False	MNXM100	(2E)-geranyl diphosphate	v1_panel	carried	True	True	True	True
C__G6P__MNXM1021	C	G6P	MNXM1364111	gradient	False	MNXM1021	glutarate	v3_gof_target	exact_name_in_X	False	True	True	True
C__G6P__MNXM1092518	C	G6P	MNXM1364111	gradient	False	MNXM1092518	cis-aconitate	v1_panel	carried	True	True	True	True
C__G6P__MNXM1094052	C	G6P	MNXM1364111	gradient	False	MNXM1094052	propanoate	v3_gof_target	metanetx_xref	True	True	True	True
C__G6P__MNXM1101285	C	G6P	MNXM1364111	gradient	False	MNXM1101285	GMP	v1_panel	carried	True	True	True	True
C__G6P__MNXM1101868	C	G6P	MNXM1364111	gradient	False	MNXM1101868	IMP	v1_panel,v3_gof_target	carried,exact_name_in_X	True	True	True	True
C__G6P__MNXM1103616	C	G6P	MNXM1364111	gradient	False	MNXM1103616	hexanoyl-CoA	v1_panel	carried	True	True	True	True
C__G6P__MNXM1103802	C	G6P	MNXM1364111	gradient	False	MNXM1103802	acetoacetyl-CoA	v1_panel	carried	True	True	True	True
C__G6P__MNXM1103847	C	G6P	MNXM1364111	gradient	False	MNXM1103847	(2S)-2-acetolactate	v1_panel	carried	True	True	True	True
C__G6P__MNXM1103936	C	G6P	MNXM1364111	gradient	False	MNXM1103936	(6S)-5,6,7,8-tetrahydrofolate	v1_panel	carried	True	True	True	True
C__G6P__MNXM1104180	C	G6P	MNXM1364111	gradient	False	MNXM1104180	sucrose	v1_panel	carried	True	True	False	False
C__G6P__MNXM1104235	C	G6P	MNXM1364111	gradient	False	MNXM1104235	(3S)-3-hydroxy-3-methylglutaryl-CoA	v1_panel	carried	False	False	True	True
C__G6P__MNXM1104266	C	G6P	MNXM1364111	gradient	False	MNXM1104266	acetyl-CoA	v1_panel,v3_gof_near,v3_gof_target	carried,exact_name_in_X,inserted_reaction_product	True	True	True	True
C__G6P__MNXM1104300	C	G6P	MNXM1364111	gradient	False	MNXM1104300	butanoyl-CoA	v1_panel	carried	True	True	True	True
C__G6P__MNXM1104529	C	G6P	MNXM1364111	gradient	False	MNXM1104529	UDP-N-acetyl-alpha-D-glucosamine	v1_panel	carried	True	True	True	True
C__G6P__MNXM1104699	C	G6P	MNXM1364111	gradient	False	MNXM1104699	3-oxohexanoyl-CoA	v1_panel	carried	True	True	True	True
C__G6P__MNXM1104774	C	G6P	MNXM1364111	gradient	False	MNXM1104774	succinyl-CoA	v1_panel,v3_gof_target	carried,exact_name_in_X	True	True	True	True
C__G6P__MNXM1104823	C	G6P	MNXM1364111	gradient	False	MNXM1104823	UMP	v1_panel	carried	True	True	True	True
C__G6P__MNXM1105057	C	G6P	MNXM1364111	gradient	False	MNXM1105057	(R)-mevalonate	v1_panel	carried	False	False	True	True
C__G6P__MNXM1105732	C	G6P	MNXM1364111	gradient	False	MNXM1105732	L-alanine	v3_gof_target	exact_name_in_X,normalized_name_in_X	True	True	True	True
C__G6P__MNXM1105941	C	G6P	MNXM1364111	gradient	False	MNXM1105941	myo-inositol	v3_gof_target	exact_name_in_X	True	True	True	True
C__G6P__MNXM1106093	C	G6P	MNXM1364111	gradient	False	MNXM1106093	malonyl-CoA	v1_panel,v3_gof_near,v3_gof_target	carried,exact_name_in_X,inserted_reaction_product	True	True	True	True
C__G6P__MNXM1106761	C	G6P	MNXM1364111	gradient	False	MNXM1106761	L-leucine	v1_panel,v3_lof_target	carried,exact_name_in_X	True	True	True	True
C__G6P__MNXM1106823	C	G6P	MNXM1364111	gradient	False	MNXM1106823	1,2,4-butanetriol	v3_gof_target	normalized_name_in_X	False	False	True	True
C__G6P__MNXM1107139	C	G6P	MNXM1364111	gradient	False	MNXM1107139	an alditol	v3_gof_target	metanetx_xref	False	False	True	True
C__G6P__MNXM1107741	C	G6P	MNXM1364111	gradient	False	MNXM1107741	cyclic pyranopterin phosphate	v1_panel	carried	True	True	True	True
C__G6P__MNXM1107752	C	G6P	MNXM1364111	gradient	False	MNXM1107752	citrate	v1_panel	carried	True	True	True	True
C__G6P__MNXM1107769	C	G6P	MNXM1364111	gradient	False	MNXM1107769	L-histidine	v1_panel,v3_lof_target	carried,exact_name_in_X	True	True	True	True
C__G6P__MNXM1107821	C	G6P	MNXM1364111	gradient	False	MNXM1107821	L-asparagine	v1_panel	carried	True	True	True	True
C__G6P__MNXM1107898	C	G6P	MNXM1364111	gradient	False	MNXM1107898	beta-D-fructose 6-phosphate	v1_panel	carried	True	True	True	True
C__G6P__MNXM1107904	C	G6P	MNXM1364111	gradient	False	MNXM1107904	(S)-methylmalonyl-CoA	v3_gof_near	inserted_reaction_product	True	True	True	True
C__G6P__MNXM1108016	C	G6P	MNXM1364111	gradient	False	MNXM1108016	nicotinate beta-D-ribonucleotide	v3_gof_near	inserted_reaction_product	True	True	True	True
C__G6P__MNXM1108018	C	G6P	MNXM1364111	gradient	False	MNXM1108018	H2	v1_panel	carried	False	False	False	False
C__G6P__MNXM1108092	C	G6P	MNXM1364111	gradient	False	MNXM1108092	ethanol	v1_panel,v3_gof_target	carried,exact_name_in_X,normalized_name_in_X	True	True	True	True
C__G6P__MNXM1108176	C	G6P	MNXM1364111	gradient	False	MNXM1108176	D-galactose	v1_panel	carried	False	False	True	True
C__G6P__MNXM1108250	C	G6P	MNXM1364111	gradient	False	MNXM1108250	all-trans-beta-carotene	v1_panel,v3_gof_target	carried,metanetx_xref	False	False	False	False
C__G6P__MNXM1137654	C	G6P	MNXM1364111	gradient	False	MNXM1137654	(S)-acetoin	v1_panel	carried	False	False	False	False
C__G6P__MNXM1137687	C	G6P	MNXM1364111	gradient	False	MNXM1137687	3,4-dihydroxybenzoate	v1_panel	carried	False	False	False	False
C__G6P__MNXM114	C	G6P	MNXM1364111	gradient	False	MNXM114	L-proline	v1_panel,v3_lof_target	carried,exact_name_in_X	True	True	True	True
C__G6P__MNXM114436	C	G6P	MNXM1364111	gradient	False	MNXM114436	4a-hydroxy-N10-formyltetrahydrofolate	v1_panel	carried	False	False	False	False
C__G6P__MNXM114643	C	G6P	MNXM1364111	gradient	False	MNXM114643	an apo-[FeFe] hydrogenase subunit	v1_panel	carried	False	False	False	False
C__G6P__MNXM115	C	G6P	MNXM1364111	gradient	False	MNXM115	phosphatidylethanolamine	v1_panel,v3_gof_target	carried,exact_name_in_X	False	False	True	True
C__G6P__MNXM118	C	G6P	MNXM1364111	gradient	False	MNXM118	putrescine	v1_panel,v3_gof_target	carried,normalized_name_in_X	True	True	True	True
C__G6P__MNXM1255	C	G6P	MNXM1364111	gradient	False	MNXM1255	(S)-propane-1,2-diol	v3_gof_near	inserted_reaction_product	True	True	True	True
C__G6P__MNXM132	C	G6P	MNXM1364111	gradient	False	MNXM132	dimethylallyl diphosphate	v1_panel	carried	True	True	True	True
C__G6P__MNXM1326	C	G6P	MNXM1364111	gradient	False	MNXM1326	(S)-eriodictyol	v3_gof_target	metanetx_xref	False	False	True	True
C__G6P__MNXM1363773	C	G6P	MNXM1364111	gradient	False	MNXM1363773	all-trans-retinol	v3_gof_target	exact_name_in_X	False	False	True	True
C__G6P__MNXM1363833	C	G6P	MNXM1364111	gradient	False	MNXM1363833	(2E,6E)-farnesyl diphosphate	v1_panel	carried	False	False	True	True
C__G6P__MNXM1363910	C	G6P	MNXM1364111	gradient	False	MNXM1363910	alpha-D-ribofuranose 5-phosphate	v1_panel	carried	True	True	True	True
C__G6P__MNXM1363936	C	G6P	MNXM1364111	gradient	False	MNXM1363936	(2E)-butenoyl-CoA	v1_panel	carried	True	True	True	True
C__G6P__MNXM1363974	C	G6P	MNXM1364111	gradient	False	MNXM1363974	dTDP-4-dehydro-6-deoxy-alpha-D-glucose	v1_panel	carried	True	True	True	True
C__G6P__MNXM1364019	C	G6P	MNXM1364111	gradient	False	MNXM1364019	UDP-alpha-D-glucose	v3_gof_near	inserted_reaction_product	True	True	True	True
C__G6P__MNXM1364061	C	G6P	MNXM1364111	gradient	False	MNXM1364061	D-glucose	v1_panel	carried	True	True	True	True
C__G6P__MNXM1364140	C	G6P	MNXM1364111	gradient	False	MNXM1364140	(3R)-3-hydroxybutanoyl-CoA	v1_panel	carried	False	False	True	True
C__G6P__MNXM1364149	C	G6P	MNXM1364111	gradient	False	MNXM1364149	FAD	v1_panel	carried	True	True	True	True
C__G6P__MNXM1364174	C	G6P	MNXM1364111	gradient	False	MNXM1364174	N-acetyl-beta-D-glucosamine 6-phosphate	v1_panel,v3_gof_near	carried,inserted_reaction_product	True	True	True	True
C__G6P__MNXM1364229	C	G6P	MNXM1364111	gradient	False	MNXM1364229	beta-D-fructose 1,6-bisphosphate	v3_gof_near	inserted_reaction_product	True	True	True	True
C__G6P__MNXM1364266	C	G6P	MNXM1364111	gradient	False	MNXM1364266	propanoyl-CoA	v3_gof_near	inserted_reaction_product	True	True	True	True
C__G6P__MNXM1364268	C	G6P	MNXM1364111	gradient	False	MNXM1364268	L-lysine	v1_panel,v3_gof_target,v3_lof_target	carried,exact_name_in_X	True	True	True	True
C__G6P__MNXM1364476	C	G6P	MNXM1364111	gradient	False	MNXM1364476	protoporphyrin IX	v3_lof_target	exact_name_in_X	True	True	True	True
C__G6P__MNXM1364497	C	G6P	MNXM1364111	gradient	False	MNXM1364497	L-aspartate	v1_panel,v3_gof_target	carried,exact_name_in_X	True	True	True	True
C__G6P__MNXM1364686	C	G6P	MNXM1364111	gradient	False	MNXM1364686	1D-myo-inositol 3-phosphate	v1_panel,v3_gof_near	carried,inserted_reaction_product	False	False	True	True
C__G6P__MNXM1365590	C	G6P	MNXM1364111	gradient	False	MNXM1365590	molybdopterin	v3_gof_near	inserted_reaction_product	True	True	True	True
C__G6P__MNXM1368127	C	G6P	MNXM1364111	gradient	False	MNXM1368127	(3E,6E)-alpha-farnesene	v3_gof_target	metanetx_xref	False	False	False	False
C__G6P__MNXM1368744	C	G6P	MNXM1364111	gradient	False	MNXM1368744	2-oxoglutarate	v1_panel,v3_gof_near,v3_gof_target	carried,exact_name_in_X,inserted_reaction_product	True	True	True	True
C__G6P__MNXM1369302	C	G6P	MNXM1364111	gradient	False	MNXM1369302	thymine	v3_lof_target	exact_name_in_X	True	True	True	True
C__G6P__MNXM1370019	C	G6P	MNXM1364111	gradient	False	MNXM1370019	(E)-4-coumarate	v1_panel	carried	False	False	True	True
C__G6P__MNXM1370262	C	G6P	MNXM1364111	gradient	False	MNXM1370262	15-cis-phytoene	v1_panel	carried	False	False	False	False
C__G6P__MNXM1370620	C	G6P	MNXM1364111	gradient	False	MNXM1370620	N-acetyl-L-glutamate	v3_gof_near	inserted_reaction_product	True	True	True	True
C__G6P__MNXM1370996	C	G6P	MNXM1364111	gradient	False	MNXM1370996	caffeic acid	v3_gof_target	exact_name_in_X	True	True	True	True
C__G6P__MNXM1371362	C	G6P	MNXM1364111	gradient	False	MNXM1371362	(R)-lactate	v1_panel,v3_gof_near,v3_gof_target	carried,inserted_reaction_product,metanetx_xref	True	True	True	True
C__G6P__MNXM1371363	C	G6P	MNXM1364111	gradient	False	MNXM1371363	(S)-lactate	v3_gof_near	inserted_reaction_product	True	True	True	True
C__G6P__MNXM1371612	C	G6P	MNXM1364111	gradient	False	MNXM1371612	(R)-pantothenate	v1_panel	carried	True	True	True	True
C__G6P__MNXM1372044	C	G6P	MNXM1364111	gradient	False	MNXM1372044	glyceraldehyde 3-phosphate	v1_panel	carried	True	True	True	True
C__G6P__MNXM1372147	C	G6P	MNXM1364111	gradient	False	MNXM1372147	(4R)-limonene	v1_panel	carried	False	False	False	False
C__G6P__MNXM1372148	C	G6P	MNXM1364111	gradient	False	MNXM1372148	(4S)-limonene	v3_gof_target	exact_name_in_X	False	False	True	True
C__G6P__MNXM1410	C	G6P	MNXM1364111	gradient	False	MNXM1410	5-oxopentanoate	v1_panel	carried	False	True	True	True
C__G6P__MNXM142	C	G6P	MNXM1364111	gradient	False	MNXM142	L-threonine	v1_panel,v3_gof_near,v3_gof_target,v3_lof_target	carried,exact_name_in_X,inserted_reaction_product	True	True	True	True
C__G6P__MNXM144	C	G6P	MNXM1364111	gradient	False	MNXM144	beta-alanine	v3_gof_target	normalized_name_in_X	True	True	True	True
C__G6P__MNXM145	C	G6P	MNXM1364111	gradient	False	MNXM145	D-ribulose 5-phosphate	v1_panel	carried	True	True	True	True
C__G6P__MNXM161	C	G6P	MNXM1364111	gradient	False	MNXM161	pyridoxal 5'-phosphate	v1_panel	carried	True	True	True	True
C__G6P__MNXM162	C	G6P	MNXM1364111	gradient	False	MNXM162	D-threo-isocitrate	v1_panel	carried	False	False	True	True
C__G6P__MNXM162231	C	G6P	MNXM1364111	gradient	False	MNXM162231	NAD(P)H	v1_panel,v3_gof_near	carried,inserted_reaction_product	False	False	True	True
C__G6P__MNXM163519	C	G6P	MNXM1364111	gradient	False	MNXM163519	a lipid II	v1_panel	carried	False	False	True	True
C__G6P__MNXM164	C	G6P	MNXM1364111	gradient	False	MNXM164	4-hydroxybenzoate	v1_panel	carried	True	True	True	True
C__G6P__MNXM1653	C	G6P	MNXM1364111	gradient	False	MNXM1653	hexanoate	v3_gof_target	exact_name_in_X	True	True	True	True
C__G6P__MNXM169454	C	G6P	MNXM1364111	gradient	False	MNXM169454	D-xylose	v1_panel	carried	True	True	True	True
C__G6P__MNXM1734	C	G6P	MNXM1364111	gradient	False	MNXM1734	D-galactonate	v3_gof_target	exact_name_in_X	True	True	True	True
C__G6P__MNXM1737	C	G6P	MNXM1364111	gradient	False	MNXM1737	D-xylono-1,5-lactone	v3_gof_near	inserted_reaction_product	False	False	False	False
C__G6P__MNXM1747	C	G6P	MNXM1364111	gradient	False	MNXM1747	itaconate	v3_gof_target	exact_name_in_X	False	False	True	True
C__G6P__MNXM1812	C	G6P	MNXM1364111	gradient	False	MNXM1812	penicillin G	v3_gof_target	exact_name_in_X	False	False	False	False
C__G6P__MNXM18358	C	G6P	MNXM1364111	gradient	False	MNXM18358	hexan-1-ol	v1_panel	carried	False	False	True	True
C__G6P__MNXM199	C	G6P	MNXM1364111	gradient	False	MNXM199	L-valine	v3_gof_target,v3_lof_target	exact_name_in_X	True	True	True	True
C__G6P__MNXM2022	C	G6P	MNXM1364111	gradient	False	MNXM2022	beta-myrcene	v1_panel	carried	False	False	False	False
C__G6P__MNXM2090	C	G6P	MNXM1364111	gradient	False	MNXM2090	5-aminopentanamide	v1_panel	carried	False	False	False	False
C__G6P__MNXM2105	C	G6P	MNXM1364111	gradient	False	MNXM2105	butanoyl phosphate	v1_panel	carried	False	False	True	True
C__G6P__MNXM2138	C	G6P	MNXM1364111	gradient	False	MNXM2138	N-acetyl-beta-D-glucosamine	v3_gof_target	metanetx_xref	False	False	True	True
C__G6P__MNXM222	C	G6P	MNXM1364111	gradient	False	MNXM222	glycolate	v3_gof_near	inserted_reaction_product	True	True	True	True
C__G6P__MNXM23	C	G6P	MNXM1364111	gradient	False	MNXM23	pyruvate	v1_panel,v3_gof_near,v3_gof_target	carried,exact_name_in_X,inserted_reaction_product	True	True	True	True
C__G6P__MNXM2334	C	G6P	MNXM1364111	gradient	False	MNXM2334	4-hydroxybutanoyl-CoA	v1_panel	carried	False	False	False	False
C__G6P__MNXM2476	C	G6P	MNXM1364111	gradient	False	MNXM2476	2-phenylethanol	v3_gof_target	exact_name_in_X	False	False	True	True
C__G6P__MNXM25	C	G6P	MNXM1364111	gradient	False	MNXM25	succinate	v1_panel,v3_gof_target,v3_lof_target	carried,exact_name_in_X,normalized_name_in_X	True	True	True	True
C__G6P__MNXM256	C	G6P	MNXM1364111	gradient	False	MNXM256	thiamine diphosphate	v1_panel	carried	True	True	True	True
C__G6P__MNXM257	C	G6P	MNXM1364111	gradient	False	MNXM257	dTMP	v1_panel	carried	True	True	True	True
C__G6P__MNXM258	C	G6P	MNXM1364111	gradient	False	MNXM258	D-erythrose 4-phosphate	v1_panel,v3_gof_near	carried,inserted_reaction_product	True	True	True	True
C__G6P__MNXM26	C	G6P	MNXM1364111	gradient	False	MNXM26	acetate	v1_panel,v3_gof_near,v3_gof_target	carried,exact_name_in_X,inserted_reaction_product	True	True	True	True
C__G6P__MNXM270	C	G6P	MNXM1364111	gradient	False	MNXM270	riboflavin	v1_panel,v3_gof_target,v3_lof_target	carried,exact_name_in_X	True	True	True	True
C__G6P__MNXM279	C	G6P	MNXM1364111	gradient	False	MNXM279	L-dopa	v3_gof_target	normalized_name_in_X	False	False	True	True
C__G6P__MNXM280	C	G6P	MNXM1364111	gradient	False	MNXM280	acetyl phosphate	v3_gof_near	inserted_reaction_product	True	True	True	True
C__G6P__MNXM2861	C	G6P	MNXM1364111	gradient	False	MNXM2861	propane-1,3-diol	v3_gof_target	metanetx_xref	True	False	False	False
C__G6P__MNXM29	C	G6P	MNXM1364111	gradient	False	MNXM29	glycine	v1_panel	carried	True	True	True	True
C__G6P__MNXM304	C	G6P	MNXM1364111	gradient	False	MNXM304	biotin	v1_panel,v3_lof_target	carried,exact_name_in_X	True	True	True	True
C__G6P__MNXM3085	C	G6P	MNXM1364111	gradient	False	MNXM3085	propan-2-ol	v3_gof_near	inserted_reaction_product	False	False	True	True
C__G6P__MNXM315	C	G6P	MNXM1364111	gradient	False	MNXM315	indole-3-pyruvate	v1_panel,v3_gof_near	carried,inserted_reaction_product	False	True	True	True
C__G6P__MNXM320	C	G6P	MNXM1364111	gradient	False	MNXM320	phenol	v3_gof_target	exact_name_in_X	False	False	True	True
C__G6P__MNXM3230	C	G6P	MNXM1364111	gradient	False	MNXM3230	butan-1-ol	v3_gof_near,v3_gof_target	inserted_reaction_product,metanetx_xref	False	False	True	True
C__G6P__MNXM3288	C	G6P	MNXM1364111	gradient	False	MNXM3288	isoprene	v3_gof_target	normalized_name_in_X	False	False	False	False
C__G6P__MNXM337	C	G6P	MNXM1364111	gradient	False	MNXM337	chorismate	v1_panel	carried	True	True	True	True
C__G6P__MNXM361	C	G6P	MNXM1364111	gradient	False	MNXM361	L-aspartate 4-semialdehyde	v3_gof_near	inserted_reaction_product	True	True	True	True
C__G6P__MNXM37	C	G6P	MNXM1364111	gradient	False	MNXM37	L-glutamine	v1_panel,v3_gof_target,v3_lof_target	carried,exact_name_in_X	True	True	True	True
C__G6P__MNXM39	C	G6P	MNXM1364111	gradient	False	MNXM39	formate	v1_panel,v3_gof_near	carried,inserted_reaction_product	True	True	True	True
C__G6P__MNXM398	C	G6P	MNXM1364111	gradient	False	MNXM398	acetone	v3_gof_target	exact_name_in_X	False	False	True	True
C__G6P__MNXM404	C	G6P	MNXM1364111	gradient	False	MNXM404	4-methyl-2-oxopentanoate	v1_panel	carried	True	True	True	True
C__G6P__MNXM405	C	G6P	MNXM1364111	gradient	False	MNXM405	5-aminolevulinate	v1_panel	carried	True	True	True	True
C__G6P__MNXM419	C	G6P	MNXM1364111	gradient	False	MNXM419	pyridoxine	v3_lof_target	exact_name_in_X	True	True	True	True
C__G6P__MNXM420	C	G6P	MNXM1364111	gradient	False	MNXM420	thymidine	v3_lof_target	exact_name_in_X	True	True	True	True
C__G6P__MNXM421	C	G6P	MNXM1364111	gradient	False	MNXM421	4-aminobenzoate	v1_panel,v3_gof_target	carried,exact_name_in_X	True	True	True	True
C__G6P__MNXM458	C	G6P	MNXM1364111	gradient	False	MNXM458	butanoate	v1_panel,v3_gof_target	carried,metanetx_xref	True	True	True	True
C__G6P__MNXM46	C	G6P	MNXM1364111	gradient	False	MNXM46	oxaloacetate	v1_panel,v3_gof_near	carried,inserted_reaction_product	True	True	True	True
C__G6P__MNXM460	C	G6P	MNXM1364111	gradient	False	MNXM460	dihydroxyacetone	v3_gof_target	exact_name_in_X	True	True	True	True
C__G6P__MNXM4964	C	G6P	MNXM1364111	gradient	False	MNXM4964	4-tyrosol	v1_panel	carried	False	False	True	True
C__G6P__MNXM5	C	G6P	MNXM1364111	gradient	False	MNXM5	NADP(+)	v3_gof_near	inserted_reaction_product	True	True	True	True
C__G6P__MNXM5188	C	G6P	MNXM1364111	gradient	False	MNXM5188	isobutanol	v3_gof_target	exact_name_in_X	False	False	True	True
C__G6P__MNXM529	C	G6P	MNXM1364111	gradient	False	MNXM529	meso-2,6-diaminopimelate	v1_panel	carried	True	True	True	True
C__G6P__MNXM554	C	G6P	MNXM1364111	gradient	False	MNXM554	porphobilinogen	v1_panel	carried	True	True	True	True
C__G6P__MNXM555	C	G6P	MNXM1364111	gradient	False	MNXM555	quinolinate	v1_panel	carried	True	True	True	True
C__G6P__MNXM573	C	G6P	MNXM1364111	gradient	False	MNXM573	(E)-ferulate	v3_gof_target	metanetx_xref	False	False	False	False
C__G6P__MNXM5901	C	G6P	MNXM1364111	gradient	False	MNXM5901	pinocembrin chalcone	v1_panel	carried	False	False	False	False
C__G6P__MNXM593	C	G6P	MNXM1364111	gradient	False	MNXM593	(R)-pantoate	v1_panel	carried	True	True	True	True
C__G6P__MNXM59345	C	G6P	MNXM1364111	gradient	False	MNXM59345	D-cycloserine	v3_gof_target	exact_name_in_X	False	False	False	False
C__G6P__MNXM602	C	G6P	MNXM1364111	gradient	False	MNXM602	shikimate	v3_gof_near,v3_gof_target	exact_name_in_X,inserted_reaction_product,normalized_name_in_X	True	True	True	True
C__G6P__MNXM603	C	G6P	MNXM1364111	gradient	False	MNXM603	tyramine	v1_panel	carried	False	True	True	True
C__G6P__MNXM6097	C	G6P	MNXM1364111	gradient	False	MNXM6097	3-oxopropane-1-sulfonate	v1_panel	carried	False	False	False	False
C__G6P__MNXM617	C	G6P	MNXM1364111	gradient	False	MNXM617	folate	v3_lof_target	exact_name_in_X	False	False	True	True
C__G6P__MNXM622	C	G6P	MNXM1364111	gradient	False	MNXM622	1-deoxy-D-xylulose 5-phosphate	v1_panel	carried	True	True	True	True
C__G6P__MNXM6396	C	G6P	MNXM1364111	gradient	False	MNXM6396	1-propanol	v3_gof_target	exact_name_in_X	False	False	True	True
C__G6P__MNXM645	C	G6P	MNXM1364111	gradient	False	MNXM645	3,4-dihydroxyphenylacetate	v1_panel	carried	False	True	True	True
C__G6P__MNXM66	C	G6P	MNXM1364111	gradient	False	MNXM66	sn-glycerol 3-phosphate	v1_panel	carried	True	True	True	True
C__G6P__MNXM664	C	G6P	MNXM1364111	gradient	False	MNXM664	(R)-acetoin	v1_panel,v3_gof_near,v3_gof_target	carried,exact_name_in_X,inserted_reaction_product	False	False	True	True
C__G6P__MNXM704	C	G6P	MNXM1364111	gradient	False	MNXM704	2'-deoxycytidine	v3_gof_target	metanetx_xref	True	True	True	True
C__G6P__MNXM725992	C	G6P	MNXM1364111	gradient	False	MNXM725992	Phosphatidylglycerol	v1_panel	carried	False	False	True	True
C__G6P__MNXM727604	C	G6P	MNXM1364111	gradient	False	MNXM727604	(2R)-3-phosphoglycerate	v1_panel	carried	True	True	True	True
C__G6P__MNXM728266	C	G6P	MNXM1364111	gradient	False	MNXM728266	(2E,6E,10E)-geranylgeranyl diphosphate	v1_panel	carried	False	False	True	True
C__G6P__MNXM728294	C	G6P	MNXM1364111	gradient	False	MNXM728294	AMP	v1_panel	carried	True	True	True	True
C__G6P__MNXM728337	C	G6P	MNXM1364111	gradient	False	MNXM728337	L-isoleucine	v1_panel,v3_lof_target	carried,exact_name_in_X	True	True	True	True
C__G6P__MNXM728536	C	G6P	MNXM1364111	gradient	False	MNXM728536	palmitoyl-[acyl-carrier protein]	v1_panel	carried	True	True	True	True
C__G6P__MNXM728578	C	G6P	MNXM1364111	gradient	False	MNXM728578	Fatty-Acids	v3_gof_target	normalized_name_in_X	False	False	True	True
C__G6P__MNXM728682	C	G6P	MNXM1364111	gradient	False	MNXM728682	beta-D-glucuronate	v1_panel	carried	False	False	True	True
C__G6P__MNXM729216	C	G6P	MNXM1364111	gradient	False	MNXM729216	N-acetylmuramate 6-phosphate	v3_gof_near	inserted_reaction_product	True	True	True	True
C__G6P__MNXM729799	C	G6P	MNXM1364111	gradient	False	MNXM729799	methanol	v3_gof_near	inserted_reaction_product	False	False	True	True
C__G6P__MNXM73	C	G6P	MNXM1364111	gradient	False	MNXM73	phosphoenolpyruvate	v1_panel	carried	True	True	True	True
C__G6P__MNXM730135	C	G6P	MNXM1364111	gradient	False	MNXM730135	thiamine	v3_lof_target	exact_name_in_X	True	True	True	True
C__G6P__MNXM730546	C	G6P	MNXM1364111	gradient	False	MNXM730546	5-hydroxy-L-tryptophan	v1_panel	carried	False	False	False	False
C__G6P__MNXM731537	C	G6P	MNXM1364111	gradient	False	MNXM731537	(4S)-perillyl alcohol	v3_gof_target	metanetx_xref	False	False	True	True
C__G6P__MNXM731760	C	G6P	MNXM1364111	gradient	False	MNXM731760	lipid IVA (E. coli)	v1_panel	carried	True	True	True	True
C__G6P__MNXM731939	C	G6P	MNXM1364111	gradient	False	MNXM731939	a malonyl-[acp]	v1_panel	carried	False	False	True	True
C__G6P__MNXM732166	C	G6P	MNXM1364111	gradient	False	MNXM732166	UDP-N-acetyl-alpha-D-muramoyl-L-alanyl-gamma-D-glutamyl-meso-2,6-diaminopimeloyl-D-alanyl-D-alanine	v1_panel	carried	True	True	True	True
C__G6P__MNXM732273	C	G6P	MNXM1364111	gradient	False	MNXM732273	a ubiquinol	v1_panel	carried	False	False	True	True
C__G6P__MNXM732487	C	G6P	MNXM1364111	gradient	False	MNXM732487	hypoxanthine	v3_lof_target	normalized_name_in_X	True	True	True	True
C__G6P__MNXM733114	C	G6P	MNXM1364111	gradient	False	MNXM733114	guanine	v3_lof_target	exact_name_in_X	True	True	True	True
C__G6P__MNXM733515	C	G6P	MNXM1364111	gradient	False	MNXM733515	1,4-alpha-D-glucan	v3_gof_near	inserted_reaction_product	True	True	False	False
C__G6P__MNXM733758	C	G6P	MNXM1364111	gradient	False	MNXM733758	lactate	v3_gof_target	metanetx_xref	False	False	True	True
C__G6P__MNXM733934	C	G6P	MNXM1364111	gradient	False	MNXM733934	(R)-5-diphosphomevalonate	v1_panel	carried	False	False	False	False
C__G6P__MNXM734041	C	G6P	MNXM1364111	gradient	False	MNXM734041	dipalmitoyl phosphatidylglycerol	v1_panel	carried	True	True	True	True
C__G6P__MNXM734573	C	G6P	MNXM1364111	gradient	False	MNXM734573	aldehydo-D-xylose	v3_gof_near	inserted_reaction_product	False	False	True	True
C__G6P__MNXM734859	C	G6P	MNXM1364111	gradient	False	MNXM734859	aldehydo-L-arabinose	v3_gof_near	inserted_reaction_product	True	True	True	True
C__G6P__MNXM735208	C	G6P	MNXM1364111	gradient	False	MNXM735208	4-hydroxyphenylacetate	v3_gof_target	metanetx_xref	False	True	True	True
C__G6P__MNXM737068	C	G6P	MNXM1364111	gradient	False	MNXM737068	xylitol	v3_gof_target	exact_name_in_X	False	False	True	True
C__G6P__MNXM737265	C	G6P	MNXM1364111	gradient	False	MNXM737265	2-phenylacetate	v3_gof_target	metanetx_xref	True	True	True	True
C__G6P__MNXM737751	C	G6P	MNXM1364111	gradient	False	MNXM737751	prenol	v3_gof_target	exact_name_in_X	False	False	True	True
C__G6P__MNXM737787	C	G6P	MNXM1364111	gradient	False	MNXM737787	L-serine	v1_panel,v3_gof_target,v3_lof_target	carried,exact_name_in_X,normalized_name_in_X	True	True	True	True
C__G6P__MNXM738068	C	G6P	MNXM1364111	gradient	False	MNXM738068	L-cysteine	v1_panel,v3_gof_near,v3_lof_target	carried,exact_name_in_X,inserted_reaction_product	True	True	True	True
C__G6P__MNXM738152	C	G6P	MNXM1364111	gradient	False	MNXM738152	(2S)-naringenin	v1_panel,v3_gof_target	carried,exact_name_in_X	False	False	True	True
C__G6P__MNXM738153	C	G6P	MNXM1364111	gradient	False	MNXM738153	naringenin	v3_gof_target	normalized_name_in_X	False	False	True	True
C__G6P__MNXM738283	C	G6P	MNXM1364111	gradient	False	MNXM738283	(R)-5-phosphomevalonate	v1_panel	carried	False	False	True	False
C__G6P__MNXM738702	C	G6P	MNXM1364111	gradient	False	MNXM738702	NADPH	v3_gof_target	exact_name_in_X	True	True	True	True
C__G6P__MNXM738804	C	G6P	MNXM1364111	gradient	False	MNXM738804	L-methionine	v1_panel,v3_gof_target,v3_lof_target	carried,exact_name_in_X,normalized_name_in_X	True	True	True	True
C__G6P__MNXM738940	C	G6P	MNXM1364111	gradient	False	MNXM738940	(+)-copalyl diphosphate	v1_panel	carried	False	False	False	False
C__G6P__MNXM739527	C	G6P	MNXM1364111	gradient	False	MNXM739527	L-arginine	v1_panel,v3_gof_target,v3_lof_target	carried,exact_name_in_X,normalized_name_in_X	True	True	True	True
C__G6P__MNXM739592	C	G6P	MNXM1364111	gradient	False	MNXM739592	Phosphatidylethanolamine (dihexadec-9enoyl, n-C16:1)	v1_panel	carried	True	True	True	True
C__G6P__MNXM739991	C	G6P	MNXM1364111	gradient	False	MNXM739991	Phosphatidylglycerol (dihexadec-9-enoyl, n-C16:1)	v1_panel	carried	True	True	True	True
C__G6P__MNXM740315	C	G6P	MNXM1364111	gradient	False	MNXM740315	(2E)-geraniol	v3_gof_target	metanetx_xref	False	False	True	True
C__G6P__MNXM741173	C	G6P	MNXM1364111	gradient	False	MNXM741173	L-glutamate	v1_panel,v3_gof_near	carried,inserted_reaction_product	True	True	True	True
C__G6P__MNXM741276	C	G6P	MNXM1364111	gradient	False	MNXM741276	2-methylcitrate	v3_gof_near	inserted_reaction_product	True	False	True	False
C__G6P__MNXM741553	C	G6P	MNXM1364111	gradient	False	MNXM741553	L-tryptophan	v1_panel,v3_lof_target	carried,exact_name_in_X	True	True	True	True
C__G6P__MNXM741595	C	G6P	MNXM1364111	gradient	False	MNXM741595	S-formylglutathione	v3_gof_near	inserted_reaction_product	True	True	True	True
C__G6P__MNXM741664	C	G6P	MNXM1364111	gradient	False	MNXM741664	L-phenylalanine	v1_panel,v3_gof_target,v3_lof_target	carried,exact_name_in_X	True	True	True	True
C__G6P__MNXM75	C	G6P	MNXM1364111	gradient	False	MNXM75	acetaldehyde	v1_panel,v3_gof_near	carried,inserted_reaction_product	True	True	True	True
C__G6P__MNXM76	C	G6P	MNXM1364111	gradient	False	MNXM76	L-tyrosine	v1_panel,v3_gof_near,v3_gof_target,v3_lof_target	carried,exact_name_in_X,inserted_reaction_product	True	True	True	True
C__G6P__MNXM78362	C	G6P	MNXM1364111	gradient	False	MNXM78362	Heme	v3_lof_target	normalized_name_in_X	False	False	True	True
C__G6P__MNXM792	C	G6P	MNXM1364111	gradient	False	MNXM792	5-aminopentanoate	v1_panel	carried	False	True	True	True
C__G6P__MNXM799	C	G6P	MNXM1364111	gradient	False	MNXM799	isochorismate	v3_gof_near	inserted_reaction_product	True	True	True	True
C__G6P__MNXM8	C	G6P	MNXM1364111	gradient	False	MNXM8	NAD(+)	v3_gof_near	inserted_reaction_product	True	True	True	True
C__G6P__MNXM83	C	G6P	MNXM1364111	gradient	False	MNXM83	isopentenyl diphosphate	v1_panel	carried	True	True	True	True
C__G6P__MNXM89612	C	G6P	MNXM1364111	gradient	False	MNXM89612	glycerol	v1_panel,v3_gof_near	carried,inserted_reaction_product	True	True	True	True
C__G6P__MNXM89698	C	G6P	MNXM1364111	gradient	False	MNXM89698	a 2,3,4-saturated fatty acid	v1_panel	carried	False	False	True	True
C__G6P__MNXM89949	C	G6P	MNXM1364111	gradient	False	MNXM89949	Cis-hexadec-9-enoyl-[acyl-carrier protein] (n-C16:1)	v1_panel	carried	True	True	True	True
C__G6P__MNXM89950	C	G6P	MNXM1364111	gradient	False	MNXM89950	Cis-octadec-11-enoyl-[acyl-carrier protein] (n-C18:1)	v1_panel	carried	True	True	True	True
C__G6P__MNXM943	C	G6P	MNXM1364111	gradient	False	MNXM943	cadaverine	v1_panel,v3_gof_target	carried,normalized_name_in_X	True	True	True	True
C__G3P__MNXM100	C	G3P	MNXM1372044	gradient	False	MNXM100	(2E)-geranyl diphosphate	v1_panel	carried	True	True	True	True
C__G3P__MNXM1021	C	G3P	MNXM1372044	gradient	False	MNXM1021	glutarate	v3_gof_target	exact_name_in_X	False	True	True	True
C__G3P__MNXM1092518	C	G3P	MNXM1372044	gradient	False	MNXM1092518	cis-aconitate	v1_panel	carried	True	True	True	True
C__G3P__MNXM1094052	C	G3P	MNXM1372044	gradient	False	MNXM1094052	propanoate	v3_gof_target	metanetx_xref	True	True	True	True
C__G3P__MNXM1101285	C	G3P	MNXM1372044	gradient	False	MNXM1101285	GMP	v1_panel	carried	True	True	True	True
C__G3P__MNXM1101868	C	G3P	MNXM1372044	gradient	False	MNXM1101868	IMP	v1_panel,v3_gof_target	carried,exact_name_in_X	True	True	True	True
C__G3P__MNXM1103616	C	G3P	MNXM1372044	gradient	False	MNXM1103616	hexanoyl-CoA	v1_panel	carried	True	True	True	True
C__G3P__MNXM1103802	C	G3P	MNXM1372044	gradient	False	MNXM1103802	acetoacetyl-CoA	v1_panel	carried	True	True	True	True
C__G3P__MNXM1103847	C	G3P	MNXM1372044	gradient	False	MNXM1103847	(2S)-2-acetolactate	v1_panel	carried	True	True	True	True
C__G3P__MNXM1103936	C	G3P	MNXM1372044	gradient	False	MNXM1103936	(6S)-5,6,7,8-tetrahydrofolate	v1_panel	carried	True	True	True	True
C__G3P__MNXM1104180	C	G3P	MNXM1372044	gradient	False	MNXM1104180	sucrose	v1_panel	carried	True	True	False	False
C__G3P__MNXM1104235	C	G3P	MNXM1372044	gradient	False	MNXM1104235	(3S)-3-hydroxy-3-methylglutaryl-CoA	v1_panel	carried	False	False	True	True
C__G3P__MNXM1104266	C	G3P	MNXM1372044	gradient	False	MNXM1104266	acetyl-CoA	v1_panel,v3_gof_near,v3_gof_target	carried,exact_name_in_X,inserted_reaction_product	True	True	True	True
C__G3P__MNXM1104300	C	G3P	MNXM1372044	gradient	False	MNXM1104300	butanoyl-CoA	v1_panel	carried	True	True	True	True
C__G3P__MNXM1104529	C	G3P	MNXM1372044	gradient	False	MNXM1104529	UDP-N-acetyl-alpha-D-glucosamine	v1_panel	carried	True	True	True	True
C__G3P__MNXM1104699	C	G3P	MNXM1372044	gradient	False	MNXM1104699	3-oxohexanoyl-CoA	v1_panel	carried	True	True	True	True
C__G3P__MNXM1104774	C	G3P	MNXM1372044	gradient	False	MNXM1104774	succinyl-CoA	v1_panel,v3_gof_target	carried,exact_name_in_X	True	True	True	True
C__G3P__MNXM1104823	C	G3P	MNXM1372044	gradient	False	MNXM1104823	UMP	v1_panel	carried	True	True	True	True
C__G3P__MNXM1105057	C	G3P	MNXM1372044	gradient	False	MNXM1105057	(R)-mevalonate	v1_panel	carried	False	False	True	True
C__G3P__MNXM1105732	C	G3P	MNXM1372044	gradient	False	MNXM1105732	L-alanine	v3_gof_target	exact_name_in_X,normalized_name_in_X	True	True	True	True
C__G3P__MNXM1105941	C	G3P	MNXM1372044	gradient	False	MNXM1105941	myo-inositol	v3_gof_target	exact_name_in_X	True	True	True	True
C__G3P__MNXM1106093	C	G3P	MNXM1372044	gradient	False	MNXM1106093	malonyl-CoA	v1_panel,v3_gof_near,v3_gof_target	carried,exact_name_in_X,inserted_reaction_product	True	True	True	True
C__G3P__MNXM1106761	C	G3P	MNXM1372044	gradient	False	MNXM1106761	L-leucine	v1_panel,v3_lof_target	carried,exact_name_in_X	True	True	True	True
C__G3P__MNXM1106823	C	G3P	MNXM1372044	gradient	False	MNXM1106823	1,2,4-butanetriol	v3_gof_target	normalized_name_in_X	False	False	True	True
C__G3P__MNXM1107139	C	G3P	MNXM1372044	gradient	False	MNXM1107139	an alditol	v3_gof_target	metanetx_xref	False	False	True	True
C__G3P__MNXM1107741	C	G3P	MNXM1372044	gradient	False	MNXM1107741	cyclic pyranopterin phosphate	v1_panel	carried	True	True	True	True
C__G3P__MNXM1107752	C	G3P	MNXM1372044	gradient	False	MNXM1107752	citrate	v1_panel	carried	True	True	True	True
C__G3P__MNXM1107769	C	G3P	MNXM1372044	gradient	False	MNXM1107769	L-histidine	v1_panel,v3_lof_target	carried,exact_name_in_X	True	True	True	True
C__G3P__MNXM1107821	C	G3P	MNXM1372044	gradient	False	MNXM1107821	L-asparagine	v1_panel	carried	True	True	True	True
C__G3P__MNXM1107898	C	G3P	MNXM1372044	gradient	False	MNXM1107898	beta-D-fructose 6-phosphate	v1_panel	carried	True	True	True	True
C__G3P__MNXM1107904	C	G3P	MNXM1372044	gradient	False	MNXM1107904	(S)-methylmalonyl-CoA	v3_gof_near	inserted_reaction_product	True	True	True	True
C__G3P__MNXM1108016	C	G3P	MNXM1372044	gradient	False	MNXM1108016	nicotinate beta-D-ribonucleotide	v3_gof_near	inserted_reaction_product	True	True	True	True
C__G3P__MNXM1108018	C	G3P	MNXM1372044	gradient	False	MNXM1108018	H2	v1_panel	carried	False	False	False	False
C__G3P__MNXM1108092	C	G3P	MNXM1372044	gradient	False	MNXM1108092	ethanol	v1_panel,v3_gof_target	carried,exact_name_in_X,normalized_name_in_X	True	True	True	True
C__G3P__MNXM1108176	C	G3P	MNXM1372044	gradient	False	MNXM1108176	D-galactose	v1_panel	carried	False	False	True	True
C__G3P__MNXM1108250	C	G3P	MNXM1372044	gradient	False	MNXM1108250	all-trans-beta-carotene	v1_panel,v3_gof_target	carried,metanetx_xref	False	False	False	False
C__G3P__MNXM1137654	C	G3P	MNXM1372044	gradient	False	MNXM1137654	(S)-acetoin	v1_panel	carried	False	False	False	False
C__G3P__MNXM1137687	C	G3P	MNXM1372044	gradient	False	MNXM1137687	3,4-dihydroxybenzoate	v1_panel	carried	False	False	False	False
C__G3P__MNXM114	C	G3P	MNXM1372044	gradient	False	MNXM114	L-proline	v1_panel,v3_lof_target	carried,exact_name_in_X	True	True	True	True
C__G3P__MNXM114436	C	G3P	MNXM1372044	gradient	False	MNXM114436	4a-hydroxy-N10-formyltetrahydrofolate	v1_panel	carried	False	False	False	False
C__G3P__MNXM114643	C	G3P	MNXM1372044	gradient	False	MNXM114643	an apo-[FeFe] hydrogenase subunit	v1_panel	carried	False	False	False	False
C__G3P__MNXM115	C	G3P	MNXM1372044	gradient	False	MNXM115	phosphatidylethanolamine	v1_panel,v3_gof_target	carried,exact_name_in_X	False	False	True	True
C__G3P__MNXM118	C	G3P	MNXM1372044	gradient	False	MNXM118	putrescine	v1_panel,v3_gof_target	carried,normalized_name_in_X	True	True	True	True
C__G3P__MNXM1255	C	G3P	MNXM1372044	gradient	False	MNXM1255	(S)-propane-1,2-diol	v3_gof_near	inserted_reaction_product	True	True	True	True
C__G3P__MNXM132	C	G3P	MNXM1372044	gradient	False	MNXM132	dimethylallyl diphosphate	v1_panel	carried	True	True	True	True
C__G3P__MNXM1326	C	G3P	MNXM1372044	gradient	False	MNXM1326	(S)-eriodictyol	v3_gof_target	metanetx_xref	False	False	True	True
C__G3P__MNXM1363773	C	G3P	MNXM1372044	gradient	False	MNXM1363773	all-trans-retinol	v3_gof_target	exact_name_in_X	False	False	True	True
C__G3P__MNXM1363833	C	G3P	MNXM1372044	gradient	False	MNXM1363833	(2E,6E)-farnesyl diphosphate	v1_panel	carried	False	False	True	True
C__G3P__MNXM1363910	C	G3P	MNXM1372044	gradient	False	MNXM1363910	alpha-D-ribofuranose 5-phosphate	v1_panel	carried	True	True	True	True
C__G3P__MNXM1363936	C	G3P	MNXM1372044	gradient	False	MNXM1363936	(2E)-butenoyl-CoA	v1_panel	carried	True	True	True	True
C__G3P__MNXM1363974	C	G3P	MNXM1372044	gradient	False	MNXM1363974	dTDP-4-dehydro-6-deoxy-alpha-D-glucose	v1_panel	carried	True	True	True	True
C__G3P__MNXM1364019	C	G3P	MNXM1372044	gradient	False	MNXM1364019	UDP-alpha-D-glucose	v3_gof_near	inserted_reaction_product	True	True	True	True
C__G3P__MNXM1364061	C	G3P	MNXM1372044	gradient	False	MNXM1364061	D-glucose	v1_panel	carried	True	True	True	True
C__G3P__MNXM1364111	C	G3P	MNXM1372044	gradient	False	MNXM1364111	D-glucose 6-phosphate	v1_panel	carried	True	True	True	True
C__G3P__MNXM1364140	C	G3P	MNXM1372044	gradient	False	MNXM1364140	(3R)-3-hydroxybutanoyl-CoA	v1_panel	carried	False	False	True	True
C__G3P__MNXM1364149	C	G3P	MNXM1372044	gradient	False	MNXM1364149	FAD	v1_panel	carried	True	True	True	True
C__G3P__MNXM1364174	C	G3P	MNXM1372044	gradient	False	MNXM1364174	N-acetyl-beta-D-glucosamine 6-phosphate	v1_panel,v3_gof_near	carried,inserted_reaction_product	True	True	True	True
C__G3P__MNXM1364229	C	G3P	MNXM1372044	gradient	False	MNXM1364229	beta-D-fructose 1,6-bisphosphate	v3_gof_near	inserted_reaction_product	True	True	True	True
C__G3P__MNXM1364266	C	G3P	MNXM1372044	gradient	False	MNXM1364266	propanoyl-CoA	v3_gof_near	inserted_reaction_product	True	True	True	True
C__G3P__MNXM1364268	C	G3P	MNXM1372044	gradient	False	MNXM1364268	L-lysine	v1_panel,v3_gof_target,v3_lof_target	carried,exact_name_in_X	True	True	True	True
C__G3P__MNXM1364476	C	G3P	MNXM1372044	gradient	False	MNXM1364476	protoporphyrin IX	v3_lof_target	exact_name_in_X	True	True	True	True
C__G3P__MNXM1364497	C	G3P	MNXM1372044	gradient	False	MNXM1364497	L-aspartate	v1_panel,v3_gof_target	carried,exact_name_in_X	True	True	True	True
C__G3P__MNXM1364686	C	G3P	MNXM1372044	gradient	False	MNXM1364686	1D-myo-inositol 3-phosphate	v1_panel,v3_gof_near	carried,inserted_reaction_product	False	False	True	True
C__G3P__MNXM1365590	C	G3P	MNXM1372044	gradient	False	MNXM1365590	molybdopterin	v3_gof_near	inserted_reaction_product	True	True	True	True
C__G3P__MNXM1368127	C	G3P	MNXM1372044	gradient	False	MNXM1368127	(3E,6E)-alpha-farnesene	v3_gof_target	metanetx_xref	False	False	False	False
C__G3P__MNXM1368744	C	G3P	MNXM1372044	gradient	False	MNXM1368744	2-oxoglutarate	v1_panel,v3_gof_near,v3_gof_target	carried,exact_name_in_X,inserted_reaction_product	True	True	True	True
C__G3P__MNXM1369302	C	G3P	MNXM1372044	gradient	False	MNXM1369302	thymine	v3_lof_target	exact_name_in_X	True	True	True	True
C__G3P__MNXM1370019	C	G3P	MNXM1372044	gradient	False	MNXM1370019	(E)-4-coumarate	v1_panel	carried	False	False	True	True
C__G3P__MNXM1370262	C	G3P	MNXM1372044	gradient	False	MNXM1370262	15-cis-phytoene	v1_panel	carried	False	False	False	False
C__G3P__MNXM1370620	C	G3P	MNXM1372044	gradient	False	MNXM1370620	N-acetyl-L-glutamate	v3_gof_near	inserted_reaction_product	True	True	True	True
C__G3P__MNXM1370996	C	G3P	MNXM1372044	gradient	False	MNXM1370996	caffeic acid	v3_gof_target	exact_name_in_X	True	True	True	True
C__G3P__MNXM1371362	C	G3P	MNXM1372044	gradient	False	MNXM1371362	(R)-lactate	v1_panel,v3_gof_near,v3_gof_target	carried,inserted_reaction_product,metanetx_xref	True	True	True	True
C__G3P__MNXM1371363	C	G3P	MNXM1372044	gradient	False	MNXM1371363	(S)-lactate	v3_gof_near	inserted_reaction_product	True	True	True	True
C__G3P__MNXM1371612	C	G3P	MNXM1372044	gradient	False	MNXM1371612	(R)-pantothenate	v1_panel	carried	True	True	True	True
C__G3P__MNXM1372147	C	G3P	MNXM1372044	gradient	False	MNXM1372147	(4R)-limonene	v1_panel	carried	False	False	False	False
C__G3P__MNXM1372148	C	G3P	MNXM1372044	gradient	False	MNXM1372148	(4S)-limonene	v3_gof_target	exact_name_in_X	False	False	True	True
C__G3P__MNXM1410	C	G3P	MNXM1372044	gradient	False	MNXM1410	5-oxopentanoate	v1_panel	carried	False	True	True	True
C__G3P__MNXM142	C	G3P	MNXM1372044	gradient	False	MNXM142	L-threonine	v1_panel,v3_gof_near,v3_gof_target,v3_lof_target	carried,exact_name_in_X,inserted_reaction_product	True	True	True	True
C__G3P__MNXM144	C	G3P	MNXM1372044	gradient	False	MNXM144	beta-alanine	v3_gof_target	normalized_name_in_X	True	True	True	True
C__G3P__MNXM145	C	G3P	MNXM1372044	gradient	False	MNXM145	D-ribulose 5-phosphate	v1_panel	carried	True	True	True	True
C__G3P__MNXM161	C	G3P	MNXM1372044	gradient	False	MNXM161	pyridoxal 5'-phosphate	v1_panel	carried	True	True	True	True
C__G3P__MNXM162	C	G3P	MNXM1372044	gradient	False	MNXM162	D-threo-isocitrate	v1_panel	carried	False	False	True	True
C__G3P__MNXM162231	C	G3P	MNXM1372044	gradient	False	MNXM162231	NAD(P)H	v1_panel,v3_gof_near	carried,inserted_reaction_product	False	False	True	True
C__G3P__MNXM163519	C	G3P	MNXM1372044	gradient	False	MNXM163519	a lipid II	v1_panel	carried	False	False	True	True
C__G3P__MNXM164	C	G3P	MNXM1372044	gradient	False	MNXM164	4-hydroxybenzoate	v1_panel	carried	True	True	True	True
C__G3P__MNXM1653	C	G3P	MNXM1372044	gradient	False	MNXM1653	hexanoate	v3_gof_target	exact_name_in_X	True	True	True	True
C__G3P__MNXM169454	C	G3P	MNXM1372044	gradient	False	MNXM169454	D-xylose	v1_panel	carried	True	True	True	True
C__G3P__MNXM1734	C	G3P	MNXM1372044	gradient	False	MNXM1734	D-galactonate	v3_gof_target	exact_name_in_X	True	True	True	True
C__G3P__MNXM1737	C	G3P	MNXM1372044	gradient	False	MNXM1737	D-xylono-1,5-lactone	v3_gof_near	inserted_reaction_product	False	False	False	False
C__G3P__MNXM1747	C	G3P	MNXM1372044	gradient	False	MNXM1747	itaconate	v3_gof_target	exact_name_in_X	False	False	True	True
C__G3P__MNXM1812	C	G3P	MNXM1372044	gradient	False	MNXM1812	penicillin G	v3_gof_target	exact_name_in_X	False	False	False	False
C__G3P__MNXM18358	C	G3P	MNXM1372044	gradient	False	MNXM18358	hexan-1-ol	v1_panel	carried	False	False	True	True
C__G3P__MNXM199	C	G3P	MNXM1372044	gradient	False	MNXM199	L-valine	v3_gof_target,v3_lof_target	exact_name_in_X	True	True	True	True
C__G3P__MNXM2022	C	G3P	MNXM1372044	gradient	False	MNXM2022	beta-myrcene	v1_panel	carried	False	False	False	False
C__G3P__MNXM2090	C	G3P	MNXM1372044	gradient	False	MNXM2090	5-aminopentanamide	v1_panel	carried	False	False	False	False
C__G3P__MNXM2105	C	G3P	MNXM1372044	gradient	False	MNXM2105	butanoyl phosphate	v1_panel	carried	False	False	True	True
C__G3P__MNXM2138	C	G3P	MNXM1372044	gradient	False	MNXM2138	N-acetyl-beta-D-glucosamine	v3_gof_target	metanetx_xref	False	False	True	True
C__G3P__MNXM222	C	G3P	MNXM1372044	gradient	False	MNXM222	glycolate	v3_gof_near	inserted_reaction_product	True	True	True	True
C__G3P__MNXM23	C	G3P	MNXM1372044	gradient	False	MNXM23	pyruvate	v1_panel,v3_gof_near,v3_gof_target	carried,exact_name_in_X,inserted_reaction_product	True	True	True	True
C__G3P__MNXM2334	C	G3P	MNXM1372044	gradient	False	MNXM2334	4-hydroxybutanoyl-CoA	v1_panel	carried	False	False	False	False
C__G3P__MNXM2476	C	G3P	MNXM1372044	gradient	False	MNXM2476	2-phenylethanol	v3_gof_target	exact_name_in_X	False	False	True	True
C__G3P__MNXM25	C	G3P	MNXM1372044	gradient	False	MNXM25	succinate	v1_panel,v3_gof_target,v3_lof_target	carried,exact_name_in_X,normalized_name_in_X	True	True	True	True
C__G3P__MNXM256	C	G3P	MNXM1372044	gradient	False	MNXM256	thiamine diphosphate	v1_panel	carried	True	True	True	True
C__G3P__MNXM257	C	G3P	MNXM1372044	gradient	False	MNXM257	dTMP	v1_panel	carried	True	True	True	True
C__G3P__MNXM258	C	G3P	MNXM1372044	gradient	False	MNXM258	D-erythrose 4-phosphate	v1_panel,v3_gof_near	carried,inserted_reaction_product	True	True	True	True
C__G3P__MNXM26	C	G3P	MNXM1372044	gradient	False	MNXM26	acetate	v1_panel,v3_gof_near,v3_gof_target	carried,exact_name_in_X,inserted_reaction_product	True	True	True	True
C__G3P__MNXM270	C	G3P	MNXM1372044	gradient	False	MNXM270	riboflavin	v1_panel,v3_gof_target,v3_lof_target	carried,exact_name_in_X	True	True	True	True
C__G3P__MNXM279	C	G3P	MNXM1372044	gradient	False	MNXM279	L-dopa	v3_gof_target	normalized_name_in_X	False	False	True	True
C__G3P__MNXM280	C	G3P	MNXM1372044	gradient	False	MNXM280	acetyl phosphate	v3_gof_near	inserted_reaction_product	True	True	True	True
C__G3P__MNXM2861	C	G3P	MNXM1372044	gradient	False	MNXM2861	propane-1,3-diol	v3_gof_target	metanetx_xref	True	False	False	False
C__G3P__MNXM29	C	G3P	MNXM1372044	gradient	False	MNXM29	glycine	v1_panel	carried	True	True	True	True
C__G3P__MNXM304	C	G3P	MNXM1372044	gradient	False	MNXM304	biotin	v1_panel,v3_lof_target	carried,exact_name_in_X	True	True	True	True
C__G3P__MNXM3085	C	G3P	MNXM1372044	gradient	False	MNXM3085	propan-2-ol	v3_gof_near	inserted_reaction_product	False	False	True	True
C__G3P__MNXM315	C	G3P	MNXM1372044	gradient	False	MNXM315	indole-3-pyruvate	v1_panel,v3_gof_near	carried,inserted_reaction_product	False	True	True	True
C__G3P__MNXM320	C	G3P	MNXM1372044	gradient	False	MNXM320	phenol	v3_gof_target	exact_name_in_X	False	False	True	True
C__G3P__MNXM3230	C	G3P	MNXM1372044	gradient	False	MNXM3230	butan-1-ol	v3_gof_near,v3_gof_target	inserted_reaction_product,metanetx_xref	False	False	True	True
C__G3P__MNXM3288	C	G3P	MNXM1372044	gradient	False	MNXM3288	isoprene	v3_gof_target	normalized_name_in_X	False	False	False	False
C__G3P__MNXM337	C	G3P	MNXM1372044	gradient	False	MNXM337	chorismate	v1_panel	carried	True	True	True	True
C__G3P__MNXM361	C	G3P	MNXM1372044	gradient	False	MNXM361	L-aspartate 4-semialdehyde	v3_gof_near	inserted_reaction_product	True	True	True	True
C__G3P__MNXM37	C	G3P	MNXM1372044	gradient	False	MNXM37	L-glutamine	v1_panel,v3_gof_target,v3_lof_target	carried,exact_name_in_X	True	True	True	True
C__G3P__MNXM39	C	G3P	MNXM1372044	gradient	False	MNXM39	formate	v1_panel,v3_gof_near	carried,inserted_reaction_product	True	True	True	True
C__G3P__MNXM398	C	G3P	MNXM1372044	gradient	False	MNXM398	acetone	v3_gof_target	exact_name_in_X	False	False	True	True
C__G3P__MNXM404	C	G3P	MNXM1372044	gradient	False	MNXM404	4-methyl-2-oxopentanoate	v1_panel	carried	True	True	True	True
C__G3P__MNXM405	C	G3P	MNXM1372044	gradient	False	MNXM405	5-aminolevulinate	v1_panel	carried	True	True	True	True
C__G3P__MNXM419	C	G3P	MNXM1372044	gradient	False	MNXM419	pyridoxine	v3_lof_target	exact_name_in_X	True	True	True	True
C__G3P__MNXM420	C	G3P	MNXM1372044	gradient	False	MNXM420	thymidine	v3_lof_target	exact_name_in_X	True	True	True	True
C__G3P__MNXM421	C	G3P	MNXM1372044	gradient	False	MNXM421	4-aminobenzoate	v1_panel,v3_gof_target	carried,exact_name_in_X	True	True	True	True
C__G3P__MNXM458	C	G3P	MNXM1372044	gradient	False	MNXM458	butanoate	v1_panel,v3_gof_target	carried,metanetx_xref	True	True	True	True
C__G3P__MNXM46	C	G3P	MNXM1372044	gradient	False	MNXM46	oxaloacetate	v1_panel,v3_gof_near	carried,inserted_reaction_product	True	True	True	True
C__G3P__MNXM460	C	G3P	MNXM1372044	gradient	False	MNXM460	dihydroxyacetone	v3_gof_target	exact_name_in_X	True	True	True	True
C__G3P__MNXM4964	C	G3P	MNXM1372044	gradient	False	MNXM4964	4-tyrosol	v1_panel	carried	False	False	True	True
C__G3P__MNXM5	C	G3P	MNXM1372044	gradient	False	MNXM5	NADP(+)	v3_gof_near	inserted_reaction_product	True	True	True	True
C__G3P__MNXM5188	C	G3P	MNXM1372044	gradient	False	MNXM5188	isobutanol	v3_gof_target	exact_name_in_X	False	False	True	True
C__G3P__MNXM529	C	G3P	MNXM1372044	gradient	False	MNXM529	meso-2,6-diaminopimelate	v1_panel	carried	True	True	True	True
C__G3P__MNXM554	C	G3P	MNXM1372044	gradient	False	MNXM554	porphobilinogen	v1_panel	carried	True	True	True	True
C__G3P__MNXM555	C	G3P	MNXM1372044	gradient	False	MNXM555	quinolinate	v1_panel	carried	True	True	True	True
C__G3P__MNXM573	C	G3P	MNXM1372044	gradient	False	MNXM573	(E)-ferulate	v3_gof_target	metanetx_xref	False	False	False	False
C__G3P__MNXM5901	C	G3P	MNXM1372044	gradient	False	MNXM5901	pinocembrin chalcone	v1_panel	carried	False	False	False	False
C__G3P__MNXM593	C	G3P	MNXM1372044	gradient	False	MNXM593	(R)-pantoate	v1_panel	carried	True	True	True	True
C__G3P__MNXM59345	C	G3P	MNXM1372044	gradient	False	MNXM59345	D-cycloserine	v3_gof_target	exact_name_in_X	False	False	False	False
C__G3P__MNXM602	C	G3P	MNXM1372044	gradient	False	MNXM602	shikimate	v3_gof_near,v3_gof_target	exact_name_in_X,inserted_reaction_product,normalized_name_in_X	True	True	True	True
C__G3P__MNXM603	C	G3P	MNXM1372044	gradient	False	MNXM603	tyramine	v1_panel	carried	False	True	True	True
C__G3P__MNXM6097	C	G3P	MNXM1372044	gradient	False	MNXM6097	3-oxopropane-1-sulfonate	v1_panel	carried	False	False	False	False
C__G3P__MNXM617	C	G3P	MNXM1372044	gradient	False	MNXM617	folate	v3_lof_target	exact_name_in_X	False	False	True	True
C__G3P__MNXM622	C	G3P	MNXM1372044	gradient	False	MNXM622	1-deoxy-D-xylulose 5-phosphate	v1_panel	carried	True	True	True	True
C__G3P__MNXM6396	C	G3P	MNXM1372044	gradient	False	MNXM6396	1-propanol	v3_gof_target	exact_name_in_X	False	False	True	True
C__G3P__MNXM645	C	G3P	MNXM1372044	gradient	False	MNXM645	3,4-dihydroxyphenylacetate	v1_panel	carried	False	True	True	True
C__G3P__MNXM66	C	G3P	MNXM1372044	gradient	False	MNXM66	sn-glycerol 3-phosphate	v1_panel	carried	True	True	True	True
C__G3P__MNXM664	C	G3P	MNXM1372044	gradient	False	MNXM664	(R)-acetoin	v1_panel,v3_gof_near,v3_gof_target	carried,exact_name_in_X,inserted_reaction_product	False	False	True	True
C__G3P__MNXM704	C	G3P	MNXM1372044	gradient	False	MNXM704	2'-deoxycytidine	v3_gof_target	metanetx_xref	True	True	True	True
C__G3P__MNXM725992	C	G3P	MNXM1372044	gradient	False	MNXM725992	Phosphatidylglycerol	v1_panel	carried	False	False	True	True
C__G3P__MNXM727604	C	G3P	MNXM1372044	gradient	False	MNXM727604	(2R)-3-phosphoglycerate	v1_panel	carried	True	True	True	True
C__G3P__MNXM728266	C	G3P	MNXM1372044	gradient	False	MNXM728266	(2E,6E,10E)-geranylgeranyl diphosphate	v1_panel	carried	False	False	True	True
C__G3P__MNXM728294	C	G3P	MNXM1372044	gradient	False	MNXM728294	AMP	v1_panel	carried	True	True	True	True
C__G3P__MNXM728337	C	G3P	MNXM1372044	gradient	False	MNXM728337	L-isoleucine	v1_panel,v3_lof_target	carried,exact_name_in_X	True	True	True	True
C__G3P__MNXM728536	C	G3P	MNXM1372044	gradient	False	MNXM728536	palmitoyl-[acyl-carrier protein]	v1_panel	carried	True	True	True	True
C__G3P__MNXM728578	C	G3P	MNXM1372044	gradient	False	MNXM728578	Fatty-Acids	v3_gof_target	normalized_name_in_X	False	False	True	True
C__G3P__MNXM728682	C	G3P	MNXM1372044	gradient	False	MNXM728682	beta-D-glucuronate	v1_panel	carried	False	False	True	True
C__G3P__MNXM729216	C	G3P	MNXM1372044	gradient	False	MNXM729216	N-acetylmuramate 6-phosphate	v3_gof_near	inserted_reaction_product	True	True	True	True
C__G3P__MNXM729799	C	G3P	MNXM1372044	gradient	False	MNXM729799	methanol	v3_gof_near	inserted_reaction_product	False	False	True	True
C__G3P__MNXM73	C	G3P	MNXM1372044	gradient	False	MNXM73	phosphoenolpyruvate	v1_panel	carried	True	True	True	True
C__G3P__MNXM730135	C	G3P	MNXM1372044	gradient	False	MNXM730135	thiamine	v3_lof_target	exact_name_in_X	True	True	True	True
C__G3P__MNXM730546	C	G3P	MNXM1372044	gradient	False	MNXM730546	5-hydroxy-L-tryptophan	v1_panel	carried	False	False	False	False
C__G3P__MNXM731537	C	G3P	MNXM1372044	gradient	False	MNXM731537	(4S)-perillyl alcohol	v3_gof_target	metanetx_xref	False	False	True	True
C__G3P__MNXM731760	C	G3P	MNXM1372044	gradient	False	MNXM731760	lipid IVA (E. coli)	v1_panel	carried	True	True	True	True
C__G3P__MNXM731939	C	G3P	MNXM1372044	gradient	False	MNXM731939	a malonyl-[acp]	v1_panel	carried	False	False	True	True
C__G3P__MNXM732166	C	G3P	MNXM1372044	gradient	False	MNXM732166	UDP-N-acetyl-alpha-D-muramoyl-L-alanyl-gamma-D-glutamyl-meso-2,6-diaminopimeloyl-D-alanyl-D-alanine	v1_panel	carried	True	True	True	True
C__G3P__MNXM732273	C	G3P	MNXM1372044	gradient	False	MNXM732273	a ubiquinol	v1_panel	carried	False	False	True	True
C__G3P__MNXM732487	C	G3P	MNXM1372044	gradient	False	MNXM732487	hypoxanthine	v3_lof_target	normalized_name_in_X	True	True	True	True
C__G3P__MNXM733114	C	G3P	MNXM1372044	gradient	False	MNXM733114	guanine	v3_lof_target	exact_name_in_X	True	True	True	True
C__G3P__MNXM733515	C	G3P	MNXM1372044	gradient	False	MNXM733515	1,4-alpha-D-glucan	v3_gof_near	inserted_reaction_product	True	True	False	False
C__G3P__MNXM733758	C	G3P	MNXM1372044	gradient	False	MNXM733758	lactate	v3_gof_target	metanetx_xref	False	False	True	True
C__G3P__MNXM733934	C	G3P	MNXM1372044	gradient	False	MNXM733934	(R)-5-diphosphomevalonate	v1_panel	carried	False	False	False	False
C__G3P__MNXM734041	C	G3P	MNXM1372044	gradient	False	MNXM734041	dipalmitoyl phosphatidylglycerol	v1_panel	carried	True	True	True	True
C__G3P__MNXM734573	C	G3P	MNXM1372044	gradient	False	MNXM734573	aldehydo-D-xylose	v3_gof_near	inserted_reaction_product	False	False	True	True
C__G3P__MNXM734859	C	G3P	MNXM1372044	gradient	False	MNXM734859	aldehydo-L-arabinose	v3_gof_near	inserted_reaction_product	True	True	True	True
C__G3P__MNXM735208	C	G3P	MNXM1372044	gradient	False	MNXM735208	4-hydroxyphenylacetate	v3_gof_target	metanetx_xref	False	True	True	True
C__G3P__MNXM737068	C	G3P	MNXM1372044	gradient	False	MNXM737068	xylitol	v3_gof_target	exact_name_in_X	False	False	True	True
C__G3P__MNXM737265	C	G3P	MNXM1372044	gradient	False	MNXM737265	2-phenylacetate	v3_gof_target	metanetx_xref	True	True	True	True
C__G3P__MNXM737751	C	G3P	MNXM1372044	gradient	False	MNXM737751	prenol	v3_gof_target	exact_name_in_X	False	False	True	True
C__G3P__MNXM737787	C	G3P	MNXM1372044	gradient	False	MNXM737787	L-serine	v1_panel,v3_gof_target,v3_lof_target	carried,exact_name_in_X,normalized_name_in_X	True	True	True	True
C__G3P__MNXM738068	C	G3P	MNXM1372044	gradient	False	MNXM738068	L-cysteine	v1_panel,v3_gof_near,v3_lof_target	carried,exact_name_in_X,inserted_reaction_product	True	True	True	True
C__G3P__MNXM738152	C	G3P	MNXM1372044	gradient	False	MNXM738152	(2S)-naringenin	v1_panel,v3_gof_target	carried,exact_name_in_X	False	False	True	True
C__G3P__MNXM738153	C	G3P	MNXM1372044	gradient	False	MNXM738153	naringenin	v3_gof_target	normalized_name_in_X	False	False	True	True
C__G3P__MNXM738283	C	G3P	MNXM1372044	gradient	False	MNXM738283	(R)-5-phosphomevalonate	v1_panel	carried	False	False	True	False
C__G3P__MNXM738702	C	G3P	MNXM1372044	gradient	False	MNXM738702	NADPH	v3_gof_target	exact_name_in_X	True	True	True	True
C__G3P__MNXM738804	C	G3P	MNXM1372044	gradient	False	MNXM738804	L-methionine	v1_panel,v3_gof_target,v3_lof_target	carried,exact_name_in_X,normalized_name_in_X	True	True	True	True
C__G3P__MNXM738940	C	G3P	MNXM1372044	gradient	False	MNXM738940	(+)-copalyl diphosphate	v1_panel	carried	False	False	False	False
C__G3P__MNXM739527	C	G3P	MNXM1372044	gradient	False	MNXM739527	L-arginine	v1_panel,v3_gof_target,v3_lof_target	carried,exact_name_in_X,normalized_name_in_X	True	True	True	True
C__G3P__MNXM739592	C	G3P	MNXM1372044	gradient	False	MNXM739592	Phosphatidylethanolamine (dihexadec-9enoyl, n-C16:1)	v1_panel	carried	True	True	True	True
C__G3P__MNXM739991	C	G3P	MNXM1372044	gradient	False	MNXM739991	Phosphatidylglycerol (dihexadec-9-enoyl, n-C16:1)	v1_panel	carried	True	True	True	True
C__G3P__MNXM740315	C	G3P	MNXM1372044	gradient	False	MNXM740315	(2E)-geraniol	v3_gof_target	metanetx_xref	False	False	True	True
C__G3P__MNXM741173	C	G3P	MNXM1372044	gradient	False	MNXM741173	L-glutamate	v1_panel,v3_gof_near	carried,inserted_reaction_product	True	True	True	True
C__G3P__MNXM741276	C	G3P	MNXM1372044	gradient	False	MNXM741276	2-methylcitrate	v3_gof_near	inserted_reaction_product	True	False	True	False
C__G3P__MNXM741553	C	G3P	MNXM1372044	gradient	False	MNXM741553	L-tryptophan	v1_panel,v3_lof_target	carried,exact_name_in_X	True	True	True	True
C__G3P__MNXM741595	C	G3P	MNXM1372044	gradient	False	MNXM741595	S-formylglutathione	v3_gof_near	inserted_reaction_product	True	True	True	True
C__G3P__MNXM741664	C	G3P	MNXM1372044	gradient	False	MNXM741664	L-phenylalanine	v1_panel,v3_gof_target,v3_lof_target	carried,exact_name_in_X	True	True	True	True
C__G3P__MNXM75	C	G3P	MNXM1372044	gradient	False	MNXM75	acetaldehyde	v1_panel,v3_gof_near	carried,inserted_reaction_product	True	True	True	True
C__G3P__MNXM76	C	G3P	MNXM1372044	gradient	False	MNXM76	L-tyrosine	v1_panel,v3_gof_near,v3_gof_target,v3_lof_target	carried,exact_name_in_X,inserted_reaction_product	True	True	True	True
C__G3P__MNXM78362	C	G3P	MNXM1372044	gradient	False	MNXM78362	Heme	v3_lof_target	normalized_name_in_X	False	False	True	True
C__G3P__MNXM792	C	G3P	MNXM1372044	gradient	False	MNXM792	5-aminopentanoate	v1_panel	carried	False	True	True	True
C__G3P__MNXM799	C	G3P	MNXM1372044	gradient	False	MNXM799	isochorismate	v3_gof_near	inserted_reaction_product	True	True	True	True
C__G3P__MNXM8	C	G3P	MNXM1372044	gradient	False	MNXM8	NAD(+)	v3_gof_near	inserted_reaction_product	True	True	True	True
C__G3P__MNXM83	C	G3P	MNXM1372044	gradient	False	MNXM83	isopentenyl diphosphate	v1_panel	carried	True	True	True	True
C__G3P__MNXM89612	C	G3P	MNXM1372044	gradient	False	MNXM89612	glycerol	v1_panel,v3_gof_near	carried,inserted_reaction_product	True	True	True	True
C__G3P__MNXM89698	C	G3P	MNXM1372044	gradient	False	MNXM89698	a 2,3,4-saturated fatty acid	v1_panel	carried	False	False	True	True
C__G3P__MNXM89949	C	G3P	MNXM1372044	gradient	False	MNXM89949	Cis-hexadec-9-enoyl-[acyl-carrier protein] (n-C16:1)	v1_panel	carried	True	True	True	True
C__G3P__MNXM89950	C	G3P	MNXM1372044	gradient	False	MNXM89950	Cis-octadec-11-enoyl-[acyl-carrier protein] (n-C18:1)	v1_panel	carried	True	True	True	True
C__G3P__MNXM943	C	G3P	MNXM1372044	gradient	False	MNXM943	cadaverine	v1_panel,v3_gof_target	carried,normalized_name_in_X	True	True	True	True
N__glutamine__MNXM1101868	N	glutamine	MNXM37	primary	False	MNXM1101868	IMP	v1_panel,v3_gof_target	carried,exact_name_in_X	True	True	True	True
N__glutamine__MNXM1104266	N	glutamine	MNXM37	primary	False	MNXM1104266	acetyl-CoA	v3_gof_near,v3_gof_target	exact_name_in_X,inserted_reaction_product	True	True	True	True
N__glutamine__MNXM1104529	N	glutamine	MNXM37	primary	False	MNXM1104529	UDP-N-acetyl-alpha-D-glucosamine	v1_panel	carried	True	True	True	True
N__glutamine__MNXM1104774	N	glutamine	MNXM37	primary	False	MNXM1104774	succinyl-CoA	v3_gof_target	exact_name_in_X	True	True	True	True
N__glutamine__MNXM1104823	N	glutamine	MNXM37	primary	False	MNXM1104823	UMP	v1_panel	carried	True	True	True	True
N__glutamine__MNXM1105732	N	glutamine	MNXM37	primary	False	MNXM1105732	L-alanine	v3_gof_target	exact_name_in_X,normalized_name_in_X	True	True	True	True
N__glutamine__MNXM1106093	N	glutamine	MNXM37	primary	False	MNXM1106093	malonyl-CoA	v3_gof_near,v3_gof_target	exact_name_in_X,inserted_reaction_product	True	True	True	True
N__glutamine__MNXM1106761	N	glutamine	MNXM37	primary	False	MNXM1106761	L-leucine	v1_panel,v3_lof_target	carried,exact_name_in_X	True	True	True	True
N__glutamine__MNXM1107769	N	glutamine	MNXM37	primary	False	MNXM1107769	L-histidine	v1_panel,v3_lof_target	carried,exact_name_in_X	True	True	True	True
N__glutamine__MNXM1107904	N	glutamine	MNXM37	primary	False	MNXM1107904	(S)-methylmalonyl-CoA	v3_gof_near	inserted_reaction_product	True	True	True	True
N__glutamine__MNXM1108016	N	glutamine	MNXM37	primary	False	MNXM1108016	nicotinate beta-D-ribonucleotide	v3_gof_near	inserted_reaction_product	True	True	True	True
N__glutamine__MNXM114	N	glutamine	MNXM37	primary	False	MNXM114	L-proline	v3_lof_target	exact_name_in_X	True	True	True	True
N__glutamine__MNXM115	N	glutamine	MNXM37	primary	False	MNXM115	phosphatidylethanolamine	v1_panel,v3_gof_target	carried,exact_name_in_X	False	False	True	True
N__glutamine__MNXM118	N	glutamine	MNXM37	primary	False	MNXM118	putrescine	v3_gof_target	normalized_name_in_X	True	True	True	True
N__glutamine__MNXM1364019	N	glutamine	MNXM37	primary	False	MNXM1364019	UDP-alpha-D-glucose	v3_gof_near	inserted_reaction_product	True	True	True	True
N__glutamine__MNXM1364174	N	glutamine	MNXM37	primary	False	MNXM1364174	N-acetyl-beta-D-glucosamine 6-phosphate	v3_gof_near	inserted_reaction_product	True	True	True	True
N__glutamine__MNXM1364266	N	glutamine	MNXM37	primary	False	MNXM1364266	propanoyl-CoA	v3_gof_near	inserted_reaction_product	True	True	True	True
N__glutamine__MNXM1364268	N	glutamine	MNXM37	primary	False	MNXM1364268	L-lysine	v3_gof_target,v3_lof_target	exact_name_in_X	True	True	True	True
N__glutamine__MNXM1364476	N	glutamine	MNXM37	primary	False	MNXM1364476	protoporphyrin IX	v3_lof_target	exact_name_in_X	True	True	True	True
N__glutamine__MNXM1364497	N	glutamine	MNXM37	primary	False	MNXM1364497	L-aspartate	v1_panel,v3_gof_target	carried,exact_name_in_X	True	True	True	True
N__glutamine__MNXM1365590	N	glutamine	MNXM37	primary	False	MNXM1365590	molybdopterin	v3_gof_near	inserted_reaction_product	True	True	True	True
N__glutamine__MNXM1369302	N	glutamine	MNXM37	primary	False	MNXM1369302	thymine	v3_lof_target	exact_name_in_X	True	True	True	True
N__glutamine__MNXM1370620	N	glutamine	MNXM37	primary	False	MNXM1370620	N-acetyl-L-glutamate	v3_gof_near	inserted_reaction_product	True	True	True	True
N__glutamine__MNXM1371612	N	glutamine	MNXM37	primary	False	MNXM1371612	(R)-pantothenate	v1_panel	carried	True	True	True	True
N__glutamine__MNXM142	N	glutamine	MNXM37	primary	False	MNXM142	L-threonine	v3_gof_near,v3_gof_target,v3_lof_target	exact_name_in_X,inserted_reaction_product	True	True	True	True
N__glutamine__MNXM144	N	glutamine	MNXM37	primary	False	MNXM144	beta-alanine	v3_gof_target	normalized_name_in_X	True	True	True	True
N__glutamine__MNXM162231	N	glutamine	MNXM37	primary	False	MNXM162231	NAD(P)H	v3_gof_near	inserted_reaction_product	False	False	True	True
N__glutamine__MNXM163519	N	glutamine	MNXM37	primary	False	MNXM163519	a lipid II	v1_panel	carried	False	False	True	True
N__glutamine__MNXM1812	N	glutamine	MNXM37	primary	False	MNXM1812	penicillin G	v3_gof_target	exact_name_in_X	False	False	False	False
N__glutamine__MNXM199	N	glutamine	MNXM37	primary	False	MNXM199	L-valine	v3_gof_target,v3_lof_target	exact_name_in_X	True	True	True	True
N__glutamine__MNXM2138	N	glutamine	MNXM37	primary	False	MNXM2138	N-acetyl-beta-D-glucosamine	v3_gof_target	metanetx_xref	False	False	True	True
N__glutamine__MNXM270	N	glutamine	MNXM37	primary	False	MNXM270	riboflavin	v1_panel,v3_gof_target,v3_lof_target	carried,exact_name_in_X	True	True	True	True
N__glutamine__MNXM279	N	glutamine	MNXM37	primary	False	MNXM279	L-dopa	v3_gof_target	normalized_name_in_X	False	False	True	True
N__glutamine__MNXM304	N	glutamine	MNXM37	primary	False	MNXM304	biotin	v3_lof_target	exact_name_in_X	True	True	True	True
N__glutamine__MNXM315	N	glutamine	MNXM37	primary	False	MNXM315	indole-3-pyruvate	v3_gof_near	inserted_reaction_product	False	True	True	True
N__glutamine__MNXM361	N	glutamine	MNXM37	primary	False	MNXM361	L-aspartate 4-semialdehyde	v3_gof_near	inserted_reaction_product	True	True	True	True
N__glutamine__MNXM405	N	glutamine	MNXM37	primary	False	MNXM405	5-aminolevulinate	v1_panel	carried	True	True	True	True
N__glutamine__MNXM419	N	glutamine	MNXM37	primary	False	MNXM419	pyridoxine	v3_lof_target	exact_name_in_X	True	True	True	True
N__glutamine__MNXM420	N	glutamine	MNXM37	primary	False	MNXM420	thymidine	v3_lof_target	exact_name_in_X	True	True	True	True
N__glutamine__MNXM421	N	glutamine	MNXM37	primary	False	MNXM421	4-aminobenzoate	v3_gof_target	exact_name_in_X	True	True	True	True
N__glutamine__MNXM5	N	glutamine	MNXM37	primary	False	MNXM5	NADP(+)	v3_gof_near	inserted_reaction_product	True	True	True	True
N__glutamine__MNXM529	N	glutamine	MNXM37	primary	False	MNXM529	meso-2,6-diaminopimelate	v1_panel	carried	True	True	True	True
N__glutamine__MNXM554	N	glutamine	MNXM37	primary	False	MNXM554	porphobilinogen	v1_panel	carried	True	True	True	True
N__glutamine__MNXM555	N	glutamine	MNXM37	primary	False	MNXM555	quinolinate	v1_panel	carried	True	True	True	True
N__glutamine__MNXM59345	N	glutamine	MNXM37	primary	False	MNXM59345	D-cycloserine	v3_gof_target	exact_name_in_X	False	False	False	False
N__glutamine__MNXM617	N	glutamine	MNXM37	primary	False	MNXM617	folate	v3_lof_target	exact_name_in_X	False	False	True	True
N__glutamine__MNXM704	N	glutamine	MNXM37	primary	False	MNXM704	2'-deoxycytidine	v3_gof_target	metanetx_xref	True	True	True	True
N__glutamine__MNXM728337	N	glutamine	MNXM37	primary	False	MNXM728337	L-isoleucine	v3_lof_target	exact_name_in_X	True	True	True	True
N__glutamine__MNXM729216	N	glutamine	MNXM37	primary	False	MNXM729216	N-acetylmuramate 6-phosphate	v3_gof_near	inserted_reaction_product	True	True	True	True
N__glutamine__MNXM729302	N	glutamine	MNXM37	primary	False	MNXM729302	NH4(+)	v3_gof_near	inserted_reaction_product	True	True	True	True
N__glutamine__MNXM730135	N	glutamine	MNXM37	primary	False	MNXM730135	thiamine	v3_lof_target	exact_name_in_X	True	True	True	True
N__glutamine__MNXM731760	N	glutamine	MNXM37	primary	False	MNXM731760	lipid IVA (E. coli)	v1_panel	carried	True	True	True	True
N__glutamine__MNXM732166	N	glutamine	MNXM37	primary	False	MNXM732166	UDP-N-acetyl-alpha-D-muramoyl-L-alanyl-gamma-D-glutamyl-meso-2,6-diaminopimeloyl-D-alanyl-D-alanine	v1_panel	carried	True	True	True	True
N__glutamine__MNXM732487	N	glutamine	MNXM37	primary	False	MNXM732487	hypoxanthine	v3_lof_target	normalized_name_in_X	True	True	True	True
N__glutamine__MNXM733114	N	glutamine	MNXM37	primary	False	MNXM733114	guanine	v3_lof_target	exact_name_in_X	True	True	True	True
N__glutamine__MNXM737787	N	glutamine	MNXM37	primary	False	MNXM737787	L-serine	v1_panel,v3_gof_target,v3_lof_target	carried,exact_name_in_X,normalized_name_in_X	True	True	True	True
N__glutamine__MNXM738068	N	glutamine	MNXM37	primary	False	MNXM738068	L-cysteine	v3_gof_near,v3_lof_target	exact_name_in_X,inserted_reaction_product	True	True	True	True
N__glutamine__MNXM738702	N	glutamine	MNXM37	primary	False	MNXM738702	NADPH	v3_gof_target	exact_name_in_X	True	True	True	True
N__glutamine__MNXM738804	N	glutamine	MNXM37	primary	False	MNXM738804	L-methionine	v1_panel,v3_gof_target,v3_lof_target	carried,exact_name_in_X,normalized_name_in_X	True	True	True	True
N__glutamine__MNXM739527	N	glutamine	MNXM37	primary	False	MNXM739527	L-arginine	v3_gof_target,v3_lof_target	exact_name_in_X,normalized_name_in_X	True	True	True	True
N__glutamine__MNXM741173	N	glutamine	MNXM37	primary	False	MNXM741173	L-glutamate	v1_panel,v3_gof_near	carried,inserted_reaction_product	True	True	True	True
N__glutamine__MNXM741553	N	glutamine	MNXM37	primary	False	MNXM741553	L-tryptophan	v1_panel,v3_lof_target	carried,exact_name_in_X	True	True	True	True
N__glutamine__MNXM741595	N	glutamine	MNXM37	primary	False	MNXM741595	S-formylglutathione	v3_gof_near	inserted_reaction_product	True	True	True	True
N__glutamine__MNXM741664	N	glutamine	MNXM37	primary	False	MNXM741664	L-phenylalanine	v3_gof_target,v3_lof_target	exact_name_in_X	True	True	True	True
N__glutamine__MNXM76	N	glutamine	MNXM37	primary	False	MNXM76	L-tyrosine	v3_gof_near,v3_gof_target,v3_lof_target	exact_name_in_X,inserted_reaction_product	True	True	True	True
N__glutamine__MNXM78362	N	glutamine	MNXM37	primary	False	MNXM78362	Heme	v3_lof_target	normalized_name_in_X	False	False	True	True
N__glutamine__MNXM8	N	glutamine	MNXM37	primary	False	MNXM8	NAD(+)	v3_gof_near	inserted_reaction_product	True	True	True	True
N__glutamine__MNXM943	N	glutamine	MNXM37	primary	False	MNXM943	cadaverine	v3_gof_target	normalized_name_in_X	True	True	True	True
N__glutamate__MNXM1101868	N	glutamate	MNXM741173	hub	False	MNXM1101868	IMP	v1_panel,v3_gof_target	carried,exact_name_in_X	True	True	True	True
N__glutamate__MNXM1104266	N	glutamate	MNXM741173	hub	False	MNXM1104266	acetyl-CoA	v3_gof_near,v3_gof_target	exact_name_in_X,inserted_reaction_product	True	True	True	True
N__glutamate__MNXM1104529	N	glutamate	MNXM741173	hub	False	MNXM1104529	UDP-N-acetyl-alpha-D-glucosamine	v1_panel	carried	True	True	True	True
N__glutamate__MNXM1104774	N	glutamate	MNXM741173	hub	False	MNXM1104774	succinyl-CoA	v3_gof_target	exact_name_in_X	True	True	True	True
N__glutamate__MNXM1104823	N	glutamate	MNXM741173	hub	False	MNXM1104823	UMP	v1_panel	carried	True	True	True	True
N__glutamate__MNXM1105732	N	glutamate	MNXM741173	hub	False	MNXM1105732	L-alanine	v3_gof_target	exact_name_in_X,normalized_name_in_X	True	True	True	True
N__glutamate__MNXM1106093	N	glutamate	MNXM741173	hub	False	MNXM1106093	malonyl-CoA	v3_gof_near,v3_gof_target	exact_name_in_X,inserted_reaction_product	True	True	True	True
N__glutamate__MNXM1106761	N	glutamate	MNXM741173	hub	False	MNXM1106761	L-leucine	v1_panel,v3_lof_target	carried,exact_name_in_X	True	True	True	True
N__glutamate__MNXM1107769	N	glutamate	MNXM741173	hub	False	MNXM1107769	L-histidine	v1_panel,v3_lof_target	carried,exact_name_in_X	True	True	True	True
N__glutamate__MNXM1107904	N	glutamate	MNXM741173	hub	False	MNXM1107904	(S)-methylmalonyl-CoA	v3_gof_near	inserted_reaction_product	True	True	True	True
N__glutamate__MNXM1108016	N	glutamate	MNXM741173	hub	False	MNXM1108016	nicotinate beta-D-ribonucleotide	v3_gof_near	inserted_reaction_product	True	True	True	True
N__glutamate__MNXM114	N	glutamate	MNXM741173	hub	False	MNXM114	L-proline	v3_lof_target	exact_name_in_X	True	True	True	True
N__glutamate__MNXM115	N	glutamate	MNXM741173	hub	False	MNXM115	phosphatidylethanolamine	v1_panel,v3_gof_target	carried,exact_name_in_X	False	False	True	True
N__glutamate__MNXM118	N	glutamate	MNXM741173	hub	False	MNXM118	putrescine	v3_gof_target	normalized_name_in_X	True	True	True	True
N__glutamate__MNXM1364019	N	glutamate	MNXM741173	hub	False	MNXM1364019	UDP-alpha-D-glucose	v3_gof_near	inserted_reaction_product	True	True	True	True
N__glutamate__MNXM1364174	N	glutamate	MNXM741173	hub	False	MNXM1364174	N-acetyl-beta-D-glucosamine 6-phosphate	v3_gof_near	inserted_reaction_product	True	True	True	True
N__glutamate__MNXM1364266	N	glutamate	MNXM741173	hub	False	MNXM1364266	propanoyl-CoA	v3_gof_near	inserted_reaction_product	True	True	True	True
N__glutamate__MNXM1364268	N	glutamate	MNXM741173	hub	False	MNXM1364268	L-lysine	v3_gof_target,v3_lof_target	exact_name_in_X	True	True	True	True
N__glutamate__MNXM1364476	N	glutamate	MNXM741173	hub	False	MNXM1364476	protoporphyrin IX	v3_lof_target	exact_name_in_X	True	True	True	True
N__glutamate__MNXM1364497	N	glutamate	MNXM741173	hub	False	MNXM1364497	L-aspartate	v1_panel,v3_gof_target	carried,exact_name_in_X	True	True	True	True
N__glutamate__MNXM1365590	N	glutamate	MNXM741173	hub	False	MNXM1365590	molybdopterin	v3_gof_near	inserted_reaction_product	True	True	True	True
N__glutamate__MNXM1369302	N	glutamate	MNXM741173	hub	False	MNXM1369302	thymine	v3_lof_target	exact_name_in_X	True	True	True	True
N__glutamate__MNXM1370620	N	glutamate	MNXM741173	hub	False	MNXM1370620	N-acetyl-L-glutamate	v3_gof_near	inserted_reaction_product	True	True	True	True
N__glutamate__MNXM1371612	N	glutamate	MNXM741173	hub	False	MNXM1371612	(R)-pantothenate	v1_panel	carried	True	True	True	True
N__glutamate__MNXM142	N	glutamate	MNXM741173	hub	False	MNXM142	L-threonine	v3_gof_near,v3_gof_target,v3_lof_target	exact_name_in_X,inserted_reaction_product	True	True	True	True
N__glutamate__MNXM144	N	glutamate	MNXM741173	hub	False	MNXM144	beta-alanine	v3_gof_target	normalized_name_in_X	True	True	True	True
N__glutamate__MNXM162231	N	glutamate	MNXM741173	hub	False	MNXM162231	NAD(P)H	v3_gof_near	inserted_reaction_product	False	False	True	True
N__glutamate__MNXM163519	N	glutamate	MNXM741173	hub	False	MNXM163519	a lipid II	v1_panel	carried	False	False	True	True
N__glutamate__MNXM1812	N	glutamate	MNXM741173	hub	False	MNXM1812	penicillin G	v3_gof_target	exact_name_in_X	False	False	False	False
N__glutamate__MNXM199	N	glutamate	MNXM741173	hub	False	MNXM199	L-valine	v3_gof_target,v3_lof_target	exact_name_in_X	True	True	True	True
N__glutamate__MNXM2138	N	glutamate	MNXM741173	hub	False	MNXM2138	N-acetyl-beta-D-glucosamine	v3_gof_target	metanetx_xref	False	False	True	True
N__glutamate__MNXM270	N	glutamate	MNXM741173	hub	False	MNXM270	riboflavin	v1_panel,v3_gof_target,v3_lof_target	carried,exact_name_in_X	True	True	True	True
N__glutamate__MNXM279	N	glutamate	MNXM741173	hub	False	MNXM279	L-dopa	v3_gof_target	normalized_name_in_X	False	False	True	True
N__glutamate__MNXM304	N	glutamate	MNXM741173	hub	False	MNXM304	biotin	v3_lof_target	exact_name_in_X	True	True	True	True
N__glutamate__MNXM315	N	glutamate	MNXM741173	hub	False	MNXM315	indole-3-pyruvate	v3_gof_near	inserted_reaction_product	False	True	True	True
N__glutamate__MNXM361	N	glutamate	MNXM741173	hub	False	MNXM361	L-aspartate 4-semialdehyde	v3_gof_near	inserted_reaction_product	True	True	True	True
N__glutamate__MNXM37	N	glutamate	MNXM741173	hub	False	MNXM37	L-glutamine	v1_panel,v3_gof_target,v3_lof_target	carried,exact_name_in_X	True	True	True	True
N__glutamate__MNXM405	N	glutamate	MNXM741173	hub	False	MNXM405	5-aminolevulinate	v1_panel	carried	True	True	True	True
N__glutamate__MNXM419	N	glutamate	MNXM741173	hub	False	MNXM419	pyridoxine	v3_lof_target	exact_name_in_X	True	True	True	True
N__glutamate__MNXM420	N	glutamate	MNXM741173	hub	False	MNXM420	thymidine	v3_lof_target	exact_name_in_X	True	True	True	True
N__glutamate__MNXM421	N	glutamate	MNXM741173	hub	False	MNXM421	4-aminobenzoate	v3_gof_target	exact_name_in_X	True	True	True	True
N__glutamate__MNXM5	N	glutamate	MNXM741173	hub	False	MNXM5	NADP(+)	v3_gof_near	inserted_reaction_product	True	True	True	True
N__glutamate__MNXM529	N	glutamate	MNXM741173	hub	False	MNXM529	meso-2,6-diaminopimelate	v1_panel	carried	True	True	True	True
N__glutamate__MNXM554	N	glutamate	MNXM741173	hub	False	MNXM554	porphobilinogen	v1_panel	carried	True	True	True	True
N__glutamate__MNXM555	N	glutamate	MNXM741173	hub	False	MNXM555	quinolinate	v1_panel	carried	True	True	True	True
N__glutamate__MNXM59345	N	glutamate	MNXM741173	hub	False	MNXM59345	D-cycloserine	v3_gof_target	exact_name_in_X	False	False	False	False
N__glutamate__MNXM617	N	glutamate	MNXM741173	hub	False	MNXM617	folate	v3_lof_target	exact_name_in_X	False	False	True	True
N__glutamate__MNXM704	N	glutamate	MNXM741173	hub	False	MNXM704	2'-deoxycytidine	v3_gof_target	metanetx_xref	True	True	True	True
N__glutamate__MNXM728337	N	glutamate	MNXM741173	hub	False	MNXM728337	L-isoleucine	v3_lof_target	exact_name_in_X	True	True	True	True
N__glutamate__MNXM729216	N	glutamate	MNXM741173	hub	False	MNXM729216	N-acetylmuramate 6-phosphate	v3_gof_near	inserted_reaction_product	True	True	True	True
N__glutamate__MNXM729302	N	glutamate	MNXM741173	hub	False	MNXM729302	NH4(+)	v3_gof_near	inserted_reaction_product	True	True	True	True
N__glutamate__MNXM730135	N	glutamate	MNXM741173	hub	False	MNXM730135	thiamine	v3_lof_target	exact_name_in_X	True	True	True	True
N__glutamate__MNXM731760	N	glutamate	MNXM741173	hub	False	MNXM731760	lipid IVA (E. coli)	v1_panel	carried	True	True	True	True
N__glutamate__MNXM732166	N	glutamate	MNXM741173	hub	False	MNXM732166	UDP-N-acetyl-alpha-D-muramoyl-L-alanyl-gamma-D-glutamyl-meso-2,6-diaminopimeloyl-D-alanyl-D-alanine	v1_panel	carried	True	True	True	True
N__glutamate__MNXM732487	N	glutamate	MNXM741173	hub	False	MNXM732487	hypoxanthine	v3_lof_target	normalized_name_in_X	True	True	True	True
N__glutamate__MNXM733114	N	glutamate	MNXM741173	hub	False	MNXM733114	guanine	v3_lof_target	exact_name_in_X	True	True	True	True
N__glutamate__MNXM737787	N	glutamate	MNXM741173	hub	False	MNXM737787	L-serine	v1_panel,v3_gof_target,v3_lof_target	carried,exact_name_in_X,normalized_name_in_X	True	True	True	True
N__glutamate__MNXM738068	N	glutamate	MNXM741173	hub	False	MNXM738068	L-cysteine	v3_gof_near,v3_lof_target	exact_name_in_X,inserted_reaction_product	True	True	True	True
N__glutamate__MNXM738702	N	glutamate	MNXM741173	hub	False	MNXM738702	NADPH	v3_gof_target	exact_name_in_X	True	True	True	True
N__glutamate__MNXM738804	N	glutamate	MNXM741173	hub	False	MNXM738804	L-methionine	v1_panel,v3_gof_target,v3_lof_target	carried,exact_name_in_X,normalized_name_in_X	True	True	True	True
N__glutamate__MNXM739527	N	glutamate	MNXM741173	hub	False	MNXM739527	L-arginine	v3_gof_target,v3_lof_target	exact_name_in_X,normalized_name_in_X	True	True	True	True
N__glutamate__MNXM741553	N	glutamate	MNXM741173	hub	False	MNXM741553	L-tryptophan	v1_panel,v3_lof_target	carried,exact_name_in_X	True	True	True	True
N__glutamate__MNXM741595	N	glutamate	MNXM741173	hub	False	MNXM741595	S-formylglutathione	v3_gof_near	inserted_reaction_product	True	True	True	True
N__glutamate__MNXM741664	N	glutamate	MNXM741173	hub	False	MNXM741664	L-phenylalanine	v3_gof_target,v3_lof_target	exact_name_in_X	True	True	True	True
N__glutamate__MNXM76	N	glutamate	MNXM741173	hub	False	MNXM76	L-tyrosine	v3_gof_near,v3_gof_target,v3_lof_target	exact_name_in_X,inserted_reaction_product	True	True	True	True
N__glutamate__MNXM78362	N	glutamate	MNXM741173	hub	False	MNXM78362	Heme	v3_lof_target	normalized_name_in_X	False	False	True	True
N__glutamate__MNXM8	N	glutamate	MNXM741173	hub	False	MNXM8	NAD(+)	v3_gof_near	inserted_reaction_product	True	True	True	True
N__glutamate__MNXM943	N	glutamate	MNXM741173	hub	False	MNXM943	cadaverine	v3_gof_target	normalized_name_in_X	True	True	True	True
N__aspartate__MNXM1101868	N	aspartate	MNXM1364497	gradient	False	MNXM1101868	IMP	v1_panel,v3_gof_target	carried,exact_name_in_X	True	True	True	True
N__aspartate__MNXM1104266	N	aspartate	MNXM1364497	gradient	False	MNXM1104266	acetyl-CoA	v3_gof_near,v3_gof_target	exact_name_in_X,inserted_reaction_product	True	True	True	True
N__aspartate__MNXM1104529	N	aspartate	MNXM1364497	gradient	False	MNXM1104529	UDP-N-acetyl-alpha-D-glucosamine	v1_panel	carried	True	True	True	True
N__aspartate__MNXM1104774	N	aspartate	MNXM1364497	gradient	False	MNXM1104774	succinyl-CoA	v3_gof_target	exact_name_in_X	True	True	True	True
N__aspartate__MNXM1104823	N	aspartate	MNXM1364497	gradient	False	MNXM1104823	UMP	v1_panel	carried	True	True	True	True
N__aspartate__MNXM1105732	N	aspartate	MNXM1364497	gradient	False	MNXM1105732	L-alanine	v3_gof_target	exact_name_in_X,normalized_name_in_X	True	True	True	True
N__aspartate__MNXM1106093	N	aspartate	MNXM1364497	gradient	False	MNXM1106093	malonyl-CoA	v3_gof_near,v3_gof_target	exact_name_in_X,inserted_reaction_product	True	True	True	True
N__aspartate__MNXM1106761	N	aspartate	MNXM1364497	gradient	False	MNXM1106761	L-leucine	v1_panel,v3_lof_target	carried,exact_name_in_X	True	True	True	True
N__aspartate__MNXM1107769	N	aspartate	MNXM1364497	gradient	False	MNXM1107769	L-histidine	v1_panel,v3_lof_target	carried,exact_name_in_X	True	True	True	True
N__aspartate__MNXM1107904	N	aspartate	MNXM1364497	gradient	False	MNXM1107904	(S)-methylmalonyl-CoA	v3_gof_near	inserted_reaction_product	True	True	True	True
N__aspartate__MNXM1108016	N	aspartate	MNXM1364497	gradient	False	MNXM1108016	nicotinate beta-D-ribonucleotide	v3_gof_near	inserted_reaction_product	True	True	True	True
N__aspartate__MNXM114	N	aspartate	MNXM1364497	gradient	False	MNXM114	L-proline	v3_lof_target	exact_name_in_X	True	True	True	True
N__aspartate__MNXM115	N	aspartate	MNXM1364497	gradient	False	MNXM115	phosphatidylethanolamine	v1_panel,v3_gof_target	carried,exact_name_in_X	False	False	True	True
N__aspartate__MNXM118	N	aspartate	MNXM1364497	gradient	False	MNXM118	putrescine	v3_gof_target	normalized_name_in_X	True	True	True	True
N__aspartate__MNXM1364019	N	aspartate	MNXM1364497	gradient	False	MNXM1364019	UDP-alpha-D-glucose	v3_gof_near	inserted_reaction_product	True	True	True	True
N__aspartate__MNXM1364174	N	aspartate	MNXM1364497	gradient	False	MNXM1364174	N-acetyl-beta-D-glucosamine 6-phosphate	v3_gof_near	inserted_reaction_product	True	True	True	True
N__aspartate__MNXM1364266	N	aspartate	MNXM1364497	gradient	False	MNXM1364266	propanoyl-CoA	v3_gof_near	inserted_reaction_product	True	True	True	True
N__aspartate__MNXM1364268	N	aspartate	MNXM1364497	gradient	False	MNXM1364268	L-lysine	v3_gof_target,v3_lof_target	exact_name_in_X	True	True	True	True
N__aspartate__MNXM1364476	N	aspartate	MNXM1364497	gradient	False	MNXM1364476	protoporphyrin IX	v3_lof_target	exact_name_in_X	True	True	True	True
N__aspartate__MNXM1365590	N	aspartate	MNXM1364497	gradient	False	MNXM1365590	molybdopterin	v3_gof_near	inserted_reaction_product	True	True	True	True
N__aspartate__MNXM1369302	N	aspartate	MNXM1364497	gradient	False	MNXM1369302	thymine	v3_lof_target	exact_name_in_X	True	True	True	True
N__aspartate__MNXM1370620	N	aspartate	MNXM1364497	gradient	False	MNXM1370620	N-acetyl-L-glutamate	v3_gof_near	inserted_reaction_product	True	True	True	True
N__aspartate__MNXM1371612	N	aspartate	MNXM1364497	gradient	False	MNXM1371612	(R)-pantothenate	v1_panel	carried	True	True	True	True
N__aspartate__MNXM142	N	aspartate	MNXM1364497	gradient	False	MNXM142	L-threonine	v3_gof_near,v3_gof_target,v3_lof_target	exact_name_in_X,inserted_reaction_product	True	True	True	True
N__aspartate__MNXM144	N	aspartate	MNXM1364497	gradient	False	MNXM144	beta-alanine	v3_gof_target	normalized_name_in_X	True	True	True	True
N__aspartate__MNXM162231	N	aspartate	MNXM1364497	gradient	False	MNXM162231	NAD(P)H	v3_gof_near	inserted_reaction_product	False	False	True	True
N__aspartate__MNXM163519	N	aspartate	MNXM1364497	gradient	False	MNXM163519	a lipid II	v1_panel	carried	False	False	True	True
N__aspartate__MNXM1812	N	aspartate	MNXM1364497	gradient	False	MNXM1812	penicillin G	v3_gof_target	exact_name_in_X	False	False	False	False
N__aspartate__MNXM199	N	aspartate	MNXM1364497	gradient	False	MNXM199	L-valine	v3_gof_target,v3_lof_target	exact_name_in_X	True	True	True	True
N__aspartate__MNXM2138	N	aspartate	MNXM1364497	gradient	False	MNXM2138	N-acetyl-beta-D-glucosamine	v3_gof_target	metanetx_xref	False	False	True	True
N__aspartate__MNXM270	N	aspartate	MNXM1364497	gradient	False	MNXM270	riboflavin	v1_panel,v3_gof_target,v3_lof_target	carried,exact_name_in_X	True	True	True	True
N__aspartate__MNXM279	N	aspartate	MNXM1364497	gradient	False	MNXM279	L-dopa	v3_gof_target	normalized_name_in_X	False	False	True	True
N__aspartate__MNXM304	N	aspartate	MNXM1364497	gradient	False	MNXM304	biotin	v3_lof_target	exact_name_in_X	True	True	True	True
N__aspartate__MNXM315	N	aspartate	MNXM1364497	gradient	False	MNXM315	indole-3-pyruvate	v3_gof_near	inserted_reaction_product	False	True	True	True
N__aspartate__MNXM361	N	aspartate	MNXM1364497	gradient	False	MNXM361	L-aspartate 4-semialdehyde	v3_gof_near	inserted_reaction_product	True	True	True	True
N__aspartate__MNXM37	N	aspartate	MNXM1364497	gradient	False	MNXM37	L-glutamine	v1_panel,v3_gof_target,v3_lof_target	carried,exact_name_in_X	True	True	True	True
N__aspartate__MNXM405	N	aspartate	MNXM1364497	gradient	False	MNXM405	5-aminolevulinate	v1_panel	carried	True	True	True	True
N__aspartate__MNXM419	N	aspartate	MNXM1364497	gradient	False	MNXM419	pyridoxine	v3_lof_target	exact_name_in_X	True	True	True	True
N__aspartate__MNXM420	N	aspartate	MNXM1364497	gradient	False	MNXM420	thymidine	v3_lof_target	exact_name_in_X	True	True	True	True
N__aspartate__MNXM421	N	aspartate	MNXM1364497	gradient	False	MNXM421	4-aminobenzoate	v3_gof_target	exact_name_in_X	True	True	True	True
N__aspartate__MNXM5	N	aspartate	MNXM1364497	gradient	False	MNXM5	NADP(+)	v3_gof_near	inserted_reaction_product	True	True	True	True
N__aspartate__MNXM529	N	aspartate	MNXM1364497	gradient	False	MNXM529	meso-2,6-diaminopimelate	v1_panel	carried	True	True	True	True
N__aspartate__MNXM554	N	aspartate	MNXM1364497	gradient	False	MNXM554	porphobilinogen	v1_panel	carried	True	True	True	True
N__aspartate__MNXM555	N	aspartate	MNXM1364497	gradient	False	MNXM555	quinolinate	v1_panel	carried	True	True	True	True
N__aspartate__MNXM59345	N	aspartate	MNXM1364497	gradient	False	MNXM59345	D-cycloserine	v3_gof_target	exact_name_in_X	False	False	False	False
N__aspartate__MNXM617	N	aspartate	MNXM1364497	gradient	False	MNXM617	folate	v3_lof_target	exact_name_in_X	False	False	True	True
N__aspartate__MNXM704	N	aspartate	MNXM1364497	gradient	False	MNXM704	2'-deoxycytidine	v3_gof_target	metanetx_xref	True	True	True	True
N__aspartate__MNXM728337	N	aspartate	MNXM1364497	gradient	False	MNXM728337	L-isoleucine	v3_lof_target	exact_name_in_X	True	True	True	True
N__aspartate__MNXM729216	N	aspartate	MNXM1364497	gradient	False	MNXM729216	N-acetylmuramate 6-phosphate	v3_gof_near	inserted_reaction_product	True	True	True	True
N__aspartate__MNXM729302	N	aspartate	MNXM1364497	gradient	False	MNXM729302	NH4(+)	v3_gof_near	inserted_reaction_product	True	True	True	True
N__aspartate__MNXM730135	N	aspartate	MNXM1364497	gradient	False	MNXM730135	thiamine	v3_lof_target	exact_name_in_X	True	True	True	True
N__aspartate__MNXM731760	N	aspartate	MNXM1364497	gradient	False	MNXM731760	lipid IVA (E. coli)	v1_panel	carried	True	True	True	True
N__aspartate__MNXM732166	N	aspartate	MNXM1364497	gradient	False	MNXM732166	UDP-N-acetyl-alpha-D-muramoyl-L-alanyl-gamma-D-glutamyl-meso-2,6-diaminopimeloyl-D-alanyl-D-alanine	v1_panel	carried	True	True	True	True
N__aspartate__MNXM732487	N	aspartate	MNXM1364497	gradient	False	MNXM732487	hypoxanthine	v3_lof_target	normalized_name_in_X	True	True	True	True
N__aspartate__MNXM733114	N	aspartate	MNXM1364497	gradient	False	MNXM733114	guanine	v3_lof_target	exact_name_in_X	True	True	True	True
N__aspartate__MNXM737787	N	aspartate	MNXM1364497	gradient	False	MNXM737787	L-serine	v1_panel,v3_gof_target,v3_lof_target	carried,exact_name_in_X,normalized_name_in_X	True	True	True	True
N__aspartate__MNXM738068	N	aspartate	MNXM1364497	gradient	False	MNXM738068	L-cysteine	v3_gof_near,v3_lof_target	exact_name_in_X,inserted_reaction_product	True	True	True	True
N__aspartate__MNXM738702	N	aspartate	MNXM1364497	gradient	False	MNXM738702	NADPH	v3_gof_target	exact_name_in_X	True	True	True	True
N__aspartate__MNXM738804	N	aspartate	MNXM1364497	gradient	False	MNXM738804	L-methionine	v1_panel,v3_gof_target,v3_lof_target	carried,exact_name_in_X,normalized_name_in_X	True	True	True	True
N__aspartate__MNXM739527	N	aspartate	MNXM1364497	gradient	False	MNXM739527	L-arginine	v3_gof_target,v3_lof_target	exact_name_in_X,normalized_name_in_X	True	True	True	True
N__aspartate__MNXM741173	N	aspartate	MNXM1364497	gradient	False	MNXM741173	L-glutamate	v1_panel,v3_gof_near	carried,inserted_reaction_product	True	True	True	True
N__aspartate__MNXM741553	N	aspartate	MNXM1364497	gradient	False	MNXM741553	L-tryptophan	v1_panel,v3_lof_target	carried,exact_name_in_X	True	True	True	True
N__aspartate__MNXM741595	N	aspartate	MNXM1364497	gradient	False	MNXM741595	S-formylglutathione	v3_gof_near	inserted_reaction_product	True	True	True	True
N__aspartate__MNXM741664	N	aspartate	MNXM1364497	gradient	False	MNXM741664	L-phenylalanine	v3_gof_target,v3_lof_target	exact_name_in_X	True	True	True	True
N__aspartate__MNXM76	N	aspartate	MNXM1364497	gradient	False	MNXM76	L-tyrosine	v3_gof_near,v3_gof_target,v3_lof_target	exact_name_in_X,inserted_reaction_product	True	True	True	True
N__aspartate__MNXM78362	N	aspartate	MNXM1364497	gradient	False	MNXM78362	Heme	v3_lof_target	normalized_name_in_X	False	False	True	True
N__aspartate__MNXM8	N	aspartate	MNXM1364497	gradient	False	MNXM8	NAD(+)	v3_gof_near	inserted_reaction_product	True	True	True	True
N__aspartate__MNXM943	N	aspartate	MNXM1364497	gradient	False	MNXM943	cadaverine	v3_gof_target	normalized_name_in_X	True	True	True	True
N__serine__MNXM1101868	N	serine	MNXM737787	gradient	False	MNXM1101868	IMP	v1_panel,v3_gof_target	carried,exact_name_in_X	True	True	True	True
N__serine__MNXM1104266	N	serine	MNXM737787	gradient	False	MNXM1104266	acetyl-CoA	v3_gof_near,v3_gof_target	exact_name_in_X,inserted_reaction_product	True	True	True	True
N__serine__MNXM1104529	N	serine	MNXM737787	gradient	False	MNXM1104529	UDP-N-acetyl-alpha-D-glucosamine	v1_panel	carried	True	True	True	True
N__serine__MNXM1104774	N	serine	MNXM737787	gradient	False	MNXM1104774	succinyl-CoA	v3_gof_target	exact_name_in_X	True	True	True	True
N__serine__MNXM1104823	N	serine	MNXM737787	gradient	False	MNXM1104823	UMP	v1_panel	carried	True	True	True	True
N__serine__MNXM1105732	N	serine	MNXM737787	gradient	False	MNXM1105732	L-alanine	v3_gof_target	exact_name_in_X,normalized_name_in_X	True	True	True	True
N__serine__MNXM1106093	N	serine	MNXM737787	gradient	False	MNXM1106093	malonyl-CoA	v3_gof_near,v3_gof_target	exact_name_in_X,inserted_reaction_product	True	True	True	True
N__serine__MNXM1106761	N	serine	MNXM737787	gradient	False	MNXM1106761	L-leucine	v1_panel,v3_lof_target	carried,exact_name_in_X	True	True	True	True
N__serine__MNXM1107769	N	serine	MNXM737787	gradient	False	MNXM1107769	L-histidine	v1_panel,v3_lof_target	carried,exact_name_in_X	True	True	True	True
N__serine__MNXM1107904	N	serine	MNXM737787	gradient	False	MNXM1107904	(S)-methylmalonyl-CoA	v3_gof_near	inserted_reaction_product	True	True	True	True
N__serine__MNXM1108016	N	serine	MNXM737787	gradient	False	MNXM1108016	nicotinate beta-D-ribonucleotide	v3_gof_near	inserted_reaction_product	True	True	True	True
N__serine__MNXM114	N	serine	MNXM737787	gradient	False	MNXM114	L-proline	v3_lof_target	exact_name_in_X	True	True	True	True
N__serine__MNXM115	N	serine	MNXM737787	gradient	False	MNXM115	phosphatidylethanolamine	v1_panel,v3_gof_target	carried,exact_name_in_X	False	False	True	True
N__serine__MNXM118	N	serine	MNXM737787	gradient	False	MNXM118	putrescine	v3_gof_target	normalized_name_in_X	True	True	True	True
N__serine__MNXM1364019	N	serine	MNXM737787	gradient	False	MNXM1364019	UDP-alpha-D-glucose	v3_gof_near	inserted_reaction_product	True	True	True	True
N__serine__MNXM1364174	N	serine	MNXM737787	gradient	False	MNXM1364174	N-acetyl-beta-D-glucosamine 6-phosphate	v3_gof_near	inserted_reaction_product	True	True	True	True
N__serine__MNXM1364266	N	serine	MNXM737787	gradient	False	MNXM1364266	propanoyl-CoA	v3_gof_near	inserted_reaction_product	True	True	True	True
N__serine__MNXM1364268	N	serine	MNXM737787	gradient	False	MNXM1364268	L-lysine	v3_gof_target,v3_lof_target	exact_name_in_X	True	True	True	True
N__serine__MNXM1364476	N	serine	MNXM737787	gradient	False	MNXM1364476	protoporphyrin IX	v3_lof_target	exact_name_in_X	True	True	True	True
N__serine__MNXM1364497	N	serine	MNXM737787	gradient	False	MNXM1364497	L-aspartate	v1_panel,v3_gof_target	carried,exact_name_in_X	True	True	True	True
N__serine__MNXM1365590	N	serine	MNXM737787	gradient	False	MNXM1365590	molybdopterin	v3_gof_near	inserted_reaction_product	True	True	True	True
N__serine__MNXM1369302	N	serine	MNXM737787	gradient	False	MNXM1369302	thymine	v3_lof_target	exact_name_in_X	True	True	True	True
N__serine__MNXM1370620	N	serine	MNXM737787	gradient	False	MNXM1370620	N-acetyl-L-glutamate	v3_gof_near	inserted_reaction_product	True	True	True	True
N__serine__MNXM1371612	N	serine	MNXM737787	gradient	False	MNXM1371612	(R)-pantothenate	v1_panel	carried	True	True	True	True
N__serine__MNXM142	N	serine	MNXM737787	gradient	False	MNXM142	L-threonine	v3_gof_near,v3_gof_target,v3_lof_target	exact_name_in_X,inserted_reaction_product	True	True	True	True
N__serine__MNXM144	N	serine	MNXM737787	gradient	False	MNXM144	beta-alanine	v3_gof_target	normalized_name_in_X	True	True	True	True
N__serine__MNXM162231	N	serine	MNXM737787	gradient	False	MNXM162231	NAD(P)H	v3_gof_near	inserted_reaction_product	False	False	True	True
N__serine__MNXM163519	N	serine	MNXM737787	gradient	False	MNXM163519	a lipid II	v1_panel	carried	False	False	True	True
N__serine__MNXM1812	N	serine	MNXM737787	gradient	False	MNXM1812	penicillin G	v3_gof_target	exact_name_in_X	False	False	False	False
N__serine__MNXM199	N	serine	MNXM737787	gradient	False	MNXM199	L-valine	v3_gof_target,v3_lof_target	exact_name_in_X	True	True	True	True
N__serine__MNXM2138	N	serine	MNXM737787	gradient	False	MNXM2138	N-acetyl-beta-D-glucosamine	v3_gof_target	metanetx_xref	False	False	True	True
N__serine__MNXM270	N	serine	MNXM737787	gradient	False	MNXM270	riboflavin	v1_panel,v3_gof_target,v3_lof_target	carried,exact_name_in_X	True	True	True	True
N__serine__MNXM279	N	serine	MNXM737787	gradient	False	MNXM279	L-dopa	v3_gof_target	normalized_name_in_X	False	False	True	True
N__serine__MNXM304	N	serine	MNXM737787	gradient	False	MNXM304	biotin	v3_lof_target	exact_name_in_X	True	True	True	True
N__serine__MNXM315	N	serine	MNXM737787	gradient	False	MNXM315	indole-3-pyruvate	v3_gof_near	inserted_reaction_product	False	True	True	True
N__serine__MNXM361	N	serine	MNXM737787	gradient	False	MNXM361	L-aspartate 4-semialdehyde	v3_gof_near	inserted_reaction_product	True	True	True	True
N__serine__MNXM37	N	serine	MNXM737787	gradient	False	MNXM37	L-glutamine	v1_panel,v3_gof_target,v3_lof_target	carried,exact_name_in_X	True	True	True	True
N__serine__MNXM405	N	serine	MNXM737787	gradient	False	MNXM405	5-aminolevulinate	v1_panel	carried	True	True	True	True
N__serine__MNXM419	N	serine	MNXM737787	gradient	False	MNXM419	pyridoxine	v3_lof_target	exact_name_in_X	True	True	True	True
N__serine__MNXM420	N	serine	MNXM737787	gradient	False	MNXM420	thymidine	v3_lof_target	exact_name_in_X	True	True	True	True
N__serine__MNXM421	N	serine	MNXM737787	gradient	False	MNXM421	4-aminobenzoate	v3_gof_target	exact_name_in_X	True	True	True	True
N__serine__MNXM5	N	serine	MNXM737787	gradient	False	MNXM5	NADP(+)	v3_gof_near	inserted_reaction_product	True	True	True	True
N__serine__MNXM529	N	serine	MNXM737787	gradient	False	MNXM529	meso-2,6-diaminopimelate	v1_panel	carried	True	True	True	True
N__serine__MNXM554	N	serine	MNXM737787	gradient	False	MNXM554	porphobilinogen	v1_panel	carried	True	True	True	True
N__serine__MNXM555	N	serine	MNXM737787	gradient	False	MNXM555	quinolinate	v1_panel	carried	True	True	True	True
N__serine__MNXM59345	N	serine	MNXM737787	gradient	False	MNXM59345	D-cycloserine	v3_gof_target	exact_name_in_X	False	False	False	False
N__serine__MNXM617	N	serine	MNXM737787	gradient	False	MNXM617	folate	v3_lof_target	exact_name_in_X	False	False	True	True
N__serine__MNXM704	N	serine	MNXM737787	gradient	False	MNXM704	2'-deoxycytidine	v3_gof_target	metanetx_xref	True	True	True	True
N__serine__MNXM728337	N	serine	MNXM737787	gradient	False	MNXM728337	L-isoleucine	v3_lof_target	exact_name_in_X	True	True	True	True
N__serine__MNXM729216	N	serine	MNXM737787	gradient	False	MNXM729216	N-acetylmuramate 6-phosphate	v3_gof_near	inserted_reaction_product	True	True	True	True
N__serine__MNXM729302	N	serine	MNXM737787	gradient	False	MNXM729302	NH4(+)	v3_gof_near	inserted_reaction_product	True	True	True	True
N__serine__MNXM730135	N	serine	MNXM737787	gradient	False	MNXM730135	thiamine	v3_lof_target	exact_name_in_X	True	True	True	True
N__serine__MNXM731760	N	serine	MNXM737787	gradient	False	MNXM731760	lipid IVA (E. coli)	v1_panel	carried	True	True	True	True
N__serine__MNXM732166	N	serine	MNXM737787	gradient	False	MNXM732166	UDP-N-acetyl-alpha-D-muramoyl-L-alanyl-gamma-D-glutamyl-meso-2,6-diaminopimeloyl-D-alanyl-D-alanine	v1_panel	carried	True	True	True	True
N__serine__MNXM732487	N	serine	MNXM737787	gradient	False	MNXM732487	hypoxanthine	v3_lof_target	normalized_name_in_X	True	True	True	True
N__serine__MNXM733114	N	serine	MNXM737787	gradient	False	MNXM733114	guanine	v3_lof_target	exact_name_in_X	True	True	True	True
N__serine__MNXM738068	N	serine	MNXM737787	gradient	False	MNXM738068	L-cysteine	v3_gof_near,v3_lof_target	exact_name_in_X,inserted_reaction_product	True	True	True	True
N__serine__MNXM738702	N	serine	MNXM737787	gradient	False	MNXM738702	NADPH	v3_gof_target	exact_name_in_X	True	True	True	True
N__serine__MNXM738804	N	serine	MNXM737787	gradient	False	MNXM738804	L-methionine	v1_panel,v3_gof_target,v3_lof_target	carried,exact_name_in_X,normalized_name_in_X	True	True	True	True
N__serine__MNXM739527	N	serine	MNXM737787	gradient	False	MNXM739527	L-arginine	v3_gof_target,v3_lof_target	exact_name_in_X,normalized_name_in_X	True	True	True	True
N__serine__MNXM741173	N	serine	MNXM737787	gradient	False	MNXM741173	L-glutamate	v1_panel,v3_gof_near	carried,inserted_reaction_product	True	True	True	True
N__serine__MNXM741553	N	serine	MNXM737787	gradient	False	MNXM741553	L-tryptophan	v1_panel,v3_lof_target	carried,exact_name_in_X	True	True	True	True
N__serine__MNXM741595	N	serine	MNXM737787	gradient	False	MNXM741595	S-formylglutathione	v3_gof_near	inserted_reaction_product	True	True	True	True
N__serine__MNXM741664	N	serine	MNXM737787	gradient	False	MNXM741664	L-phenylalanine	v3_gof_target,v3_lof_target	exact_name_in_X	True	True	True	True
N__serine__MNXM76	N	serine	MNXM737787	gradient	False	MNXM76	L-tyrosine	v3_gof_near,v3_gof_target,v3_lof_target	exact_name_in_X,inserted_reaction_product	True	True	True	True
N__serine__MNXM78362	N	serine	MNXM737787	gradient	False	MNXM78362	Heme	v3_lof_target	normalized_name_in_X	False	False	True	True
N__serine__MNXM8	N	serine	MNXM737787	gradient	False	MNXM8	NAD(+)	v3_gof_near	inserted_reaction_product	True	True	True	True
N__serine__MNXM943	N	serine	MNXM737787	gradient	False	MNXM943	cadaverine	v3_gof_target	normalized_name_in_X	True	True	True	True
N__glycine__MNXM1101868	N	glycine	MNXM29	gradient	False	MNXM1101868	IMP	v1_panel,v3_gof_target	carried,exact_name_in_X	True	True	True	True
N__glycine__MNXM1104266	N	glycine	MNXM29	gradient	False	MNXM1104266	acetyl-CoA	v3_gof_near,v3_gof_target	exact_name_in_X,inserted_reaction_product	True	True	True	True
N__glycine__MNXM1104529	N	glycine	MNXM29	gradient	False	MNXM1104529	UDP-N-acetyl-alpha-D-glucosamine	v1_panel	carried	True	True	True	True
N__glycine__MNXM1104774	N	glycine	MNXM29	gradient	False	MNXM1104774	succinyl-CoA	v3_gof_target	exact_name_in_X	True	True	True	True
N__glycine__MNXM1104823	N	glycine	MNXM29	gradient	False	MNXM1104823	UMP	v1_panel	carried	True	True	True	True
N__glycine__MNXM1105732	N	glycine	MNXM29	gradient	False	MNXM1105732	L-alanine	v3_gof_target	exact_name_in_X,normalized_name_in_X	True	True	True	True
N__glycine__MNXM1106093	N	glycine	MNXM29	gradient	False	MNXM1106093	malonyl-CoA	v3_gof_near,v3_gof_target	exact_name_in_X,inserted_reaction_product	True	True	True	True
N__glycine__MNXM1106761	N	glycine	MNXM29	gradient	False	MNXM1106761	L-leucine	v1_panel,v3_lof_target	carried,exact_name_in_X	True	True	True	True
N__glycine__MNXM1107769	N	glycine	MNXM29	gradient	False	MNXM1107769	L-histidine	v1_panel,v3_lof_target	carried,exact_name_in_X	True	True	True	True
N__glycine__MNXM1107904	N	glycine	MNXM29	gradient	False	MNXM1107904	(S)-methylmalonyl-CoA	v3_gof_near	inserted_reaction_product	True	True	True	True
N__glycine__MNXM1108016	N	glycine	MNXM29	gradient	False	MNXM1108016	nicotinate beta-D-ribonucleotide	v3_gof_near	inserted_reaction_product	True	True	True	True
N__glycine__MNXM114	N	glycine	MNXM29	gradient	False	MNXM114	L-proline	v3_lof_target	exact_name_in_X	True	True	True	True
N__glycine__MNXM115	N	glycine	MNXM29	gradient	False	MNXM115	phosphatidylethanolamine	v1_panel,v3_gof_target	carried,exact_name_in_X	False	False	True	True
N__glycine__MNXM118	N	glycine	MNXM29	gradient	False	MNXM118	putrescine	v3_gof_target	normalized_name_in_X	True	True	True	True
N__glycine__MNXM1364019	N	glycine	MNXM29	gradient	False	MNXM1364019	UDP-alpha-D-glucose	v3_gof_near	inserted_reaction_product	True	True	True	True
N__glycine__MNXM1364174	N	glycine	MNXM29	gradient	False	MNXM1364174	N-acetyl-beta-D-glucosamine 6-phosphate	v3_gof_near	inserted_reaction_product	True	True	True	True
N__glycine__MNXM1364266	N	glycine	MNXM29	gradient	False	MNXM1364266	propanoyl-CoA	v3_gof_near	inserted_reaction_product	True	True	True	True
N__glycine__MNXM1364268	N	glycine	MNXM29	gradient	False	MNXM1364268	L-lysine	v3_gof_target,v3_lof_target	exact_name_in_X	True	True	True	True
N__glycine__MNXM1364476	N	glycine	MNXM29	gradient	False	MNXM1364476	protoporphyrin IX	v3_lof_target	exact_name_in_X	True	True	True	True
N__glycine__MNXM1364497	N	glycine	MNXM29	gradient	False	MNXM1364497	L-aspartate	v1_panel,v3_gof_target	carried,exact_name_in_X	True	True	True	True
N__glycine__MNXM1365590	N	glycine	MNXM29	gradient	False	MNXM1365590	molybdopterin	v3_gof_near	inserted_reaction_product	True	True	True	True
N__glycine__MNXM1369302	N	glycine	MNXM29	gradient	False	MNXM1369302	thymine	v3_lof_target	exact_name_in_X	True	True	True	True
N__glycine__MNXM1370620	N	glycine	MNXM29	gradient	False	MNXM1370620	N-acetyl-L-glutamate	v3_gof_near	inserted_reaction_product	True	True	True	True
N__glycine__MNXM1371612	N	glycine	MNXM29	gradient	False	MNXM1371612	(R)-pantothenate	v1_panel	carried	True	True	True	True
N__glycine__MNXM142	N	glycine	MNXM29	gradient	False	MNXM142	L-threonine	v3_gof_near,v3_gof_target,v3_lof_target	exact_name_in_X,inserted_reaction_product	True	True	True	True
N__glycine__MNXM144	N	glycine	MNXM29	gradient	False	MNXM144	beta-alanine	v3_gof_target	normalized_name_in_X	True	True	True	True
N__glycine__MNXM162231	N	glycine	MNXM29	gradient	False	MNXM162231	NAD(P)H	v3_gof_near	inserted_reaction_product	False	False	True	True
N__glycine__MNXM163519	N	glycine	MNXM29	gradient	False	MNXM163519	a lipid II	v1_panel	carried	False	False	True	True
N__glycine__MNXM1812	N	glycine	MNXM29	gradient	False	MNXM1812	penicillin G	v3_gof_target	exact_name_in_X	False	False	False	False
N__glycine__MNXM199	N	glycine	MNXM29	gradient	False	MNXM199	L-valine	v3_gof_target,v3_lof_target	exact_name_in_X	True	True	True	True
N__glycine__MNXM2138	N	glycine	MNXM29	gradient	False	MNXM2138	N-acetyl-beta-D-glucosamine	v3_gof_target	metanetx_xref	False	False	True	True
N__glycine__MNXM270	N	glycine	MNXM29	gradient	False	MNXM270	riboflavin	v1_panel,v3_gof_target,v3_lof_target	carried,exact_name_in_X	True	True	True	True
N__glycine__MNXM279	N	glycine	MNXM29	gradient	False	MNXM279	L-dopa	v3_gof_target	normalized_name_in_X	False	False	True	True
N__glycine__MNXM304	N	glycine	MNXM29	gradient	False	MNXM304	biotin	v3_lof_target	exact_name_in_X	True	True	True	True
N__glycine__MNXM315	N	glycine	MNXM29	gradient	False	MNXM315	indole-3-pyruvate	v3_gof_near	inserted_reaction_product	False	True	True	True
N__glycine__MNXM361	N	glycine	MNXM29	gradient	False	MNXM361	L-aspartate 4-semialdehyde	v3_gof_near	inserted_reaction_product	True	True	True	True
N__glycine__MNXM37	N	glycine	MNXM29	gradient	False	MNXM37	L-glutamine	v1_panel,v3_gof_target,v3_lof_target	carried,exact_name_in_X	True	True	True	True
N__glycine__MNXM405	N	glycine	MNXM29	gradient	False	MNXM405	5-aminolevulinate	v1_panel	carried	True	True	True	True
N__glycine__MNXM419	N	glycine	MNXM29	gradient	False	MNXM419	pyridoxine	v3_lof_target	exact_name_in_X	True	True	True	True
N__glycine__MNXM420	N	glycine	MNXM29	gradient	False	MNXM420	thymidine	v3_lof_target	exact_name_in_X	True	True	True	True
N__glycine__MNXM421	N	glycine	MNXM29	gradient	False	MNXM421	4-aminobenzoate	v3_gof_target	exact_name_in_X	True	True	True	True
N__glycine__MNXM5	N	glycine	MNXM29	gradient	False	MNXM5	NADP(+)	v3_gof_near	inserted_reaction_product	True	True	True	True
N__glycine__MNXM529	N	glycine	MNXM29	gradient	False	MNXM529	meso-2,6-diaminopimelate	v1_panel	carried	True	True	True	True
N__glycine__MNXM554	N	glycine	MNXM29	gradient	False	MNXM554	porphobilinogen	v1_panel	carried	True	True	True	True
N__glycine__MNXM555	N	glycine	MNXM29	gradient	False	MNXM555	quinolinate	v1_panel	carried	True	True	True	True
N__glycine__MNXM59345	N	glycine	MNXM29	gradient	False	MNXM59345	D-cycloserine	v3_gof_target	exact_name_in_X	False	False	False	False
N__glycine__MNXM617	N	glycine	MNXM29	gradient	False	MNXM617	folate	v3_lof_target	exact_name_in_X	False	False	True	True
N__glycine__MNXM704	N	glycine	MNXM29	gradient	False	MNXM704	2'-deoxycytidine	v3_gof_target	metanetx_xref	True	True	True	True
N__glycine__MNXM728337	N	glycine	MNXM29	gradient	False	MNXM728337	L-isoleucine	v3_lof_target	exact_name_in_X	True	True	True	True
N__glycine__MNXM729216	N	glycine	MNXM29	gradient	False	MNXM729216	N-acetylmuramate 6-phosphate	v3_gof_near	inserted_reaction_product	True	True	True	True
N__glycine__MNXM729302	N	glycine	MNXM29	gradient	False	MNXM729302	NH4(+)	v3_gof_near	inserted_reaction_product	True	True	True	True
N__glycine__MNXM730135	N	glycine	MNXM29	gradient	False	MNXM730135	thiamine	v3_lof_target	exact_name_in_X	True	True	True	True
N__glycine__MNXM731760	N	glycine	MNXM29	gradient	False	MNXM731760	lipid IVA (E. coli)	v1_panel	carried	True	True	True	True
N__glycine__MNXM732166	N	glycine	MNXM29	gradient	False	MNXM732166	UDP-N-acetyl-alpha-D-muramoyl-L-alanyl-gamma-D-glutamyl-meso-2,6-diaminopimeloyl-D-alanyl-D-alanine	v1_panel	carried	True	True	True	True
N__glycine__MNXM732487	N	glycine	MNXM29	gradient	False	MNXM732487	hypoxanthine	v3_lof_target	normalized_name_in_X	True	True	True	True
N__glycine__MNXM733114	N	glycine	MNXM29	gradient	False	MNXM733114	guanine	v3_lof_target	exact_name_in_X	True	True	True	True
N__glycine__MNXM737787	N	glycine	MNXM29	gradient	False	MNXM737787	L-serine	v1_panel,v3_gof_target,v3_lof_target	carried,exact_name_in_X,normalized_name_in_X	True	True	True	True
N__glycine__MNXM738068	N	glycine	MNXM29	gradient	False	MNXM738068	L-cysteine	v3_gof_near,v3_lof_target	exact_name_in_X,inserted_reaction_product	True	True	True	True
N__glycine__MNXM738702	N	glycine	MNXM29	gradient	False	MNXM738702	NADPH	v3_gof_target	exact_name_in_X	True	True	True	True
N__glycine__MNXM738804	N	glycine	MNXM29	gradient	False	MNXM738804	L-methionine	v1_panel,v3_gof_target,v3_lof_target	carried,exact_name_in_X,normalized_name_in_X	True	True	True	True
N__glycine__MNXM739527	N	glycine	MNXM29	gradient	False	MNXM739527	L-arginine	v3_gof_target,v3_lof_target	exact_name_in_X,normalized_name_in_X	True	True	True	True
N__glycine__MNXM741173	N	glycine	MNXM29	gradient	False	MNXM741173	L-glutamate	v1_panel,v3_gof_near	carried,inserted_reaction_product	True	True	True	True
N__glycine__MNXM741553	N	glycine	MNXM29	gradient	False	MNXM741553	L-tryptophan	v1_panel,v3_lof_target	carried,exact_name_in_X	True	True	True	True
N__glycine__MNXM741595	N	glycine	MNXM29	gradient	False	MNXM741595	S-formylglutathione	v3_gof_near	inserted_reaction_product	True	True	True	True
N__glycine__MNXM741664	N	glycine	MNXM29	gradient	False	MNXM741664	L-phenylalanine	v3_gof_target,v3_lof_target	exact_name_in_X	True	True	True	True
N__glycine__MNXM76	N	glycine	MNXM29	gradient	False	MNXM76	L-tyrosine	v3_gof_near,v3_gof_target,v3_lof_target	exact_name_in_X,inserted_reaction_product	True	True	True	True
N__glycine__MNXM78362	N	glycine	MNXM29	gradient	False	MNXM78362	Heme	v3_lof_target	normalized_name_in_X	False	False	True	True
N__glycine__MNXM8	N	glycine	MNXM29	gradient	False	MNXM8	NAD(+)	v3_gof_near	inserted_reaction_product	True	True	True	True
N__glycine__MNXM943	N	glycine	MNXM29	gradient	False	MNXM943	cadaverine	v3_gof_target	normalized_name_in_X	True	True	True	True
N__alanine__MNXM1101868	N	alanine	MNXM1105732	gradient	False	MNXM1101868	IMP	v1_panel,v3_gof_target	carried,exact_name_in_X	True	True	True	True
N__alanine__MNXM1104266	N	alanine	MNXM1105732	gradient	False	MNXM1104266	acetyl-CoA	v3_gof_near,v3_gof_target	exact_name_in_X,inserted_reaction_product	True	True	True	True
N__alanine__MNXM1104529	N	alanine	MNXM1105732	gradient	False	MNXM1104529	UDP-N-acetyl-alpha-D-glucosamine	v1_panel	carried	True	True	True	True
N__alanine__MNXM1104774	N	alanine	MNXM1105732	gradient	False	MNXM1104774	succinyl-CoA	v3_gof_target	exact_name_in_X	True	True	True	True
N__alanine__MNXM1104823	N	alanine	MNXM1105732	gradient	False	MNXM1104823	UMP	v1_panel	carried	True	True	True	True
N__alanine__MNXM1106093	N	alanine	MNXM1105732	gradient	False	MNXM1106093	malonyl-CoA	v3_gof_near,v3_gof_target	exact_name_in_X,inserted_reaction_product	True	True	True	True
N__alanine__MNXM1106761	N	alanine	MNXM1105732	gradient	False	MNXM1106761	L-leucine	v1_panel,v3_lof_target	carried,exact_name_in_X	True	True	True	True
N__alanine__MNXM1107769	N	alanine	MNXM1105732	gradient	False	MNXM1107769	L-histidine	v1_panel,v3_lof_target	carried,exact_name_in_X	True	True	True	True
N__alanine__MNXM1107904	N	alanine	MNXM1105732	gradient	False	MNXM1107904	(S)-methylmalonyl-CoA	v3_gof_near	inserted_reaction_product	True	True	True	True
N__alanine__MNXM1108016	N	alanine	MNXM1105732	gradient	False	MNXM1108016	nicotinate beta-D-ribonucleotide	v3_gof_near	inserted_reaction_product	True	True	True	True
N__alanine__MNXM114	N	alanine	MNXM1105732	gradient	False	MNXM114	L-proline	v3_lof_target	exact_name_in_X	True	True	True	True
N__alanine__MNXM115	N	alanine	MNXM1105732	gradient	False	MNXM115	phosphatidylethanolamine	v1_panel,v3_gof_target	carried,exact_name_in_X	False	False	True	True
N__alanine__MNXM118	N	alanine	MNXM1105732	gradient	False	MNXM118	putrescine	v3_gof_target	normalized_name_in_X	True	True	True	True
N__alanine__MNXM1364019	N	alanine	MNXM1105732	gradient	False	MNXM1364019	UDP-alpha-D-glucose	v3_gof_near	inserted_reaction_product	True	True	True	True
N__alanine__MNXM1364174	N	alanine	MNXM1105732	gradient	False	MNXM1364174	N-acetyl-beta-D-glucosamine 6-phosphate	v3_gof_near	inserted_reaction_product	True	True	True	True
N__alanine__MNXM1364266	N	alanine	MNXM1105732	gradient	False	MNXM1364266	propanoyl-CoA	v3_gof_near	inserted_reaction_product	True	True	True	True
N__alanine__MNXM1364268	N	alanine	MNXM1105732	gradient	False	MNXM1364268	L-lysine	v3_gof_target,v3_lof_target	exact_name_in_X	True	True	True	True
N__alanine__MNXM1364476	N	alanine	MNXM1105732	gradient	False	MNXM1364476	protoporphyrin IX	v3_lof_target	exact_name_in_X	True	True	True	True
N__alanine__MNXM1364497	N	alanine	MNXM1105732	gradient	False	MNXM1364497	L-aspartate	v1_panel,v3_gof_target	carried,exact_name_in_X	True	True	True	True
N__alanine__MNXM1365590	N	alanine	MNXM1105732	gradient	False	MNXM1365590	molybdopterin	v3_gof_near	inserted_reaction_product	True	True	True	True
N__alanine__MNXM1369302	N	alanine	MNXM1105732	gradient	False	MNXM1369302	thymine	v3_lof_target	exact_name_in_X	True	True	True	True
N__alanine__MNXM1370620	N	alanine	MNXM1105732	gradient	False	MNXM1370620	N-acetyl-L-glutamate	v3_gof_near	inserted_reaction_product	True	True	True	True
N__alanine__MNXM1371612	N	alanine	MNXM1105732	gradient	False	MNXM1371612	(R)-pantothenate	v1_panel	carried	True	True	True	True
N__alanine__MNXM142	N	alanine	MNXM1105732	gradient	False	MNXM142	L-threonine	v3_gof_near,v3_gof_target,v3_lof_target	exact_name_in_X,inserted_reaction_product	True	True	True	True
N__alanine__MNXM144	N	alanine	MNXM1105732	gradient	False	MNXM144	beta-alanine	v3_gof_target	normalized_name_in_X	True	True	True	True
N__alanine__MNXM162231	N	alanine	MNXM1105732	gradient	False	MNXM162231	NAD(P)H	v3_gof_near	inserted_reaction_product	False	False	True	True
N__alanine__MNXM163519	N	alanine	MNXM1105732	gradient	False	MNXM163519	a lipid II	v1_panel	carried	False	False	True	True
N__alanine__MNXM1812	N	alanine	MNXM1105732	gradient	False	MNXM1812	penicillin G	v3_gof_target	exact_name_in_X	False	False	False	False
N__alanine__MNXM199	N	alanine	MNXM1105732	gradient	False	MNXM199	L-valine	v3_gof_target,v3_lof_target	exact_name_in_X	True	True	True	True
N__alanine__MNXM2138	N	alanine	MNXM1105732	gradient	False	MNXM2138	N-acetyl-beta-D-glucosamine	v3_gof_target	metanetx_xref	False	False	True	True
N__alanine__MNXM270	N	alanine	MNXM1105732	gradient	False	MNXM270	riboflavin	v1_panel,v3_gof_target,v3_lof_target	carried,exact_name_in_X	True	True	True	True
N__alanine__MNXM279	N	alanine	MNXM1105732	gradient	False	MNXM279	L-dopa	v3_gof_target	normalized_name_in_X	False	False	True	True
N__alanine__MNXM304	N	alanine	MNXM1105732	gradient	False	MNXM304	biotin	v3_lof_target	exact_name_in_X	True	True	True	True
N__alanine__MNXM315	N	alanine	MNXM1105732	gradient	False	MNXM315	indole-3-pyruvate	v3_gof_near	inserted_reaction_product	False	True	True	True
N__alanine__MNXM361	N	alanine	MNXM1105732	gradient	False	MNXM361	L-aspartate 4-semialdehyde	v3_gof_near	inserted_reaction_product	True	True	True	True
N__alanine__MNXM37	N	alanine	MNXM1105732	gradient	False	MNXM37	L-glutamine	v1_panel,v3_gof_target,v3_lof_target	carried,exact_name_in_X	True	True	True	True
N__alanine__MNXM405	N	alanine	MNXM1105732	gradient	False	MNXM405	5-aminolevulinate	v1_panel	carried	True	True	True	True
N__alanine__MNXM419	N	alanine	MNXM1105732	gradient	False	MNXM419	pyridoxine	v3_lof_target	exact_name_in_X	True	True	True	True
N__alanine__MNXM420	N	alanine	MNXM1105732	gradient	False	MNXM420	thymidine	v3_lof_target	exact_name_in_X	True	True	True	True
N__alanine__MNXM421	N	alanine	MNXM1105732	gradient	False	MNXM421	4-aminobenzoate	v3_gof_target	exact_name_in_X	True	True	True	True
N__alanine__MNXM5	N	alanine	MNXM1105732	gradient	False	MNXM5	NADP(+)	v3_gof_near	inserted_reaction_product	True	True	True	True
N__alanine__MNXM529	N	alanine	MNXM1105732	gradient	False	MNXM529	meso-2,6-diaminopimelate	v1_panel	carried	True	True	True	True
N__alanine__MNXM554	N	alanine	MNXM1105732	gradient	False	MNXM554	porphobilinogen	v1_panel	carried	True	True	True	True
N__alanine__MNXM555	N	alanine	MNXM1105732	gradient	False	MNXM555	quinolinate	v1_panel	carried	True	True	True	True
N__alanine__MNXM59345	N	alanine	MNXM1105732	gradient	False	MNXM59345	D-cycloserine	v3_gof_target	exact_name_in_X	False	False	False	False
N__alanine__MNXM617	N	alanine	MNXM1105732	gradient	False	MNXM617	folate	v3_lof_target	exact_name_in_X	False	False	True	True
N__alanine__MNXM704	N	alanine	MNXM1105732	gradient	False	MNXM704	2'-deoxycytidine	v3_gof_target	metanetx_xref	True	True	True	True
N__alanine__MNXM728337	N	alanine	MNXM1105732	gradient	False	MNXM728337	L-isoleucine	v3_lof_target	exact_name_in_X	True	True	True	True
N__alanine__MNXM729216	N	alanine	MNXM1105732	gradient	False	MNXM729216	N-acetylmuramate 6-phosphate	v3_gof_near	inserted_reaction_product	True	True	True	True
N__alanine__MNXM729302	N	alanine	MNXM1105732	gradient	False	MNXM729302	NH4(+)	v3_gof_near	inserted_reaction_product	True	True	True	True
N__alanine__MNXM730135	N	alanine	MNXM1105732	gradient	False	MNXM730135	thiamine	v3_lof_target	exact_name_in_X	True	True	True	True
N__alanine__MNXM731760	N	alanine	MNXM1105732	gradient	False	MNXM731760	lipid IVA (E. coli)	v1_panel	carried	True	True	True	True
N__alanine__MNXM732166	N	alanine	MNXM1105732	gradient	False	MNXM732166	UDP-N-acetyl-alpha-D-muramoyl-L-alanyl-gamma-D-glutamyl-meso-2,6-diaminopimeloyl-D-alanyl-D-alanine	v1_panel	carried	True	True	True	True
N__alanine__MNXM732487	N	alanine	MNXM1105732	gradient	False	MNXM732487	hypoxanthine	v3_lof_target	normalized_name_in_X	True	True	True	True
N__alanine__MNXM733114	N	alanine	MNXM1105732	gradient	False	MNXM733114	guanine	v3_lof_target	exact_name_in_X	True	True	True	True
N__alanine__MNXM737787	N	alanine	MNXM1105732	gradient	False	MNXM737787	L-serine	v1_panel,v3_gof_target,v3_lof_target	carried,exact_name_in_X,normalized_name_in_X	True	True	True	True
N__alanine__MNXM738068	N	alanine	MNXM1105732	gradient	False	MNXM738068	L-cysteine	v3_gof_near,v3_lof_target	exact_name_in_X,inserted_reaction_product	True	True	True	True
N__alanine__MNXM738702	N	alanine	MNXM1105732	gradient	False	MNXM738702	NADPH	v3_gof_target	exact_name_in_X	True	True	True	True
N__alanine__MNXM738804	N	alanine	MNXM1105732	gradient	False	MNXM738804	L-methionine	v1_panel,v3_gof_target,v3_lof_target	carried,exact_name_in_X,normalized_name_in_X	True	True	True	True
N__alanine__MNXM739527	N	alanine	MNXM1105732	gradient	False	MNXM739527	L-arginine	v3_gof_target,v3_lof_target	exact_name_in_X,normalized_name_in_X	True	True	True	True
N__alanine__MNXM741173	N	alanine	MNXM1105732	gradient	False	MNXM741173	L-glutamate	v1_panel,v3_gof_near	carried,inserted_reaction_product	True	True	True	True
N__alanine__MNXM741553	N	alanine	MNXM1105732	gradient	False	MNXM741553	L-tryptophan	v1_panel,v3_lof_target	carried,exact_name_in_X	True	True	True	True
N__alanine__MNXM741595	N	alanine	MNXM1105732	gradient	False	MNXM741595	S-formylglutathione	v3_gof_near	inserted_reaction_product	True	True	True	True
N__alanine__MNXM741664	N	alanine	MNXM1105732	gradient	False	MNXM741664	L-phenylalanine	v3_gof_target,v3_lof_target	exact_name_in_X	True	True	True	True
N__alanine__MNXM76	N	alanine	MNXM1105732	gradient	False	MNXM76	L-tyrosine	v3_gof_near,v3_gof_target,v3_lof_target	exact_name_in_X,inserted_reaction_product	True	True	True	True
N__alanine__MNXM78362	N	alanine	MNXM1105732	gradient	False	MNXM78362	Heme	v3_lof_target	normalized_name_in_X	False	False	True	True
N__alanine__MNXM8	N	alanine	MNXM1105732	gradient	False	MNXM8	NAD(+)	v3_gof_near	inserted_reaction_product	True	True	True	True
N__alanine__MNXM943	N	alanine	MNXM1105732	gradient	False	MNXM943	cadaverine	v3_gof_target	normalized_name_in_X	True	True	True	True
N__lysine__MNXM1101868	N	lysine	MNXM1364268	gradient	False	MNXM1101868	IMP	v1_panel,v3_gof_target	carried,exact_name_in_X	True	True	True	True
N__lysine__MNXM1104266	N	lysine	MNXM1364268	gradient	False	MNXM1104266	acetyl-CoA	v3_gof_near,v3_gof_target	exact_name_in_X,inserted_reaction_product	True	True	True	True
N__lysine__MNXM1104529	N	lysine	MNXM1364268	gradient	False	MNXM1104529	UDP-N-acetyl-alpha-D-glucosamine	v1_panel	carried	True	True	True	True
N__lysine__MNXM1104774	N	lysine	MNXM1364268	gradient	False	MNXM1104774	succinyl-CoA	v3_gof_target	exact_name_in_X	True	True	True	True
N__lysine__MNXM1104823	N	lysine	MNXM1364268	gradient	False	MNXM1104823	UMP	v1_panel	carried	True	True	True	True
N__lysine__MNXM1105732	N	lysine	MNXM1364268	gradient	False	MNXM1105732	L-alanine	v3_gof_target	exact_name_in_X,normalized_name_in_X	True	True	True	True
N__lysine__MNXM1106093	N	lysine	MNXM1364268	gradient	False	MNXM1106093	malonyl-CoA	v3_gof_near,v3_gof_target	exact_name_in_X,inserted_reaction_product	True	True	True	True
N__lysine__MNXM1106761	N	lysine	MNXM1364268	gradient	False	MNXM1106761	L-leucine	v1_panel,v3_lof_target	carried,exact_name_in_X	True	True	True	True
N__lysine__MNXM1107769	N	lysine	MNXM1364268	gradient	False	MNXM1107769	L-histidine	v1_panel,v3_lof_target	carried,exact_name_in_X	True	True	True	True
N__lysine__MNXM1107904	N	lysine	MNXM1364268	gradient	False	MNXM1107904	(S)-methylmalonyl-CoA	v3_gof_near	inserted_reaction_product	True	True	True	True
N__lysine__MNXM1108016	N	lysine	MNXM1364268	gradient	False	MNXM1108016	nicotinate beta-D-ribonucleotide	v3_gof_near	inserted_reaction_product	True	True	True	True
N__lysine__MNXM114	N	lysine	MNXM1364268	gradient	False	MNXM114	L-proline	v3_lof_target	exact_name_in_X	True	True	True	True
N__lysine__MNXM115	N	lysine	MNXM1364268	gradient	False	MNXM115	phosphatidylethanolamine	v1_panel,v3_gof_target	carried,exact_name_in_X	False	False	True	True
N__lysine__MNXM118	N	lysine	MNXM1364268	gradient	False	MNXM118	putrescine	v3_gof_target	normalized_name_in_X	True	True	True	True
N__lysine__MNXM1364019	N	lysine	MNXM1364268	gradient	False	MNXM1364019	UDP-alpha-D-glucose	v3_gof_near	inserted_reaction_product	True	True	True	True
N__lysine__MNXM1364174	N	lysine	MNXM1364268	gradient	False	MNXM1364174	N-acetyl-beta-D-glucosamine 6-phosphate	v3_gof_near	inserted_reaction_product	True	True	True	True
N__lysine__MNXM1364266	N	lysine	MNXM1364268	gradient	False	MNXM1364266	propanoyl-CoA	v3_gof_near	inserted_reaction_product	True	True	True	True
N__lysine__MNXM1364476	N	lysine	MNXM1364268	gradient	False	MNXM1364476	protoporphyrin IX	v3_lof_target	exact_name_in_X	True	True	True	True
N__lysine__MNXM1364497	N	lysine	MNXM1364268	gradient	False	MNXM1364497	L-aspartate	v1_panel,v3_gof_target	carried,exact_name_in_X	True	True	True	True
N__lysine__MNXM1365590	N	lysine	MNXM1364268	gradient	False	MNXM1365590	molybdopterin	v3_gof_near	inserted_reaction_product	True	True	True	True
N__lysine__MNXM1369302	N	lysine	MNXM1364268	gradient	False	MNXM1369302	thymine	v3_lof_target	exact_name_in_X	True	True	True	True
N__lysine__MNXM1370620	N	lysine	MNXM1364268	gradient	False	MNXM1370620	N-acetyl-L-glutamate	v3_gof_near	inserted_reaction_product	True	True	True	True
N__lysine__MNXM1371612	N	lysine	MNXM1364268	gradient	False	MNXM1371612	(R)-pantothenate	v1_panel	carried	True	True	True	True
N__lysine__MNXM142	N	lysine	MNXM1364268	gradient	False	MNXM142	L-threonine	v3_gof_near,v3_gof_target,v3_lof_target	exact_name_in_X,inserted_reaction_product	True	True	True	True
N__lysine__MNXM144	N	lysine	MNXM1364268	gradient	False	MNXM144	beta-alanine	v3_gof_target	normalized_name_in_X	True	True	True	True
N__lysine__MNXM162231	N	lysine	MNXM1364268	gradient	False	MNXM162231	NAD(P)H	v3_gof_near	inserted_reaction_product	False	False	True	True
N__lysine__MNXM163519	N	lysine	MNXM1364268	gradient	False	MNXM163519	a lipid II	v1_panel	carried	False	False	True	True
N__lysine__MNXM1812	N	lysine	MNXM1364268	gradient	False	MNXM1812	penicillin G	v3_gof_target	exact_name_in_X	False	False	False	False
N__lysine__MNXM199	N	lysine	MNXM1364268	gradient	False	MNXM199	L-valine	v3_gof_target,v3_lof_target	exact_name_in_X	True	True	True	True
N__lysine__MNXM2138	N	lysine	MNXM1364268	gradient	False	MNXM2138	N-acetyl-beta-D-glucosamine	v3_gof_target	metanetx_xref	False	False	True	True
N__lysine__MNXM270	N	lysine	MNXM1364268	gradient	False	MNXM270	riboflavin	v1_panel,v3_gof_target,v3_lof_target	carried,exact_name_in_X	True	True	True	True
N__lysine__MNXM279	N	lysine	MNXM1364268	gradient	False	MNXM279	L-dopa	v3_gof_target	normalized_name_in_X	False	False	True	True
N__lysine__MNXM304	N	lysine	MNXM1364268	gradient	False	MNXM304	biotin	v3_lof_target	exact_name_in_X	True	True	True	True
N__lysine__MNXM315	N	lysine	MNXM1364268	gradient	False	MNXM315	indole-3-pyruvate	v3_gof_near	inserted_reaction_product	False	True	True	True
N__lysine__MNXM361	N	lysine	MNXM1364268	gradient	False	MNXM361	L-aspartate 4-semialdehyde	v3_gof_near	inserted_reaction_product	True	True	True	True
N__lysine__MNXM37	N	lysine	MNXM1364268	gradient	False	MNXM37	L-glutamine	v1_panel,v3_gof_target,v3_lof_target	carried,exact_name_in_X	True	True	True	True
N__lysine__MNXM405	N	lysine	MNXM1364268	gradient	False	MNXM405	5-aminolevulinate	v1_panel	carried	True	True	True	True
N__lysine__MNXM419	N	lysine	MNXM1364268	gradient	False	MNXM419	pyridoxine	v3_lof_target	exact_name_in_X	True	True	True	True
N__lysine__MNXM420	N	lysine	MNXM1364268	gradient	False	MNXM420	thymidine	v3_lof_target	exact_name_in_X	True	True	True	True
N__lysine__MNXM421	N	lysine	MNXM1364268	gradient	False	MNXM421	4-aminobenzoate	v3_gof_target	exact_name_in_X	True	True	True	True
N__lysine__MNXM5	N	lysine	MNXM1364268	gradient	False	MNXM5	NADP(+)	v3_gof_near	inserted_reaction_product	True	True	True	True
N__lysine__MNXM529	N	lysine	MNXM1364268	gradient	False	MNXM529	meso-2,6-diaminopimelate	v1_panel	carried	True	True	True	True
N__lysine__MNXM554	N	lysine	MNXM1364268	gradient	False	MNXM554	porphobilinogen	v1_panel	carried	True	True	True	True
N__lysine__MNXM555	N	lysine	MNXM1364268	gradient	False	MNXM555	quinolinate	v1_panel	carried	True	True	True	True
N__lysine__MNXM59345	N	lysine	MNXM1364268	gradient	False	MNXM59345	D-cycloserine	v3_gof_target	exact_name_in_X	False	False	False	False
N__lysine__MNXM617	N	lysine	MNXM1364268	gradient	False	MNXM617	folate	v3_lof_target	exact_name_in_X	False	False	True	True
N__lysine__MNXM704	N	lysine	MNXM1364268	gradient	False	MNXM704	2'-deoxycytidine	v3_gof_target	metanetx_xref	True	True	True	True
N__lysine__MNXM728337	N	lysine	MNXM1364268	gradient	False	MNXM728337	L-isoleucine	v3_lof_target	exact_name_in_X	True	True	True	True
N__lysine__MNXM729216	N	lysine	MNXM1364268	gradient	False	MNXM729216	N-acetylmuramate 6-phosphate	v3_gof_near	inserted_reaction_product	True	True	True	True
N__lysine__MNXM729302	N	lysine	MNXM1364268	gradient	False	MNXM729302	NH4(+)	v3_gof_near	inserted_reaction_product	True	True	True	True
N__lysine__MNXM730135	N	lysine	MNXM1364268	gradient	False	MNXM730135	thiamine	v3_lof_target	exact_name_in_X	True	True	True	True
N__lysine__MNXM731760	N	lysine	MNXM1364268	gradient	False	MNXM731760	lipid IVA (E. coli)	v1_panel	carried	True	True	True	True
N__lysine__MNXM732166	N	lysine	MNXM1364268	gradient	False	MNXM732166	UDP-N-acetyl-alpha-D-muramoyl-L-alanyl-gamma-D-glutamyl-meso-2,6-diaminopimeloyl-D-alanyl-D-alanine	v1_panel	carried	True	True	True	True
N__lysine__MNXM732487	N	lysine	MNXM1364268	gradient	False	MNXM732487	hypoxanthine	v3_lof_target	normalized_name_in_X	True	True	True	True
N__lysine__MNXM733114	N	lysine	MNXM1364268	gradient	False	MNXM733114	guanine	v3_lof_target	exact_name_in_X	True	True	True	True
N__lysine__MNXM737787	N	lysine	MNXM1364268	gradient	False	MNXM737787	L-serine	v1_panel,v3_gof_target,v3_lof_target	carried,exact_name_in_X,normalized_name_in_X	True	True	True	True
N__lysine__MNXM738068	N	lysine	MNXM1364268	gradient	False	MNXM738068	L-cysteine	v3_gof_near,v3_lof_target	exact_name_in_X,inserted_reaction_product	True	True	True	True
N__lysine__MNXM738702	N	lysine	MNXM1364268	gradient	False	MNXM738702	NADPH	v3_gof_target	exact_name_in_X	True	True	True	True
N__lysine__MNXM738804	N	lysine	MNXM1364268	gradient	False	MNXM738804	L-methionine	v1_panel,v3_gof_target,v3_lof_target	carried,exact_name_in_X,normalized_name_in_X	True	True	True	True
N__lysine__MNXM739527	N	lysine	MNXM1364268	gradient	False	MNXM739527	L-arginine	v3_gof_target,v3_lof_target	exact_name_in_X,normalized_name_in_X	True	True	True	True
N__lysine__MNXM741173	N	lysine	MNXM1364268	gradient	False	MNXM741173	L-glutamate	v1_panel,v3_gof_near	carried,inserted_reaction_product	True	True	True	True
N__lysine__MNXM741553	N	lysine	MNXM1364268	gradient	False	MNXM741553	L-tryptophan	v1_panel,v3_lof_target	carried,exact_name_in_X	True	True	True	True
N__lysine__MNXM741595	N	lysine	MNXM1364268	gradient	False	MNXM741595	S-formylglutathione	v3_gof_near	inserted_reaction_product	True	True	True	True
N__lysine__MNXM741664	N	lysine	MNXM1364268	gradient	False	MNXM741664	L-phenylalanine	v3_gof_target,v3_lof_target	exact_name_in_X	True	True	True	True
N__lysine__MNXM76	N	lysine	MNXM1364268	gradient	False	MNXM76	L-tyrosine	v3_gof_near,v3_gof_target,v3_lof_target	exact_name_in_X,inserted_reaction_product	True	True	True	True
N__lysine__MNXM78362	N	lysine	MNXM1364268	gradient	False	MNXM78362	Heme	v3_lof_target	normalized_name_in_X	False	False	True	True
N__lysine__MNXM8	N	lysine	MNXM1364268	gradient	False	MNXM8	NAD(+)	v3_gof_near	inserted_reaction_product	True	True	True	True
N__lysine__MNXM943	N	lysine	MNXM1364268	gradient	False	MNXM943	cadaverine	v3_gof_target	normalized_name_in_X	True	True	True	True
N__ATP__MNXM1101868	N	ATP	MNXM3	hub	False	MNXM1101868	IMP	v1_panel,v3_gof_target	carried,exact_name_in_X	True	True	True	True
N__ATP__MNXM1104266	N	ATP	MNXM3	hub	False	MNXM1104266	acetyl-CoA	v3_gof_near,v3_gof_target	exact_name_in_X,inserted_reaction_product	True	True	True	True
N__ATP__MNXM1104529	N	ATP	MNXM3	hub	False	MNXM1104529	UDP-N-acetyl-alpha-D-glucosamine	v1_panel	carried	True	True	True	True
N__ATP__MNXM1104774	N	ATP	MNXM3	hub	False	MNXM1104774	succinyl-CoA	v3_gof_target	exact_name_in_X	True	True	True	True
N__ATP__MNXM1104823	N	ATP	MNXM3	hub	False	MNXM1104823	UMP	v1_panel	carried	True	True	True	True
N__ATP__MNXM1105732	N	ATP	MNXM3	hub	False	MNXM1105732	L-alanine	v3_gof_target	exact_name_in_X,normalized_name_in_X	True	True	True	True
N__ATP__MNXM1106093	N	ATP	MNXM3	hub	False	MNXM1106093	malonyl-CoA	v3_gof_near,v3_gof_target	exact_name_in_X,inserted_reaction_product	True	True	True	True
N__ATP__MNXM1106761	N	ATP	MNXM3	hub	False	MNXM1106761	L-leucine	v1_panel,v3_lof_target	carried,exact_name_in_X	True	True	True	True
N__ATP__MNXM1107769	N	ATP	MNXM3	hub	False	MNXM1107769	L-histidine	v1_panel,v3_lof_target	carried,exact_name_in_X	True	True	True	True
N__ATP__MNXM1107904	N	ATP	MNXM3	hub	False	MNXM1107904	(S)-methylmalonyl-CoA	v3_gof_near	inserted_reaction_product	True	True	True	True
N__ATP__MNXM1108016	N	ATP	MNXM3	hub	False	MNXM1108016	nicotinate beta-D-ribonucleotide	v3_gof_near	inserted_reaction_product	True	True	True	True
N__ATP__MNXM114	N	ATP	MNXM3	hub	False	MNXM114	L-proline	v3_lof_target	exact_name_in_X	True	True	True	True
N__ATP__MNXM115	N	ATP	MNXM3	hub	False	MNXM115	phosphatidylethanolamine	v1_panel,v3_gof_target	carried,exact_name_in_X	False	False	True	True
N__ATP__MNXM118	N	ATP	MNXM3	hub	False	MNXM118	putrescine	v3_gof_target	normalized_name_in_X	True	True	True	True
N__ATP__MNXM1364019	N	ATP	MNXM3	hub	False	MNXM1364019	UDP-alpha-D-glucose	v3_gof_near	inserted_reaction_product	True	True	True	True
N__ATP__MNXM1364174	N	ATP	MNXM3	hub	False	MNXM1364174	N-acetyl-beta-D-glucosamine 6-phosphate	v3_gof_near	inserted_reaction_product	True	True	True	True
N__ATP__MNXM1364266	N	ATP	MNXM3	hub	False	MNXM1364266	propanoyl-CoA	v3_gof_near	inserted_reaction_product	True	True	True	True
N__ATP__MNXM1364268	N	ATP	MNXM3	hub	False	MNXM1364268	L-lysine	v3_gof_target,v3_lof_target	exact_name_in_X	True	True	True	True
N__ATP__MNXM1364476	N	ATP	MNXM3	hub	False	MNXM1364476	protoporphyrin IX	v3_lof_target	exact_name_in_X	True	True	True	True
N__ATP__MNXM1364497	N	ATP	MNXM3	hub	False	MNXM1364497	L-aspartate	v1_panel,v3_gof_target	carried,exact_name_in_X	True	True	True	True
N__ATP__MNXM1365590	N	ATP	MNXM3	hub	False	MNXM1365590	molybdopterin	v3_gof_near	inserted_reaction_product	True	True	True	True
N__ATP__MNXM1369302	N	ATP	MNXM3	hub	False	MNXM1369302	thymine	v3_lof_target	exact_name_in_X	True	True	True	True
N__ATP__MNXM1370620	N	ATP	MNXM3	hub	False	MNXM1370620	N-acetyl-L-glutamate	v3_gof_near	inserted_reaction_product	True	True	True	True
N__ATP__MNXM1371612	N	ATP	MNXM3	hub	False	MNXM1371612	(R)-pantothenate	v1_panel	carried	True	True	True	True
N__ATP__MNXM142	N	ATP	MNXM3	hub	False	MNXM142	L-threonine	v3_gof_near,v3_gof_target,v3_lof_target	exact_name_in_X,inserted_reaction_product	True	True	True	True
N__ATP__MNXM144	N	ATP	MNXM3	hub	False	MNXM144	beta-alanine	v3_gof_target	normalized_name_in_X	True	True	True	True
N__ATP__MNXM162231	N	ATP	MNXM3	hub	False	MNXM162231	NAD(P)H	v3_gof_near	inserted_reaction_product	False	False	True	True
N__ATP__MNXM163519	N	ATP	MNXM3	hub	False	MNXM163519	a lipid II	v1_panel	carried	False	False	True	True
N__ATP__MNXM1812	N	ATP	MNXM3	hub	False	MNXM1812	penicillin G	v3_gof_target	exact_name_in_X	False	False	False	False
N__ATP__MNXM199	N	ATP	MNXM3	hub	False	MNXM199	L-valine	v3_gof_target,v3_lof_target	exact_name_in_X	True	True	True	True
N__ATP__MNXM2138	N	ATP	MNXM3	hub	False	MNXM2138	N-acetyl-beta-D-glucosamine	v3_gof_target	metanetx_xref	False	False	True	True
N__ATP__MNXM270	N	ATP	MNXM3	hub	False	MNXM270	riboflavin	v1_panel,v3_gof_target,v3_lof_target	carried,exact_name_in_X	True	True	True	True
N__ATP__MNXM279	N	ATP	MNXM3	hub	False	MNXM279	L-dopa	v3_gof_target	normalized_name_in_X	False	False	True	True
N__ATP__MNXM304	N	ATP	MNXM3	hub	False	MNXM304	biotin	v3_lof_target	exact_name_in_X	True	True	True	True
N__ATP__MNXM315	N	ATP	MNXM3	hub	False	MNXM315	indole-3-pyruvate	v3_gof_near	inserted_reaction_product	False	True	True	True
N__ATP__MNXM361	N	ATP	MNXM3	hub	False	MNXM361	L-aspartate 4-semialdehyde	v3_gof_near	inserted_reaction_product	True	True	True	True
N__ATP__MNXM37	N	ATP	MNXM3	hub	False	MNXM37	L-glutamine	v1_panel,v3_gof_target,v3_lof_target	carried,exact_name_in_X	True	True	True	True
N__ATP__MNXM405	N	ATP	MNXM3	hub	False	MNXM405	5-aminolevulinate	v1_panel	carried	True	True	True	True
N__ATP__MNXM419	N	ATP	MNXM3	hub	False	MNXM419	pyridoxine	v3_lof_target	exact_name_in_X	True	True	True	True
N__ATP__MNXM420	N	ATP	MNXM3	hub	False	MNXM420	thymidine	v3_lof_target	exact_name_in_X	True	True	True	True
N__ATP__MNXM421	N	ATP	MNXM3	hub	False	MNXM421	4-aminobenzoate	v3_gof_target	exact_name_in_X	True	True	True	True
N__ATP__MNXM5	N	ATP	MNXM3	hub	False	MNXM5	NADP(+)	v3_gof_near	inserted_reaction_product	True	True	True	True
N__ATP__MNXM529	N	ATP	MNXM3	hub	False	MNXM529	meso-2,6-diaminopimelate	v1_panel	carried	True	True	True	True
N__ATP__MNXM554	N	ATP	MNXM3	hub	False	MNXM554	porphobilinogen	v1_panel	carried	True	True	True	True
N__ATP__MNXM555	N	ATP	MNXM3	hub	False	MNXM555	quinolinate	v1_panel	carried	True	True	True	True
N__ATP__MNXM59345	N	ATP	MNXM3	hub	False	MNXM59345	D-cycloserine	v3_gof_target	exact_name_in_X	False	False	False	False
N__ATP__MNXM617	N	ATP	MNXM3	hub	False	MNXM617	folate	v3_lof_target	exact_name_in_X	False	False	True	True
N__ATP__MNXM704	N	ATP	MNXM3	hub	False	MNXM704	2'-deoxycytidine	v3_gof_target	metanetx_xref	True	True	True	True
N__ATP__MNXM728337	N	ATP	MNXM3	hub	False	MNXM728337	L-isoleucine	v3_lof_target	exact_name_in_X	True	True	True	True
N__ATP__MNXM729216	N	ATP	MNXM3	hub	False	MNXM729216	N-acetylmuramate 6-phosphate	v3_gof_near	inserted_reaction_product	True	True	True	True
N__ATP__MNXM729302	N	ATP	MNXM3	hub	False	MNXM729302	NH4(+)	v3_gof_near	inserted_reaction_product	True	True	True	True
N__ATP__MNXM730135	N	ATP	MNXM3	hub	False	MNXM730135	thiamine	v3_lof_target	exact_name_in_X	True	True	True	True
N__ATP__MNXM731760	N	ATP	MNXM3	hub	False	MNXM731760	lipid IVA (E. coli)	v1_panel	carried	True	True	True	True
N__ATP__MNXM732166	N	ATP	MNXM3	hub	False	MNXM732166	UDP-N-acetyl-alpha-D-muramoyl-L-alanyl-gamma-D-glutamyl-meso-2,6-diaminopimeloyl-D-alanyl-D-alanine	v1_panel	carried	True	True	True	True
N__ATP__MNXM732487	N	ATP	MNXM3	hub	False	MNXM732487	hypoxanthine	v3_lof_target	normalized_name_in_X	True	True	True	True
N__ATP__MNXM733114	N	ATP	MNXM3	hub	False	MNXM733114	guanine	v3_lof_target	exact_name_in_X	True	True	True	True
N__ATP__MNXM737787	N	ATP	MNXM3	hub	False	MNXM737787	L-serine	v1_panel,v3_gof_target,v3_lof_target	carried,exact_name_in_X,normalized_name_in_X	True	True	True	True
N__ATP__MNXM738068	N	ATP	MNXM3	hub	False	MNXM738068	L-cysteine	v3_gof_near,v3_lof_target	exact_name_in_X,inserted_reaction_product	True	True	True	True
N__ATP__MNXM738702	N	ATP	MNXM3	hub	False	MNXM738702	NADPH	v3_gof_target	exact_name_in_X	True	True	True	True
N__ATP__MNXM738804	N	ATP	MNXM3	hub	False	MNXM738804	L-methionine	v1_panel,v3_gof_target,v3_lof_target	carried,exact_name_in_X,normalized_name_in_X	True	True	True	True
N__ATP__MNXM739527	N	ATP	MNXM3	hub	False	MNXM739527	L-arginine	v3_gof_target,v3_lof_target	exact_name_in_X,normalized_name_in_X	True	True	True	True
N__ATP__MNXM741173	N	ATP	MNXM3	hub	False	MNXM741173	L-glutamate	v1_panel,v3_gof_near	carried,inserted_reaction_product	True	True	True	True
N__ATP__MNXM741553	N	ATP	MNXM3	hub	False	MNXM741553	L-tryptophan	v1_panel,v3_lof_target	carried,exact_name_in_X	True	True	True	True
N__ATP__MNXM741595	N	ATP	MNXM3	hub	False	MNXM741595	S-formylglutathione	v3_gof_near	inserted_reaction_product	True	True	True	True
N__ATP__MNXM741664	N	ATP	MNXM3	hub	False	MNXM741664	L-phenylalanine	v3_gof_target,v3_lof_target	exact_name_in_X	True	True	True	True
N__ATP__MNXM76	N	ATP	MNXM3	hub	False	MNXM76	L-tyrosine	v3_gof_near,v3_gof_target,v3_lof_target	exact_name_in_X,inserted_reaction_product	True	True	True	True
N__ATP__MNXM78362	N	ATP	MNXM3	hub	False	MNXM78362	Heme	v3_lof_target	normalized_name_in_X	False	False	True	True
N__ATP__MNXM8	N	ATP	MNXM3	hub	False	MNXM8	NAD(+)	v3_gof_near	inserted_reaction_product	True	True	True	True
N__ATP__MNXM943	N	ATP	MNXM3	hub	False	MNXM943	cadaverine	v3_gof_target	normalized_name_in_X	True	True	True	True
N__AcCoA__MNXM1101868	N	AcCoA	MNXM1104266	carrier	True	MNXM1101868	IMP	v1_panel,v3_gof_target	carried,exact_name_in_X	True	True	True	True
N__AcCoA__MNXM1104529	N	AcCoA	MNXM1104266	carrier	True	MNXM1104529	UDP-N-acetyl-alpha-D-glucosamine	v1_panel	carried	True	True	True	True
N__AcCoA__MNXM1104774	N	AcCoA	MNXM1104266	carrier	True	MNXM1104774	succinyl-CoA	v3_gof_target	exact_name_in_X	True	True	True	True
N__AcCoA__MNXM1104823	N	AcCoA	MNXM1104266	carrier	True	MNXM1104823	UMP	v1_panel	carried	True	True	True	True
N__AcCoA__MNXM1105732	N	AcCoA	MNXM1104266	carrier	True	MNXM1105732	L-alanine	v3_gof_target	exact_name_in_X,normalized_name_in_X	True	True	True	True
N__AcCoA__MNXM1106093	N	AcCoA	MNXM1104266	carrier	True	MNXM1106093	malonyl-CoA	v3_gof_near,v3_gof_target	exact_name_in_X,inserted_reaction_product	True	True	True	True
N__AcCoA__MNXM1106761	N	AcCoA	MNXM1104266	carrier	True	MNXM1106761	L-leucine	v1_panel,v3_lof_target	carried,exact_name_in_X	True	True	True	True
N__AcCoA__MNXM1107769	N	AcCoA	MNXM1104266	carrier	True	MNXM1107769	L-histidine	v1_panel,v3_lof_target	carried,exact_name_in_X	True	True	True	True
N__AcCoA__MNXM1107904	N	AcCoA	MNXM1104266	carrier	True	MNXM1107904	(S)-methylmalonyl-CoA	v3_gof_near	inserted_reaction_product	True	True	True	True
N__AcCoA__MNXM1108016	N	AcCoA	MNXM1104266	carrier	True	MNXM1108016	nicotinate beta-D-ribonucleotide	v3_gof_near	inserted_reaction_product	True	True	True	True
N__AcCoA__MNXM114	N	AcCoA	MNXM1104266	carrier	True	MNXM114	L-proline	v3_lof_target	exact_name_in_X	True	True	True	True
N__AcCoA__MNXM115	N	AcCoA	MNXM1104266	carrier	True	MNXM115	phosphatidylethanolamine	v1_panel,v3_gof_target	carried,exact_name_in_X	False	False	True	True
N__AcCoA__MNXM118	N	AcCoA	MNXM1104266	carrier	True	MNXM118	putrescine	v3_gof_target	normalized_name_in_X	True	True	True	True
N__AcCoA__MNXM1364019	N	AcCoA	MNXM1104266	carrier	True	MNXM1364019	UDP-alpha-D-glucose	v3_gof_near	inserted_reaction_product	True	True	True	True
N__AcCoA__MNXM1364174	N	AcCoA	MNXM1104266	carrier	True	MNXM1364174	N-acetyl-beta-D-glucosamine 6-phosphate	v3_gof_near	inserted_reaction_product	True	True	True	True
N__AcCoA__MNXM1364266	N	AcCoA	MNXM1104266	carrier	True	MNXM1364266	propanoyl-CoA	v3_gof_near	inserted_reaction_product	True	True	True	True
N__AcCoA__MNXM1364268	N	AcCoA	MNXM1104266	carrier	True	MNXM1364268	L-lysine	v3_gof_target,v3_lof_target	exact_name_in_X	True	True	True	True
N__AcCoA__MNXM1364476	N	AcCoA	MNXM1104266	carrier	True	MNXM1364476	protoporphyrin IX	v3_lof_target	exact_name_in_X	True	True	True	True
N__AcCoA__MNXM1364497	N	AcCoA	MNXM1104266	carrier	True	MNXM1364497	L-aspartate	v1_panel,v3_gof_target	carried,exact_name_in_X	True	True	True	True
N__AcCoA__MNXM1365590	N	AcCoA	MNXM1104266	carrier	True	MNXM1365590	molybdopterin	v3_gof_near	inserted_reaction_product	True	True	True	True
N__AcCoA__MNXM1369302	N	AcCoA	MNXM1104266	carrier	True	MNXM1369302	thymine	v3_lof_target	exact_name_in_X	True	True	True	True
N__AcCoA__MNXM1370620	N	AcCoA	MNXM1104266	carrier	True	MNXM1370620	N-acetyl-L-glutamate	v3_gof_near	inserted_reaction_product	True	True	True	True
N__AcCoA__MNXM1371612	N	AcCoA	MNXM1104266	carrier	True	MNXM1371612	(R)-pantothenate	v1_panel	carried	True	True	True	True
N__AcCoA__MNXM142	N	AcCoA	MNXM1104266	carrier	True	MNXM142	L-threonine	v3_gof_near,v3_gof_target,v3_lof_target	exact_name_in_X,inserted_reaction_product	True	True	True	True
N__AcCoA__MNXM144	N	AcCoA	MNXM1104266	carrier	True	MNXM144	beta-alanine	v3_gof_target	normalized_name_in_X	True	True	True	True
N__AcCoA__MNXM162231	N	AcCoA	MNXM1104266	carrier	True	MNXM162231	NAD(P)H	v3_gof_near	inserted_reaction_product	False	False	True	True
N__AcCoA__MNXM163519	N	AcCoA	MNXM1104266	carrier	True	MNXM163519	a lipid II	v1_panel	carried	False	False	True	True
N__AcCoA__MNXM1812	N	AcCoA	MNXM1104266	carrier	True	MNXM1812	penicillin G	v3_gof_target	exact_name_in_X	False	False	False	False
N__AcCoA__MNXM199	N	AcCoA	MNXM1104266	carrier	True	MNXM199	L-valine	v3_gof_target,v3_lof_target	exact_name_in_X	True	True	True	True
N__AcCoA__MNXM2138	N	AcCoA	MNXM1104266	carrier	True	MNXM2138	N-acetyl-beta-D-glucosamine	v3_gof_target	metanetx_xref	False	False	True	True
N__AcCoA__MNXM270	N	AcCoA	MNXM1104266	carrier	True	MNXM270	riboflavin	v1_panel,v3_gof_target,v3_lof_target	carried,exact_name_in_X	True	True	True	True
N__AcCoA__MNXM279	N	AcCoA	MNXM1104266	carrier	True	MNXM279	L-dopa	v3_gof_target	normalized_name_in_X	False	False	True	True
N__AcCoA__MNXM304	N	AcCoA	MNXM1104266	carrier	True	MNXM304	biotin	v3_lof_target	exact_name_in_X	True	True	True	True
N__AcCoA__MNXM315	N	AcCoA	MNXM1104266	carrier	True	MNXM315	indole-3-pyruvate	v3_gof_near	inserted_reaction_product	False	True	True	True
N__AcCoA__MNXM361	N	AcCoA	MNXM1104266	carrier	True	MNXM361	L-aspartate 4-semialdehyde	v3_gof_near	inserted_reaction_product	True	True	True	True
N__AcCoA__MNXM37	N	AcCoA	MNXM1104266	carrier	True	MNXM37	L-glutamine	v1_panel,v3_gof_target,v3_lof_target	carried,exact_name_in_X	True	True	True	True
N__AcCoA__MNXM405	N	AcCoA	MNXM1104266	carrier	True	MNXM405	5-aminolevulinate	v1_panel	carried	True	True	True	True
N__AcCoA__MNXM419	N	AcCoA	MNXM1104266	carrier	True	MNXM419	pyridoxine	v3_lof_target	exact_name_in_X	True	True	True	True
N__AcCoA__MNXM420	N	AcCoA	MNXM1104266	carrier	True	MNXM420	thymidine	v3_lof_target	exact_name_in_X	True	True	True	True
N__AcCoA__MNXM421	N	AcCoA	MNXM1104266	carrier	True	MNXM421	4-aminobenzoate	v3_gof_target	exact_name_in_X	True	True	True	True
N__AcCoA__MNXM5	N	AcCoA	MNXM1104266	carrier	True	MNXM5	NADP(+)	v3_gof_near	inserted_reaction_product	True	True	True	True
N__AcCoA__MNXM529	N	AcCoA	MNXM1104266	carrier	True	MNXM529	meso-2,6-diaminopimelate	v1_panel	carried	True	True	True	True
N__AcCoA__MNXM554	N	AcCoA	MNXM1104266	carrier	True	MNXM554	porphobilinogen	v1_panel	carried	True	True	True	True
N__AcCoA__MNXM555	N	AcCoA	MNXM1104266	carrier	True	MNXM555	quinolinate	v1_panel	carried	True	True	True	True
N__AcCoA__MNXM59345	N	AcCoA	MNXM1104266	carrier	True	MNXM59345	D-cycloserine	v3_gof_target	exact_name_in_X	False	False	False	False
N__AcCoA__MNXM617	N	AcCoA	MNXM1104266	carrier	True	MNXM617	folate	v3_lof_target	exact_name_in_X	False	False	True	True
N__AcCoA__MNXM704	N	AcCoA	MNXM1104266	carrier	True	MNXM704	2'-deoxycytidine	v3_gof_target	metanetx_xref	True	True	True	True
N__AcCoA__MNXM728337	N	AcCoA	MNXM1104266	carrier	True	MNXM728337	L-isoleucine	v3_lof_target	exact_name_in_X	True	True	True	True
N__AcCoA__MNXM729216	N	AcCoA	MNXM1104266	carrier	True	MNXM729216	N-acetylmuramate 6-phosphate	v3_gof_near	inserted_reaction_product	True	True	True	True
N__AcCoA__MNXM729302	N	AcCoA	MNXM1104266	carrier	True	MNXM729302	NH4(+)	v3_gof_near	inserted_reaction_product	True	True	True	True
N__AcCoA__MNXM730135	N	AcCoA	MNXM1104266	carrier	True	MNXM730135	thiamine	v3_lof_target	exact_name_in_X	True	True	True	True
N__AcCoA__MNXM731760	N	AcCoA	MNXM1104266	carrier	True	MNXM731760	lipid IVA (E. coli)	v1_panel	carried	True	True	True	True
N__AcCoA__MNXM732166	N	AcCoA	MNXM1104266	carrier	True	MNXM732166	UDP-N-acetyl-alpha-D-muramoyl-L-alanyl-gamma-D-glutamyl-meso-2,6-diaminopimeloyl-D-alanyl-D-alanine	v1_panel	carried	True	True	True	True
N__AcCoA__MNXM732487	N	AcCoA	MNXM1104266	carrier	True	MNXM732487	hypoxanthine	v3_lof_target	normalized_name_in_X	True	True	True	True
N__AcCoA__MNXM733114	N	AcCoA	MNXM1104266	carrier	True	MNXM733114	guanine	v3_lof_target	exact_name_in_X	True	True	True	True
N__AcCoA__MNXM737787	N	AcCoA	MNXM1104266	carrier	True	MNXM737787	L-serine	v1_panel,v3_gof_target,v3_lof_target	carried,exact_name_in_X,normalized_name_in_X	True	True	True	True
N__AcCoA__MNXM738068	N	AcCoA	MNXM1104266	carrier	True	MNXM738068	L-cysteine	v3_gof_near,v3_lof_target	exact_name_in_X,inserted_reaction_product	True	True	True	True
N__AcCoA__MNXM738702	N	AcCoA	MNXM1104266	carrier	True	MNXM738702	NADPH	v3_gof_target	exact_name_in_X	True	True	True	True
N__AcCoA__MNXM738804	N	AcCoA	MNXM1104266	carrier	True	MNXM738804	L-methionine	v1_panel,v3_gof_target,v3_lof_target	carried,exact_name_in_X,normalized_name_in_X	True	True	True	True
N__AcCoA__MNXM739527	N	AcCoA	MNXM1104266	carrier	True	MNXM739527	L-arginine	v3_gof_target,v3_lof_target	exact_name_in_X,normalized_name_in_X	True	True	True	True
N__AcCoA__MNXM741173	N	AcCoA	MNXM1104266	carrier	True	MNXM741173	L-glutamate	v1_panel,v3_gof_near	carried,inserted_reaction_product	True	True	True	True
N__AcCoA__MNXM741553	N	AcCoA	MNXM1104266	carrier	True	MNXM741553	L-tryptophan	v1_panel,v3_lof_target	carried,exact_name_in_X	True	True	True	True
N__AcCoA__MNXM741595	N	AcCoA	MNXM1104266	carrier	True	MNXM741595	S-formylglutathione	v3_gof_near	inserted_reaction_product	True	True	True	True
N__AcCoA__MNXM741664	N	AcCoA	MNXM1104266	carrier	True	MNXM741664	L-phenylalanine	v3_gof_target,v3_lof_target	exact_name_in_X	True	True	True	True
N__AcCoA__MNXM76	N	AcCoA	MNXM1104266	carrier	True	MNXM76	L-tyrosine	v3_gof_near,v3_gof_target,v3_lof_target	exact_name_in_X,inserted_reaction_product	True	True	True	True
N__AcCoA__MNXM78362	N	AcCoA	MNXM1104266	carrier	True	MNXM78362	Heme	v3_lof_target	normalized_name_in_X	False	False	True	True
N__AcCoA__MNXM8	N	AcCoA	MNXM1104266	carrier	True	MNXM8	NAD(+)	v3_gof_near	inserted_reaction_product	True	True	True	True
N__AcCoA__MNXM943	N	AcCoA	MNXM1104266	carrier	True	MNXM943	cadaverine	v3_gof_target	normalized_name_in_X	True	True	True	True
N__succCoA__MNXM1101868	N	succCoA	MNXM1104774	carrier	True	MNXM1101868	IMP	v1_panel,v3_gof_target	carried,exact_name_in_X	True	True	True	True
N__succCoA__MNXM1104266	N	succCoA	MNXM1104774	carrier	True	MNXM1104266	acetyl-CoA	v3_gof_near,v3_gof_target	exact_name_in_X,inserted_reaction_product	True	True	True	True
N__succCoA__MNXM1104529	N	succCoA	MNXM1104774	carrier	True	MNXM1104529	UDP-N-acetyl-alpha-D-glucosamine	v1_panel	carried	True	True	True	True
N__succCoA__MNXM1104823	N	succCoA	MNXM1104774	carrier	True	MNXM1104823	UMP	v1_panel	carried	True	True	True	True
N__succCoA__MNXM1105732	N	succCoA	MNXM1104774	carrier	True	MNXM1105732	L-alanine	v3_gof_target	exact_name_in_X,normalized_name_in_X	True	True	True	True
N__succCoA__MNXM1106093	N	succCoA	MNXM1104774	carrier	True	MNXM1106093	malonyl-CoA	v3_gof_near,v3_gof_target	exact_name_in_X,inserted_reaction_product	True	True	True	True
N__succCoA__MNXM1106761	N	succCoA	MNXM1104774	carrier	True	MNXM1106761	L-leucine	v1_panel,v3_lof_target	carried,exact_name_in_X	True	True	True	True
N__succCoA__MNXM1107769	N	succCoA	MNXM1104774	carrier	True	MNXM1107769	L-histidine	v1_panel,v3_lof_target	carried,exact_name_in_X	True	True	True	True
N__succCoA__MNXM1107904	N	succCoA	MNXM1104774	carrier	True	MNXM1107904	(S)-methylmalonyl-CoA	v3_gof_near	inserted_reaction_product	True	True	True	True
N__succCoA__MNXM1108016	N	succCoA	MNXM1104774	carrier	True	MNXM1108016	nicotinate beta-D-ribonucleotide	v3_gof_near	inserted_reaction_product	True	True	True	True
N__succCoA__MNXM114	N	succCoA	MNXM1104774	carrier	True	MNXM114	L-proline	v3_lof_target	exact_name_in_X	True	True	True	True
N__succCoA__MNXM115	N	succCoA	MNXM1104774	carrier	True	MNXM115	phosphatidylethanolamine	v1_panel,v3_gof_target	carried,exact_name_in_X	False	False	True	True
N__succCoA__MNXM118	N	succCoA	MNXM1104774	carrier	True	MNXM118	putrescine	v3_gof_target	normalized_name_in_X	True	True	True	True
N__succCoA__MNXM1364019	N	succCoA	MNXM1104774	carrier	True	MNXM1364019	UDP-alpha-D-glucose	v3_gof_near	inserted_reaction_product	True	True	True	True
N__succCoA__MNXM1364174	N	succCoA	MNXM1104774	carrier	True	MNXM1364174	N-acetyl-beta-D-glucosamine 6-phosphate	v3_gof_near	inserted_reaction_product	True	True	True	True
N__succCoA__MNXM1364266	N	succCoA	MNXM1104774	carrier	True	MNXM1364266	propanoyl-CoA	v3_gof_near	inserted_reaction_product	True	True	True	True
N__succCoA__MNXM1364268	N	succCoA	MNXM1104774	carrier	True	MNXM1364268	L-lysine	v3_gof_target,v3_lof_target	exact_name_in_X	True	True	True	True
N__succCoA__MNXM1364476	N	succCoA	MNXM1104774	carrier	True	MNXM1364476	protoporphyrin IX	v3_lof_target	exact_name_in_X	True	True	True	True
N__succCoA__MNXM1364497	N	succCoA	MNXM1104774	carrier	True	MNXM1364497	L-aspartate	v1_panel,v3_gof_target	carried,exact_name_in_X	True	True	True	True
N__succCoA__MNXM1365590	N	succCoA	MNXM1104774	carrier	True	MNXM1365590	molybdopterin	v3_gof_near	inserted_reaction_product	True	True	True	True
N__succCoA__MNXM1369302	N	succCoA	MNXM1104774	carrier	True	MNXM1369302	thymine	v3_lof_target	exact_name_in_X	True	True	True	True
N__succCoA__MNXM1370620	N	succCoA	MNXM1104774	carrier	True	MNXM1370620	N-acetyl-L-glutamate	v3_gof_near	inserted_reaction_product	True	True	True	True
N__succCoA__MNXM1371612	N	succCoA	MNXM1104774	carrier	True	MNXM1371612	(R)-pantothenate	v1_panel	carried	True	True	True	True
N__succCoA__MNXM142	N	succCoA	MNXM1104774	carrier	True	MNXM142	L-threonine	v3_gof_near,v3_gof_target,v3_lof_target	exact_name_in_X,inserted_reaction_product	True	True	True	True
N__succCoA__MNXM144	N	succCoA	MNXM1104774	carrier	True	MNXM144	beta-alanine	v3_gof_target	normalized_name_in_X	True	True	True	True
N__succCoA__MNXM162231	N	succCoA	MNXM1104774	carrier	True	MNXM162231	NAD(P)H	v3_gof_near	inserted_reaction_product	False	False	True	True
N__succCoA__MNXM163519	N	succCoA	MNXM1104774	carrier	True	MNXM163519	a lipid II	v1_panel	carried	False	False	True	True
N__succCoA__MNXM1812	N	succCoA	MNXM1104774	carrier	True	MNXM1812	penicillin G	v3_gof_target	exact_name_in_X	False	False	False	False
N__succCoA__MNXM199	N	succCoA	MNXM1104774	carrier	True	MNXM199	L-valine	v3_gof_target,v3_lof_target	exact_name_in_X	True	True	True	True
N__succCoA__MNXM2138	N	succCoA	MNXM1104774	carrier	True	MNXM2138	N-acetyl-beta-D-glucosamine	v3_gof_target	metanetx_xref	False	False	True	True
N__succCoA__MNXM270	N	succCoA	MNXM1104774	carrier	True	MNXM270	riboflavin	v1_panel,v3_gof_target,v3_lof_target	carried,exact_name_in_X	True	True	True	True
N__succCoA__MNXM279	N	succCoA	MNXM1104774	carrier	True	MNXM279	L-dopa	v3_gof_target	normalized_name_in_X	False	False	True	True
N__succCoA__MNXM304	N	succCoA	MNXM1104774	carrier	True	MNXM304	biotin	v3_lof_target	exact_name_in_X	True	True	True	True
N__succCoA__MNXM315	N	succCoA	MNXM1104774	carrier	True	MNXM315	indole-3-pyruvate	v3_gof_near	inserted_reaction_product	False	True	True	True
N__succCoA__MNXM361	N	succCoA	MNXM1104774	carrier	True	MNXM361	L-aspartate 4-semialdehyde	v3_gof_near	inserted_reaction_product	True	True	True	True
N__succCoA__MNXM37	N	succCoA	MNXM1104774	carrier	True	MNXM37	L-glutamine	v1_panel,v3_gof_target,v3_lof_target	carried,exact_name_in_X	True	True	True	True
N__succCoA__MNXM405	N	succCoA	MNXM1104774	carrier	True	MNXM405	5-aminolevulinate	v1_panel	carried	True	True	True	True
N__succCoA__MNXM419	N	succCoA	MNXM1104774	carrier	True	MNXM419	pyridoxine	v3_lof_target	exact_name_in_X	True	True	True	True
N__succCoA__MNXM420	N	succCoA	MNXM1104774	carrier	True	MNXM420	thymidine	v3_lof_target	exact_name_in_X	True	True	True	True
N__succCoA__MNXM421	N	succCoA	MNXM1104774	carrier	True	MNXM421	4-aminobenzoate	v3_gof_target	exact_name_in_X	True	True	True	True
N__succCoA__MNXM5	N	succCoA	MNXM1104774	carrier	True	MNXM5	NADP(+)	v3_gof_near	inserted_reaction_product	True	True	True	True
N__succCoA__MNXM529	N	succCoA	MNXM1104774	carrier	True	MNXM529	meso-2,6-diaminopimelate	v1_panel	carried	True	True	True	True
N__succCoA__MNXM554	N	succCoA	MNXM1104774	carrier	True	MNXM554	porphobilinogen	v1_panel	carried	True	True	True	True
N__succCoA__MNXM555	N	succCoA	MNXM1104774	carrier	True	MNXM555	quinolinate	v1_panel	carried	True	True	True	True
N__succCoA__MNXM59345	N	succCoA	MNXM1104774	carrier	True	MNXM59345	D-cycloserine	v3_gof_target	exact_name_in_X	False	False	False	False
N__succCoA__MNXM617	N	succCoA	MNXM1104774	carrier	True	MNXM617	folate	v3_lof_target	exact_name_in_X	False	False	True	True
N__succCoA__MNXM704	N	succCoA	MNXM1104774	carrier	True	MNXM704	2'-deoxycytidine	v3_gof_target	metanetx_xref	True	True	True	True
N__succCoA__MNXM728337	N	succCoA	MNXM1104774	carrier	True	MNXM728337	L-isoleucine	v3_lof_target	exact_name_in_X	True	True	True	True
N__succCoA__MNXM729216	N	succCoA	MNXM1104774	carrier	True	MNXM729216	N-acetylmuramate 6-phosphate	v3_gof_near	inserted_reaction_product	True	True	True	True
N__succCoA__MNXM729302	N	succCoA	MNXM1104774	carrier	True	MNXM729302	NH4(+)	v3_gof_near	inserted_reaction_product	True	True	True	True
N__succCoA__MNXM730135	N	succCoA	MNXM1104774	carrier	True	MNXM730135	thiamine	v3_lof_target	exact_name_in_X	True	True	True	True
N__succCoA__MNXM731760	N	succCoA	MNXM1104774	carrier	True	MNXM731760	lipid IVA (E. coli)	v1_panel	carried	True	True	True	True
N__succCoA__MNXM732166	N	succCoA	MNXM1104774	carrier	True	MNXM732166	UDP-N-acetyl-alpha-D-muramoyl-L-alanyl-gamma-D-glutamyl-meso-2,6-diaminopimeloyl-D-alanyl-D-alanine	v1_panel	carried	True	True	True	True
N__succCoA__MNXM732487	N	succCoA	MNXM1104774	carrier	True	MNXM732487	hypoxanthine	v3_lof_target	normalized_name_in_X	True	True	True	True
N__succCoA__MNXM733114	N	succCoA	MNXM1104774	carrier	True	MNXM733114	guanine	v3_lof_target	exact_name_in_X	True	True	True	True
N__succCoA__MNXM737787	N	succCoA	MNXM1104774	carrier	True	MNXM737787	L-serine	v1_panel,v3_gof_target,v3_lof_target	carried,exact_name_in_X,normalized_name_in_X	True	True	True	True
N__succCoA__MNXM738068	N	succCoA	MNXM1104774	carrier	True	MNXM738068	L-cysteine	v3_gof_near,v3_lof_target	exact_name_in_X,inserted_reaction_product	True	True	True	True
N__succCoA__MNXM738702	N	succCoA	MNXM1104774	carrier	True	MNXM738702	NADPH	v3_gof_target	exact_name_in_X	True	True	True	True
N__succCoA__MNXM738804	N	succCoA	MNXM1104774	carrier	True	MNXM738804	L-methionine	v1_panel,v3_gof_target,v3_lof_target	carried,exact_name_in_X,normalized_name_in_X	True	True	True	True
N__succCoA__MNXM739527	N	succCoA	MNXM1104774	carrier	True	MNXM739527	L-arginine	v3_gof_target,v3_lof_target	exact_name_in_X,normalized_name_in_X	True	True	True	True
N__succCoA__MNXM741173	N	succCoA	MNXM1104774	carrier	True	MNXM741173	L-glutamate	v1_panel,v3_gof_near	carried,inserted_reaction_product	True	True	True	True
N__succCoA__MNXM741553	N	succCoA	MNXM1104774	carrier	True	MNXM741553	L-tryptophan	v1_panel,v3_lof_target	carried,exact_name_in_X	True	True	True	True
N__succCoA__MNXM741595	N	succCoA	MNXM1104774	carrier	True	MNXM741595	S-formylglutathione	v3_gof_near	inserted_reaction_product	True	True	True	True
N__succCoA__MNXM741664	N	succCoA	MNXM1104774	carrier	True	MNXM741664	L-phenylalanine	v3_gof_target,v3_lof_target	exact_name_in_X	True	True	True	True
N__succCoA__MNXM76	N	succCoA	MNXM1104774	carrier	True	MNXM76	L-tyrosine	v3_gof_near,v3_gof_target,v3_lof_target	exact_name_in_X,inserted_reaction_product	True	True	True	True
N__succCoA__MNXM78362	N	succCoA	MNXM1104774	carrier	True	MNXM78362	Heme	v3_lof_target	normalized_name_in_X	False	False	True	True
N__succCoA__MNXM8	N	succCoA	MNXM1104774	carrier	True	MNXM8	NAD(+)	v3_gof_near	inserted_reaction_product	True	True	True	True
N__succCoA__MNXM943	N	succCoA	MNXM1104774	carrier	True	MNXM943	cadaverine	v3_gof_target	normalized_name_in_X	True	True	True	True
N__CoA__MNXM1101868	N	CoA	MNXM727276	carrier	True	MNXM1101868	IMP	v1_panel,v3_gof_target	carried,exact_name_in_X	True	True	True	True
N__CoA__MNXM1104266	N	CoA	MNXM727276	carrier	True	MNXM1104266	acetyl-CoA	v3_gof_near,v3_gof_target	exact_name_in_X,inserted_reaction_product	True	True	True	True
N__CoA__MNXM1104529	N	CoA	MNXM727276	carrier	True	MNXM1104529	UDP-N-acetyl-alpha-D-glucosamine	v1_panel	carried	True	True	True	True
N__CoA__MNXM1104774	N	CoA	MNXM727276	carrier	True	MNXM1104774	succinyl-CoA	v3_gof_target	exact_name_in_X	True	True	True	True
N__CoA__MNXM1104823	N	CoA	MNXM727276	carrier	True	MNXM1104823	UMP	v1_panel	carried	True	True	True	True
N__CoA__MNXM1105732	N	CoA	MNXM727276	carrier	True	MNXM1105732	L-alanine	v3_gof_target	exact_name_in_X,normalized_name_in_X	True	True	True	True
N__CoA__MNXM1106093	N	CoA	MNXM727276	carrier	True	MNXM1106093	malonyl-CoA	v3_gof_near,v3_gof_target	exact_name_in_X,inserted_reaction_product	True	True	True	True
N__CoA__MNXM1106761	N	CoA	MNXM727276	carrier	True	MNXM1106761	L-leucine	v1_panel,v3_lof_target	carried,exact_name_in_X	True	True	True	True
N__CoA__MNXM1107769	N	CoA	MNXM727276	carrier	True	MNXM1107769	L-histidine	v1_panel,v3_lof_target	carried,exact_name_in_X	True	True	True	True
N__CoA__MNXM1107904	N	CoA	MNXM727276	carrier	True	MNXM1107904	(S)-methylmalonyl-CoA	v3_gof_near	inserted_reaction_product	True	True	True	True
N__CoA__MNXM1108016	N	CoA	MNXM727276	carrier	True	MNXM1108016	nicotinate beta-D-ribonucleotide	v3_gof_near	inserted_reaction_product	True	True	True	True
N__CoA__MNXM114	N	CoA	MNXM727276	carrier	True	MNXM114	L-proline	v3_lof_target	exact_name_in_X	True	True	True	True
N__CoA__MNXM115	N	CoA	MNXM727276	carrier	True	MNXM115	phosphatidylethanolamine	v1_panel,v3_gof_target	carried,exact_name_in_X	False	False	True	True
N__CoA__MNXM118	N	CoA	MNXM727276	carrier	True	MNXM118	putrescine	v3_gof_target	normalized_name_in_X	True	True	True	True
N__CoA__MNXM1364019	N	CoA	MNXM727276	carrier	True	MNXM1364019	UDP-alpha-D-glucose	v3_gof_near	inserted_reaction_product	True	True	True	True
N__CoA__MNXM1364174	N	CoA	MNXM727276	carrier	True	MNXM1364174	N-acetyl-beta-D-glucosamine 6-phosphate	v3_gof_near	inserted_reaction_product	True	True	True	True
N__CoA__MNXM1364266	N	CoA	MNXM727276	carrier	True	MNXM1364266	propanoyl-CoA	v3_gof_near	inserted_reaction_product	True	True	True	True
N__CoA__MNXM1364268	N	CoA	MNXM727276	carrier	True	MNXM1364268	L-lysine	v3_gof_target,v3_lof_target	exact_name_in_X	True	True	True	True
N__CoA__MNXM1364476	N	CoA	MNXM727276	carrier	True	MNXM1364476	protoporphyrin IX	v3_lof_target	exact_name_in_X	True	True	True	True
N__CoA__MNXM1364497	N	CoA	MNXM727276	carrier	True	MNXM1364497	L-aspartate	v1_panel,v3_gof_target	carried,exact_name_in_X	True	True	True	True
N__CoA__MNXM1365590	N	CoA	MNXM727276	carrier	True	MNXM1365590	molybdopterin	v3_gof_near	inserted_reaction_product	True	True	True	True
N__CoA__MNXM1369302	N	CoA	MNXM727276	carrier	True	MNXM1369302	thymine	v3_lof_target	exact_name_in_X	True	True	True	True
N__CoA__MNXM1370620	N	CoA	MNXM727276	carrier	True	MNXM1370620	N-acetyl-L-glutamate	v3_gof_near	inserted_reaction_product	True	True	True	True
N__CoA__MNXM1371612	N	CoA	MNXM727276	carrier	True	MNXM1371612	(R)-pantothenate	v1_panel	carried	True	True	True	True
N__CoA__MNXM142	N	CoA	MNXM727276	carrier	True	MNXM142	L-threonine	v3_gof_near,v3_gof_target,v3_lof_target	exact_name_in_X,inserted_reaction_product	True	True	True	True
N__CoA__MNXM144	N	CoA	MNXM727276	carrier	True	MNXM144	beta-alanine	v3_gof_target	normalized_name_in_X	True	True	True	True
N__CoA__MNXM162231	N	CoA	MNXM727276	carrier	True	MNXM162231	NAD(P)H	v3_gof_near	inserted_reaction_product	False	False	True	True
N__CoA__MNXM163519	N	CoA	MNXM727276	carrier	True	MNXM163519	a lipid II	v1_panel	carried	False	False	True	True
N__CoA__MNXM1812	N	CoA	MNXM727276	carrier	True	MNXM1812	penicillin G	v3_gof_target	exact_name_in_X	False	False	False	False
N__CoA__MNXM199	N	CoA	MNXM727276	carrier	True	MNXM199	L-valine	v3_gof_target,v3_lof_target	exact_name_in_X	True	True	True	True
N__CoA__MNXM2138	N	CoA	MNXM727276	carrier	True	MNXM2138	N-acetyl-beta-D-glucosamine	v3_gof_target	metanetx_xref	False	False	True	True
N__CoA__MNXM270	N	CoA	MNXM727276	carrier	True	MNXM270	riboflavin	v1_panel,v3_gof_target,v3_lof_target	carried,exact_name_in_X	True	True	True	True
N__CoA__MNXM279	N	CoA	MNXM727276	carrier	True	MNXM279	L-dopa	v3_gof_target	normalized_name_in_X	False	False	True	True
N__CoA__MNXM304	N	CoA	MNXM727276	carrier	True	MNXM304	biotin	v3_lof_target	exact_name_in_X	True	True	True	True
N__CoA__MNXM315	N	CoA	MNXM727276	carrier	True	MNXM315	indole-3-pyruvate	v3_gof_near	inserted_reaction_product	False	True	True	True
N__CoA__MNXM361	N	CoA	MNXM727276	carrier	True	MNXM361	L-aspartate 4-semialdehyde	v3_gof_near	inserted_reaction_product	True	True	True	True
N__CoA__MNXM37	N	CoA	MNXM727276	carrier	True	MNXM37	L-glutamine	v1_panel,v3_gof_target,v3_lof_target	carried,exact_name_in_X	True	True	True	True
N__CoA__MNXM405	N	CoA	MNXM727276	carrier	True	MNXM405	5-aminolevulinate	v1_panel	carried	True	True	True	True
N__CoA__MNXM419	N	CoA	MNXM727276	carrier	True	MNXM419	pyridoxine	v3_lof_target	exact_name_in_X	True	True	True	True
N__CoA__MNXM420	N	CoA	MNXM727276	carrier	True	MNXM420	thymidine	v3_lof_target	exact_name_in_X	True	True	True	True
N__CoA__MNXM421	N	CoA	MNXM727276	carrier	True	MNXM421	4-aminobenzoate	v3_gof_target	exact_name_in_X	True	True	True	True
N__CoA__MNXM5	N	CoA	MNXM727276	carrier	True	MNXM5	NADP(+)	v3_gof_near	inserted_reaction_product	True	True	True	True
N__CoA__MNXM529	N	CoA	MNXM727276	carrier	True	MNXM529	meso-2,6-diaminopimelate	v1_panel	carried	True	True	True	True
N__CoA__MNXM554	N	CoA	MNXM727276	carrier	True	MNXM554	porphobilinogen	v1_panel	carried	True	True	True	True
N__CoA__MNXM555	N	CoA	MNXM727276	carrier	True	MNXM555	quinolinate	v1_panel	carried	True	True	True	True
N__CoA__MNXM59345	N	CoA	MNXM727276	carrier	True	MNXM59345	D-cycloserine	v3_gof_target	exact_name_in_X	False	False	False	False
N__CoA__MNXM617	N	CoA	MNXM727276	carrier	True	MNXM617	folate	v3_lof_target	exact_name_in_X	False	False	True	True
N__CoA__MNXM704	N	CoA	MNXM727276	carrier	True	MNXM704	2'-deoxycytidine	v3_gof_target	metanetx_xref	True	True	True	True
N__CoA__MNXM728337	N	CoA	MNXM727276	carrier	True	MNXM728337	L-isoleucine	v3_lof_target	exact_name_in_X	True	True	True	True
N__CoA__MNXM729216	N	CoA	MNXM727276	carrier	True	MNXM729216	N-acetylmuramate 6-phosphate	v3_gof_near	inserted_reaction_product	True	True	True	True
N__CoA__MNXM729302	N	CoA	MNXM727276	carrier	True	MNXM729302	NH4(+)	v3_gof_near	inserted_reaction_product	True	True	True	True
N__CoA__MNXM730135	N	CoA	MNXM727276	carrier	True	MNXM730135	thiamine	v3_lof_target	exact_name_in_X	True	True	True	True
N__CoA__MNXM731760	N	CoA	MNXM727276	carrier	True	MNXM731760	lipid IVA (E. coli)	v1_panel	carried	True	True	True	True
N__CoA__MNXM732166	N	CoA	MNXM727276	carrier	True	MNXM732166	UDP-N-acetyl-alpha-D-muramoyl-L-alanyl-gamma-D-glutamyl-meso-2,6-diaminopimeloyl-D-alanyl-D-alanine	v1_panel	carried	True	True	True	True
N__CoA__MNXM732487	N	CoA	MNXM727276	carrier	True	MNXM732487	hypoxanthine	v3_lof_target	normalized_name_in_X	True	True	True	True
N__CoA__MNXM733114	N	CoA	MNXM727276	carrier	True	MNXM733114	guanine	v3_lof_target	exact_name_in_X	True	True	True	True
N__CoA__MNXM737787	N	CoA	MNXM727276	carrier	True	MNXM737787	L-serine	v1_panel,v3_gof_target,v3_lof_target	carried,exact_name_in_X,normalized_name_in_X	True	True	True	True
N__CoA__MNXM738068	N	CoA	MNXM727276	carrier	True	MNXM738068	L-cysteine	v3_gof_near,v3_lof_target	exact_name_in_X,inserted_reaction_product	True	True	True	True
N__CoA__MNXM738702	N	CoA	MNXM727276	carrier	True	MNXM738702	NADPH	v3_gof_target	exact_name_in_X	True	True	True	True
N__CoA__MNXM738804	N	CoA	MNXM727276	carrier	True	MNXM738804	L-methionine	v1_panel,v3_gof_target,v3_lof_target	carried,exact_name_in_X,normalized_name_in_X	True	True	True	True
N__CoA__MNXM739527	N	CoA	MNXM727276	carrier	True	MNXM739527	L-arginine	v3_gof_target,v3_lof_target	exact_name_in_X,normalized_name_in_X	True	True	True	True
N__CoA__MNXM741173	N	CoA	MNXM727276	carrier	True	MNXM741173	L-glutamate	v1_panel,v3_gof_near	carried,inserted_reaction_product	True	True	True	True
N__CoA__MNXM741553	N	CoA	MNXM727276	carrier	True	MNXM741553	L-tryptophan	v1_panel,v3_lof_target	carried,exact_name_in_X	True	True	True	True
N__CoA__MNXM741595	N	CoA	MNXM727276	carrier	True	MNXM741595	S-formylglutathione	v3_gof_near	inserted_reaction_product	True	True	True	True
N__CoA__MNXM741664	N	CoA	MNXM727276	carrier	True	MNXM741664	L-phenylalanine	v3_gof_target,v3_lof_target	exact_name_in_X	True	True	True	True
N__CoA__MNXM76	N	CoA	MNXM727276	carrier	True	MNXM76	L-tyrosine	v3_gof_near,v3_gof_target,v3_lof_target	exact_name_in_X,inserted_reaction_product	True	True	True	True
N__CoA__MNXM78362	N	CoA	MNXM727276	carrier	True	MNXM78362	Heme	v3_lof_target	normalized_name_in_X	False	False	True	True
N__CoA__MNXM8	N	CoA	MNXM727276	carrier	True	MNXM8	NAD(+)	v3_gof_near	inserted_reaction_product	True	True	True	True
N__CoA__MNXM943	N	CoA	MNXM727276	carrier	True	MNXM943	cadaverine	v3_gof_target	normalized_name_in_X	True	True	True	True
S__cysteine__MNXM1104266	S	cysteine	MNXM738068	primary	False	MNXM1104266	acetyl-CoA	v3_gof_near,v3_gof_target	exact_name_in_X,inserted_reaction_product	True	True	True	True
S__cysteine__MNXM1104774	S	cysteine	MNXM738068	primary	False	MNXM1104774	succinyl-CoA	v3_gof_target	exact_name_in_X	True	True	True	True
S__cysteine__MNXM1106093	S	cysteine	MNXM738068	primary	False	MNXM1106093	malonyl-CoA	v3_gof_near,v3_gof_target	exact_name_in_X,inserted_reaction_product	True	True	True	True
S__cysteine__MNXM1107904	S	cysteine	MNXM738068	primary	False	MNXM1107904	(S)-methylmalonyl-CoA	v3_gof_near	inserted_reaction_product	True	True	True	True
S__cysteine__MNXM1364266	S	cysteine	MNXM738068	primary	False	MNXM1364266	propanoyl-CoA	v3_gof_near	inserted_reaction_product	True	True	True	True
S__cysteine__MNXM1365590	S	cysteine	MNXM738068	primary	False	MNXM1365590	molybdopterin	v3_gof_near	inserted_reaction_product	False	False	True	True
S__cysteine__MNXM1371179	S	cysteine	MNXM738068	primary	False	MNXM1371179	(R)-lipoate	v1_panel	carried	False	False	True	True
S__cysteine__MNXM1812	S	cysteine	MNXM738068	primary	False	MNXM1812	penicillin G	v3_gof_target	exact_name_in_X	False	False	False	False
S__cysteine__MNXM256	S	cysteine	MNXM738068	primary	False	MNXM256	thiamine diphosphate	v1_panel	carried	False	True	True	True
S__cysteine__MNXM304	S	cysteine	MNXM738068	primary	False	MNXM304	biotin	v1_panel,v3_lof_target	carried,exact_name_in_X	True	True	True	True
S__cysteine__MNXM727276	S	cysteine	MNXM738068	primary	False	MNXM727276	CoA	v1_panel	carried	True	True	True	True
S__cysteine__MNXM730135	S	cysteine	MNXM738068	primary	False	MNXM730135	thiamine	v3_lof_target	exact_name_in_X	False	True	True	True
S__cysteine__MNXM738804	S	cysteine	MNXM738068	primary	False	MNXM738804	L-methionine	v1_panel,v3_gof_target,v3_lof_target	carried,exact_name_in_X,normalized_name_in_X	True	True	True	True
S__cysteine__MNXM741595	S	cysteine	MNXM738068	primary	False	MNXM741595	S-formylglutathione	v3_gof_near	inserted_reaction_product	True	True	True	True
S__sulfate__MNXM1104266	S	sulfate	MNXM58	gradient	False	MNXM1104266	acetyl-CoA	v3_gof_near,v3_gof_target	exact_name_in_X,inserted_reaction_product	True	True	True	True
S__sulfate__MNXM1104774	S	sulfate	MNXM58	gradient	False	MNXM1104774	succinyl-CoA	v3_gof_target	exact_name_in_X	True	True	True	True
S__sulfate__MNXM1106093	S	sulfate	MNXM58	gradient	False	MNXM1106093	malonyl-CoA	v3_gof_near,v3_gof_target	exact_name_in_X,inserted_reaction_product	True	True	True	True
S__sulfate__MNXM1107904	S	sulfate	MNXM58	gradient	False	MNXM1107904	(S)-methylmalonyl-CoA	v3_gof_near	inserted_reaction_product	True	True	True	True
S__sulfate__MNXM1364266	S	sulfate	MNXM58	gradient	False	MNXM1364266	propanoyl-CoA	v3_gof_near	inserted_reaction_product	True	True	True	True
S__sulfate__MNXM1365590	S	sulfate	MNXM58	gradient	False	MNXM1365590	molybdopterin	v3_gof_near	inserted_reaction_product	False	False	True	True
S__sulfate__MNXM1371179	S	sulfate	MNXM58	gradient	False	MNXM1371179	(R)-lipoate	v1_panel	carried	False	False	True	True
S__sulfate__MNXM1812	S	sulfate	MNXM58	gradient	False	MNXM1812	penicillin G	v3_gof_target	exact_name_in_X	False	False	False	False
S__sulfate__MNXM256	S	sulfate	MNXM58	gradient	False	MNXM256	thiamine diphosphate	v1_panel	carried	False	True	True	True
S__sulfate__MNXM304	S	sulfate	MNXM58	gradient	False	MNXM304	biotin	v1_panel,v3_lof_target	carried,exact_name_in_X	True	True	True	True
S__sulfate__MNXM727276	S	sulfate	MNXM58	gradient	False	MNXM727276	CoA	v1_panel	carried	True	True	True	True
S__sulfate__MNXM730135	S	sulfate	MNXM58	gradient	False	MNXM730135	thiamine	v3_lof_target	exact_name_in_X	False	True	True	True
S__sulfate__MNXM738068	S	sulfate	MNXM58	gradient	False	MNXM738068	L-cysteine	v1_panel,v3_gof_near,v3_lof_target	carried,exact_name_in_X,inserted_reaction_product	True	True	True	True
S__sulfate__MNXM738804	S	sulfate	MNXM58	gradient	False	MNXM738804	L-methionine	v1_panel,v3_gof_target,v3_lof_target	carried,exact_name_in_X,normalized_name_in_X	True	True	True	True
S__sulfate__MNXM741595	S	sulfate	MNXM58	gradient	False	MNXM741595	S-formylglutathione	v3_gof_near	inserted_reaction_product	True	True	True	True
S__APS__MNXM1104266	S	APS	MNXM1103086	gradient	False	MNXM1104266	acetyl-CoA	v3_gof_near,v3_gof_target	exact_name_in_X,inserted_reaction_product	True	True	True	True
S__APS__MNXM1104774	S	APS	MNXM1103086	gradient	False	MNXM1104774	succinyl-CoA	v3_gof_target	exact_name_in_X	True	True	True	True
S__APS__MNXM1106093	S	APS	MNXM1103086	gradient	False	MNXM1106093	malonyl-CoA	v3_gof_near,v3_gof_target	exact_name_in_X,inserted_reaction_product	True	True	True	True
S__APS__MNXM1107904	S	APS	MNXM1103086	gradient	False	MNXM1107904	(S)-methylmalonyl-CoA	v3_gof_near	inserted_reaction_product	True	True	True	True
S__APS__MNXM1364266	S	APS	MNXM1103086	gradient	False	MNXM1364266	propanoyl-CoA	v3_gof_near	inserted_reaction_product	True	True	True	True
S__APS__MNXM1365590	S	APS	MNXM1103086	gradient	False	MNXM1365590	molybdopterin	v3_gof_near	inserted_reaction_product	False	False	True	True
S__APS__MNXM1371179	S	APS	MNXM1103086	gradient	False	MNXM1371179	(R)-lipoate	v1_panel	carried	False	False	True	True
S__APS__MNXM1812	S	APS	MNXM1103086	gradient	False	MNXM1812	penicillin G	v3_gof_target	exact_name_in_X	False	False	False	False
S__APS__MNXM256	S	APS	MNXM1103086	gradient	False	MNXM256	thiamine diphosphate	v1_panel	carried	False	True	True	True
S__APS__MNXM304	S	APS	MNXM1103086	gradient	False	MNXM304	biotin	v1_panel,v3_lof_target	carried,exact_name_in_X	True	True	True	True
S__APS__MNXM727276	S	APS	MNXM1103086	gradient	False	MNXM727276	CoA	v1_panel	carried	True	True	True	True
S__APS__MNXM730135	S	APS	MNXM1103086	gradient	False	MNXM730135	thiamine	v3_lof_target	exact_name_in_X	False	True	True	True
S__APS__MNXM738068	S	APS	MNXM1103086	gradient	False	MNXM738068	L-cysteine	v1_panel,v3_gof_near,v3_lof_target	carried,exact_name_in_X,inserted_reaction_product	True	True	True	True
S__APS__MNXM738804	S	APS	MNXM1103086	gradient	False	MNXM738804	L-methionine	v1_panel,v3_gof_target,v3_lof_target	carried,exact_name_in_X,normalized_name_in_X	True	True	True	True
S__APS__MNXM741595	S	APS	MNXM1103086	gradient	False	MNXM741595	S-formylglutathione	v3_gof_near	inserted_reaction_product	True	True	True	True
S__PAPS__MNXM1104266	S	PAPS	MNXM1104555	gradient	False	MNXM1104266	acetyl-CoA	v3_gof_near,v3_gof_target	exact_name_in_X,inserted_reaction_product	True	True	True	True
S__PAPS__MNXM1104774	S	PAPS	MNXM1104555	gradient	False	MNXM1104774	succinyl-CoA	v3_gof_target	exact_name_in_X	True	True	True	True
S__PAPS__MNXM1106093	S	PAPS	MNXM1104555	gradient	False	MNXM1106093	malonyl-CoA	v3_gof_near,v3_gof_target	exact_name_in_X,inserted_reaction_product	True	True	True	True
S__PAPS__MNXM1107904	S	PAPS	MNXM1104555	gradient	False	MNXM1107904	(S)-methylmalonyl-CoA	v3_gof_near	inserted_reaction_product	True	True	True	True
S__PAPS__MNXM1364266	S	PAPS	MNXM1104555	gradient	False	MNXM1364266	propanoyl-CoA	v3_gof_near	inserted_reaction_product	True	True	True	True
S__PAPS__MNXM1365590	S	PAPS	MNXM1104555	gradient	False	MNXM1365590	molybdopterin	v3_gof_near	inserted_reaction_product	False	False	True	True
S__PAPS__MNXM1371179	S	PAPS	MNXM1104555	gradient	False	MNXM1371179	(R)-lipoate	v1_panel	carried	False	False	True	True
S__PAPS__MNXM1812	S	PAPS	MNXM1104555	gradient	False	MNXM1812	penicillin G	v3_gof_target	exact_name_in_X	False	False	False	False
S__PAPS__MNXM256	S	PAPS	MNXM1104555	gradient	False	MNXM256	thiamine diphosphate	v1_panel	carried	False	True	True	True
S__PAPS__MNXM304	S	PAPS	MNXM1104555	gradient	False	MNXM304	biotin	v1_panel,v3_lof_target	carried,exact_name_in_X	True	True	True	True
S__PAPS__MNXM727276	S	PAPS	MNXM1104555	gradient	False	MNXM727276	CoA	v1_panel	carried	True	True	True	True
S__PAPS__MNXM730135	S	PAPS	MNXM1104555	gradient	False	MNXM730135	thiamine	v3_lof_target	exact_name_in_X	False	True	True	True
S__PAPS__MNXM738068	S	PAPS	MNXM1104555	gradient	False	MNXM738068	L-cysteine	v1_panel,v3_gof_near,v3_lof_target	carried,exact_name_in_X,inserted_reaction_product	True	True	True	True
S__PAPS__MNXM738804	S	PAPS	MNXM1104555	gradient	False	MNXM738804	L-methionine	v1_panel,v3_gof_target,v3_lof_target	carried,exact_name_in_X,normalized_name_in_X	True	True	True	True
S__PAPS__MNXM741595	S	PAPS	MNXM1104555	gradient	False	MNXM741595	S-formylglutathione	v3_gof_near	inserted_reaction_product	True	True	True	True
S__sulfite__MNXM1104266	S	sulfite	MNXM726339	gradient	False	MNXM1104266	acetyl-CoA	v3_gof_near,v3_gof_target	exact_name_in_X,inserted_reaction_product	True	True	True	True
S__sulfite__MNXM1104774	S	sulfite	MNXM726339	gradient	False	MNXM1104774	succinyl-CoA	v3_gof_target	exact_name_in_X	True	True	True	True
S__sulfite__MNXM1106093	S	sulfite	MNXM726339	gradient	False	MNXM1106093	malonyl-CoA	v3_gof_near,v3_gof_target	exact_name_in_X,inserted_reaction_product	True	True	True	True
S__sulfite__MNXM1107904	S	sulfite	MNXM726339	gradient	False	MNXM1107904	(S)-methylmalonyl-CoA	v3_gof_near	inserted_reaction_product	True	True	True	True
S__sulfite__MNXM1364266	S	sulfite	MNXM726339	gradient	False	MNXM1364266	propanoyl-CoA	v3_gof_near	inserted_reaction_product	True	True	True	True
S__sulfite__MNXM1365590	S	sulfite	MNXM726339	gradient	False	MNXM1365590	molybdopterin	v3_gof_near	inserted_reaction_product	False	False	True	True
S__sulfite__MNXM1371179	S	sulfite	MNXM726339	gradient	False	MNXM1371179	(R)-lipoate	v1_panel	carried	False	False	True	True
S__sulfite__MNXM1812	S	sulfite	MNXM726339	gradient	False	MNXM1812	penicillin G	v3_gof_target	exact_name_in_X	False	False	False	False
S__sulfite__MNXM256	S	sulfite	MNXM726339	gradient	False	MNXM256	thiamine diphosphate	v1_panel	carried	False	True	True	True
S__sulfite__MNXM304	S	sulfite	MNXM726339	gradient	False	MNXM304	biotin	v1_panel,v3_lof_target	carried,exact_name_in_X	True	True	True	True
S__sulfite__MNXM727276	S	sulfite	MNXM726339	gradient	False	MNXM727276	CoA	v1_panel	carried	True	True	True	True
S__sulfite__MNXM730135	S	sulfite	MNXM726339	gradient	False	MNXM730135	thiamine	v3_lof_target	exact_name_in_X	False	True	True	True
S__sulfite__MNXM738068	S	sulfite	MNXM726339	gradient	False	MNXM738068	L-cysteine	v1_panel,v3_gof_near,v3_lof_target	carried,exact_name_in_X,inserted_reaction_product	True	True	True	True
S__sulfite__MNXM738804	S	sulfite	MNXM726339	gradient	False	MNXM738804	L-methionine	v1_panel,v3_gof_target,v3_lof_target	carried,exact_name_in_X,normalized_name_in_X	True	True	True	True
S__sulfite__MNXM741595	S	sulfite	MNXM726339	gradient	False	MNXM741595	S-formylglutathione	v3_gof_near	inserted_reaction_product	True	True	True	True
S__sulfide__MNXM1104266	S	sulfide	MNXM1366460	gradient	False	MNXM1104266	acetyl-CoA	v3_gof_near,v3_gof_target	exact_name_in_X,inserted_reaction_product	True	True	True	True
S__sulfide__MNXM1104774	S	sulfide	MNXM1366460	gradient	False	MNXM1104774	succinyl-CoA	v3_gof_target	exact_name_in_X	True	True	True	True
S__sulfide__MNXM1106093	S	sulfide	MNXM1366460	gradient	False	MNXM1106093	malonyl-CoA	v3_gof_near,v3_gof_target	exact_name_in_X,inserted_reaction_product	True	True	True	True
S__sulfide__MNXM1107904	S	sulfide	MNXM1366460	gradient	False	MNXM1107904	(S)-methylmalonyl-CoA	v3_gof_near	inserted_reaction_product	True	True	True	True
S__sulfide__MNXM1364266	S	sulfide	MNXM1366460	gradient	False	MNXM1364266	propanoyl-CoA	v3_gof_near	inserted_reaction_product	True	True	True	True
S__sulfide__MNXM1365590	S	sulfide	MNXM1366460	gradient	False	MNXM1365590	molybdopterin	v3_gof_near	inserted_reaction_product	False	False	True	True
S__sulfide__MNXM1371179	S	sulfide	MNXM1366460	gradient	False	MNXM1371179	(R)-lipoate	v1_panel	carried	False	False	True	True
S__sulfide__MNXM1812	S	sulfide	MNXM1366460	gradient	False	MNXM1812	penicillin G	v3_gof_target	exact_name_in_X	False	False	False	False
S__sulfide__MNXM256	S	sulfide	MNXM1366460	gradient	False	MNXM256	thiamine diphosphate	v1_panel	carried	False	True	True	True
S__sulfide__MNXM304	S	sulfide	MNXM1366460	gradient	False	MNXM304	biotin	v1_panel,v3_lof_target	carried,exact_name_in_X	True	True	True	True
S__sulfide__MNXM727276	S	sulfide	MNXM1366460	gradient	False	MNXM727276	CoA	v1_panel	carried	True	True	True	True
S__sulfide__MNXM730135	S	sulfide	MNXM1366460	gradient	False	MNXM730135	thiamine	v3_lof_target	exact_name_in_X	False	True	True	True
S__sulfide__MNXM738068	S	sulfide	MNXM1366460	gradient	False	MNXM738068	L-cysteine	v1_panel,v3_gof_near,v3_lof_target	carried,exact_name_in_X,inserted_reaction_product	True	True	True	True
S__sulfide__MNXM738804	S	sulfide	MNXM1366460	gradient	False	MNXM738804	L-methionine	v1_panel,v3_gof_target,v3_lof_target	carried,exact_name_in_X,normalized_name_in_X	True	True	True	True
S__sulfide__MNXM741595	S	sulfide	MNXM1366460	gradient	False	MNXM741595	S-formylglutathione	v3_gof_near	inserted_reaction_product	True	True	True	True
S__homocysteine__MNXM1104266	S	homocysteine	MNXM123	gradient	False	MNXM1104266	acetyl-CoA	v3_gof_near,v3_gof_target	exact_name_in_X,inserted_reaction_product	True	True	True	True
S__homocysteine__MNXM1104774	S	homocysteine	MNXM123	gradient	False	MNXM1104774	succinyl-CoA	v3_gof_target	exact_name_in_X	True	True	True	True
S__homocysteine__MNXM1106093	S	homocysteine	MNXM123	gradient	False	MNXM1106093	malonyl-CoA	v3_gof_near,v3_gof_target	exact_name_in_X,inserted_reaction_product	True	True	True	True
S__homocysteine__MNXM1107904	S	homocysteine	MNXM123	gradient	False	MNXM1107904	(S)-methylmalonyl-CoA	v3_gof_near	inserted_reaction_product	True	True	True	True
S__homocysteine__MNXM1364266	S	homocysteine	MNXM123	gradient	False	MNXM1364266	propanoyl-CoA	v3_gof_near	inserted_reaction_product	True	True	True	True
S__homocysteine__MNXM1365590	S	homocysteine	MNXM123	gradient	False	MNXM1365590	molybdopterin	v3_gof_near	inserted_reaction_product	False	False	True	True
S__homocysteine__MNXM1371179	S	homocysteine	MNXM123	gradient	False	MNXM1371179	(R)-lipoate	v1_panel	carried	False	False	True	True
S__homocysteine__MNXM1812	S	homocysteine	MNXM123	gradient	False	MNXM1812	penicillin G	v3_gof_target	exact_name_in_X	False	False	False	False
S__homocysteine__MNXM256	S	homocysteine	MNXM123	gradient	False	MNXM256	thiamine diphosphate	v1_panel	carried	False	True	True	True
S__homocysteine__MNXM304	S	homocysteine	MNXM123	gradient	False	MNXM304	biotin	v1_panel,v3_lof_target	carried,exact_name_in_X	True	True	True	True
S__homocysteine__MNXM727276	S	homocysteine	MNXM123	gradient	False	MNXM727276	CoA	v1_panel	carried	True	True	True	True
S__homocysteine__MNXM730135	S	homocysteine	MNXM123	gradient	False	MNXM730135	thiamine	v3_lof_target	exact_name_in_X	False	True	True	True
S__homocysteine__MNXM738068	S	homocysteine	MNXM123	gradient	False	MNXM738068	L-cysteine	v1_panel,v3_gof_near,v3_lof_target	carried,exact_name_in_X,inserted_reaction_product	True	True	True	True
S__homocysteine__MNXM738804	S	homocysteine	MNXM123	gradient	False	MNXM738804	L-methionine	v1_panel,v3_gof_target,v3_lof_target	carried,exact_name_in_X,normalized_name_in_X	True	True	True	True
S__homocysteine__MNXM741595	S	homocysteine	MNXM123	gradient	False	MNXM741595	S-formylglutathione	v3_gof_near	inserted_reaction_product	True	True	True	True
S__methionine__MNXM1104266	S	methionine	MNXM738804	gradient	False	MNXM1104266	acetyl-CoA	v3_gof_near,v3_gof_target	exact_name_in_X,inserted_reaction_product	True	True	True	True
S__methionine__MNXM1104774	S	methionine	MNXM738804	gradient	False	MNXM1104774	succinyl-CoA	v3_gof_target	exact_name_in_X	True	True	True	True
S__methionine__MNXM1106093	S	methionine	MNXM738804	gradient	False	MNXM1106093	malonyl-CoA	v3_gof_near,v3_gof_target	exact_name_in_X,inserted_reaction_product	True	True	True	True
S__methionine__MNXM1107904	S	methionine	MNXM738804	gradient	False	MNXM1107904	(S)-methylmalonyl-CoA	v3_gof_near	inserted_reaction_product	True	True	True	True
S__methionine__MNXM1364266	S	methionine	MNXM738804	gradient	False	MNXM1364266	propanoyl-CoA	v3_gof_near	inserted_reaction_product	True	True	True	True
S__methionine__MNXM1365590	S	methionine	MNXM738804	gradient	False	MNXM1365590	molybdopterin	v3_gof_near	inserted_reaction_product	False	False	True	True
S__methionine__MNXM1371179	S	methionine	MNXM738804	gradient	False	MNXM1371179	(R)-lipoate	v1_panel	carried	False	False	True	True
S__methionine__MNXM1812	S	methionine	MNXM738804	gradient	False	MNXM1812	penicillin G	v3_gof_target	exact_name_in_X	False	False	False	False
S__methionine__MNXM256	S	methionine	MNXM738804	gradient	False	MNXM256	thiamine diphosphate	v1_panel	carried	False	True	True	True
S__methionine__MNXM304	S	methionine	MNXM738804	gradient	False	MNXM304	biotin	v1_panel,v3_lof_target	carried,exact_name_in_X	True	True	True	True
S__methionine__MNXM727276	S	methionine	MNXM738804	gradient	False	MNXM727276	CoA	v1_panel	carried	True	True	True	True
S__methionine__MNXM730135	S	methionine	MNXM738804	gradient	False	MNXM730135	thiamine	v3_lof_target	exact_name_in_X	False	True	True	True
S__methionine__MNXM738068	S	methionine	MNXM738804	gradient	False	MNXM738068	L-cysteine	v1_panel,v3_gof_near,v3_lof_target	carried,exact_name_in_X,inserted_reaction_product	True	True	True	True
S__methionine__MNXM741595	S	methionine	MNXM738804	gradient	False	MNXM741595	S-formylglutathione	v3_gof_near	inserted_reaction_product	True	True	True	True
S__glutathione__MNXM1104266	S	glutathione	MNXM490899	gradient	False	MNXM1104266	acetyl-CoA	v3_gof_near,v3_gof_target	exact_name_in_X,inserted_reaction_product	True	True	True	True
S__glutathione__MNXM1104774	S	glutathione	MNXM490899	gradient	False	MNXM1104774	succinyl-CoA	v3_gof_target	exact_name_in_X	True	True	True	True
S__glutathione__MNXM1106093	S	glutathione	MNXM490899	gradient	False	MNXM1106093	malonyl-CoA	v3_gof_near,v3_gof_target	exact_name_in_X,inserted_reaction_product	True	True	True	True
S__glutathione__MNXM1107904	S	glutathione	MNXM490899	gradient	False	MNXM1107904	(S)-methylmalonyl-CoA	v3_gof_near	inserted_reaction_product	True	True	True	True
S__glutathione__MNXM1364266	S	glutathione	MNXM490899	gradient	False	MNXM1364266	propanoyl-CoA	v3_gof_near	inserted_reaction_product	True	True	True	True
S__glutathione__MNXM1365590	S	glutathione	MNXM490899	gradient	False	MNXM1365590	molybdopterin	v3_gof_near	inserted_reaction_product	False	False	True	True
S__glutathione__MNXM1371179	S	glutathione	MNXM490899	gradient	False	MNXM1371179	(R)-lipoate	v1_panel	carried	False	False	True	True
S__glutathione__MNXM1812	S	glutathione	MNXM490899	gradient	False	MNXM1812	penicillin G	v3_gof_target	exact_name_in_X	False	False	False	False
S__glutathione__MNXM256	S	glutathione	MNXM490899	gradient	False	MNXM256	thiamine diphosphate	v1_panel	carried	False	True	True	True
S__glutathione__MNXM304	S	glutathione	MNXM490899	gradient	False	MNXM304	biotin	v1_panel,v3_lof_target	carried,exact_name_in_X	True	True	True	True
S__glutathione__MNXM727276	S	glutathione	MNXM490899	gradient	False	MNXM727276	CoA	v1_panel	carried	True	True	True	True
S__glutathione__MNXM730135	S	glutathione	MNXM490899	gradient	False	MNXM730135	thiamine	v3_lof_target	exact_name_in_X	False	True	True	True
S__glutathione__MNXM738068	S	glutathione	MNXM490899	gradient	False	MNXM738068	L-cysteine	v1_panel,v3_gof_near,v3_lof_target	carried,exact_name_in_X,inserted_reaction_product	True	True	True	True
S__glutathione__MNXM738804	S	glutathione	MNXM490899	gradient	False	MNXM738804	L-methionine	v1_panel,v3_gof_target,v3_lof_target	carried,exact_name_in_X,normalized_name_in_X	True	True	True	True
S__glutathione__MNXM741595	S	glutathione	MNXM490899	gradient	False	MNXM741595	S-formylglutathione	v3_gof_near	inserted_reaction_product	True	True	True	True
S__SAM__MNXM1104266	S	SAM	MNXM1363767	gradient	False	MNXM1104266	acetyl-CoA	v3_gof_near,v3_gof_target	exact_name_in_X,inserted_reaction_product	True	True	True	True
S__SAM__MNXM1104774	S	SAM	MNXM1363767	gradient	False	MNXM1104774	succinyl-CoA	v3_gof_target	exact_name_in_X	True	True	True	True
S__SAM__MNXM1106093	S	SAM	MNXM1363767	gradient	False	MNXM1106093	malonyl-CoA	v3_gof_near,v3_gof_target	exact_name_in_X,inserted_reaction_product	True	True	True	True
S__SAM__MNXM1107904	S	SAM	MNXM1363767	gradient	False	MNXM1107904	(S)-methylmalonyl-CoA	v3_gof_near	inserted_reaction_product	True	True	True	True
S__SAM__MNXM1364266	S	SAM	MNXM1363767	gradient	False	MNXM1364266	propanoyl-CoA	v3_gof_near	inserted_reaction_product	True	True	True	True
S__SAM__MNXM1365590	S	SAM	MNXM1363767	gradient	False	MNXM1365590	molybdopterin	v3_gof_near	inserted_reaction_product	False	False	True	True
S__SAM__MNXM1371179	S	SAM	MNXM1363767	gradient	False	MNXM1371179	(R)-lipoate	v1_panel	carried	False	False	True	True
S__SAM__MNXM1812	S	SAM	MNXM1363767	gradient	False	MNXM1812	penicillin G	v3_gof_target	exact_name_in_X	False	False	False	False
S__SAM__MNXM256	S	SAM	MNXM1363767	gradient	False	MNXM256	thiamine diphosphate	v1_panel	carried	False	True	True	True
S__SAM__MNXM304	S	SAM	MNXM1363767	gradient	False	MNXM304	biotin	v1_panel,v3_lof_target	carried,exact_name_in_X	True	True	True	True
S__SAM__MNXM727276	S	SAM	MNXM1363767	gradient	False	MNXM727276	CoA	v1_panel	carried	True	True	True	True
S__SAM__MNXM730135	S	SAM	MNXM1363767	gradient	False	MNXM730135	thiamine	v3_lof_target	exact_name_in_X	False	True	True	True
S__SAM__MNXM738068	S	SAM	MNXM1363767	gradient	False	MNXM738068	L-cysteine	v1_panel,v3_gof_near,v3_lof_target	carried,exact_name_in_X,inserted_reaction_product	True	True	True	True
S__SAM__MNXM738804	S	SAM	MNXM1363767	gradient	False	MNXM738804	L-methionine	v1_panel,v3_gof_target,v3_lof_target	carried,exact_name_in_X,normalized_name_in_X	True	True	True	True
S__SAM__MNXM741595	S	SAM	MNXM1363767	gradient	False	MNXM741595	S-formylglutathione	v3_gof_near	inserted_reaction_product	True	True	True	True
S__AcCoA__MNXM1104774	S	AcCoA	MNXM1104266	carrier	True	MNXM1104774	succinyl-CoA	v3_gof_target	exact_name_in_X	True	True	True	True
S__AcCoA__MNXM1106093	S	AcCoA	MNXM1104266	carrier	True	MNXM1106093	malonyl-CoA	v3_gof_near,v3_gof_target	exact_name_in_X,inserted_reaction_product	True	True	True	True
S__AcCoA__MNXM1107904	S	AcCoA	MNXM1104266	carrier	True	MNXM1107904	(S)-methylmalonyl-CoA	v3_gof_near	inserted_reaction_product	True	True	True	True
S__AcCoA__MNXM1364266	S	AcCoA	MNXM1104266	carrier	True	MNXM1364266	propanoyl-CoA	v3_gof_near	inserted_reaction_product	True	True	True	True
S__AcCoA__MNXM1365590	S	AcCoA	MNXM1104266	carrier	True	MNXM1365590	molybdopterin	v3_gof_near	inserted_reaction_product	False	False	True	True
S__AcCoA__MNXM1371179	S	AcCoA	MNXM1104266	carrier	True	MNXM1371179	(R)-lipoate	v1_panel	carried	False	False	True	True
S__AcCoA__MNXM1812	S	AcCoA	MNXM1104266	carrier	True	MNXM1812	penicillin G	v3_gof_target	exact_name_in_X	False	False	False	False
S__AcCoA__MNXM256	S	AcCoA	MNXM1104266	carrier	True	MNXM256	thiamine diphosphate	v1_panel	carried	False	True	True	True
S__AcCoA__MNXM304	S	AcCoA	MNXM1104266	carrier	True	MNXM304	biotin	v1_panel,v3_lof_target	carried,exact_name_in_X	True	True	True	True
S__AcCoA__MNXM727276	S	AcCoA	MNXM1104266	carrier	True	MNXM727276	CoA	v1_panel	carried	True	True	True	True
S__AcCoA__MNXM730135	S	AcCoA	MNXM1104266	carrier	True	MNXM730135	thiamine	v3_lof_target	exact_name_in_X	False	True	True	True
S__AcCoA__MNXM738068	S	AcCoA	MNXM1104266	carrier	True	MNXM738068	L-cysteine	v1_panel,v3_gof_near,v3_lof_target	carried,exact_name_in_X,inserted_reaction_product	True	True	True	True
S__AcCoA__MNXM738804	S	AcCoA	MNXM1104266	carrier	True	MNXM738804	L-methionine	v1_panel,v3_gof_target,v3_lof_target	carried,exact_name_in_X,normalized_name_in_X	True	True	True	True
S__AcCoA__MNXM741595	S	AcCoA	MNXM1104266	carrier	True	MNXM741595	S-formylglutathione	v3_gof_near	inserted_reaction_product	True	True	True	True
S__CoA__MNXM1104266	S	CoA	MNXM727276	carrier	True	MNXM1104266	acetyl-CoA	v3_gof_near,v3_gof_target	exact_name_in_X,inserted_reaction_product	True	True	True	True
S__CoA__MNXM1104774	S	CoA	MNXM727276	carrier	True	MNXM1104774	succinyl-CoA	v3_gof_target	exact_name_in_X	True	True	True	True
S__CoA__MNXM1106093	S	CoA	MNXM727276	carrier	True	MNXM1106093	malonyl-CoA	v3_gof_near,v3_gof_target	exact_name_in_X,inserted_reaction_product	True	True	True	True
S__CoA__MNXM1107904	S	CoA	MNXM727276	carrier	True	MNXM1107904	(S)-methylmalonyl-CoA	v3_gof_near	inserted_reaction_product	True	True	True	True
S__CoA__MNXM1364266	S	CoA	MNXM727276	carrier	True	MNXM1364266	propanoyl-CoA	v3_gof_near	inserted_reaction_product	True	True	True	True
S__CoA__MNXM1365590	S	CoA	MNXM727276	carrier	True	MNXM1365590	molybdopterin	v3_gof_near	inserted_reaction_product	False	False	True	True
S__CoA__MNXM1371179	S	CoA	MNXM727276	carrier	True	MNXM1371179	(R)-lipoate	v1_panel	carried	False	False	True	True
S__CoA__MNXM1812	S	CoA	MNXM727276	carrier	True	MNXM1812	penicillin G	v3_gof_target	exact_name_in_X	False	False	False	False
S__CoA__MNXM256	S	CoA	MNXM727276	carrier	True	MNXM256	thiamine diphosphate	v1_panel	carried	False	True	True	True
S__CoA__MNXM304	S	CoA	MNXM727276	carrier	True	MNXM304	biotin	v1_panel,v3_lof_target	carried,exact_name_in_X	True	True	True	True
S__CoA__MNXM730135	S	CoA	MNXM727276	carrier	True	MNXM730135	thiamine	v3_lof_target	exact_name_in_X	False	True	True	True
S__CoA__MNXM738068	S	CoA	MNXM727276	carrier	True	MNXM738068	L-cysteine	v1_panel,v3_gof_near,v3_lof_target	carried,exact_name_in_X,inserted_reaction_product	True	True	True	True
S__CoA__MNXM738804	S	CoA	MNXM727276	carrier	True	MNXM738804	L-methionine	v1_panel,v3_gof_target,v3_lof_target	carried,exact_name_in_X,normalized_name_in_X	True	True	True	True
S__CoA__MNXM741595	S	CoA	MNXM727276	carrier	True	MNXM741595	S-formylglutathione	v3_gof_near	inserted_reaction_product	True	True	True	True
P__3PG__MNXM1101868	P	3PG	MNXM727604	primary	False	MNXM1101868	IMP	v1_panel,v3_gof_target	carried,exact_name_in_X	True	True	True	True
P__3PG__MNXM1104266	P	3PG	MNXM727604	primary	False	MNXM1104266	acetyl-CoA	v3_gof_near,v3_gof_target	exact_name_in_X,inserted_reaction_product	True	True	True	True
P__3PG__MNXM1104529	P	3PG	MNXM727604	primary	False	MNXM1104529	UDP-N-acetyl-alpha-D-glucosamine	v1_panel	carried	True	True	True	True
P__3PG__MNXM1104774	P	3PG	MNXM727604	primary	False	MNXM1104774	succinyl-CoA	v3_gof_target	exact_name_in_X	True	True	True	True
P__3PG__MNXM1104823	P	3PG	MNXM727604	primary	False	MNXM1104823	UMP	v1_panel	carried	True	True	True	True
P__3PG__MNXM1106093	P	3PG	MNXM727604	primary	False	MNXM1106093	malonyl-CoA	v3_gof_near,v3_gof_target	exact_name_in_X,inserted_reaction_product	True	True	True	True
P__3PG__MNXM1107904	P	3PG	MNXM727604	primary	False	MNXM1107904	(S)-methylmalonyl-CoA	v3_gof_near	inserted_reaction_product	True	True	True	True
P__3PG__MNXM1108016	P	3PG	MNXM727604	primary	False	MNXM1108016	nicotinate beta-D-ribonucleotide	v3_gof_near	inserted_reaction_product	True	True	True	True
P__3PG__MNXM115	P	3PG	MNXM727604	primary	False	MNXM115	phosphatidylethanolamine	v1_panel,v3_gof_target	carried,exact_name_in_X	False	False	True	True
P__3PG__MNXM1364019	P	3PG	MNXM727604	primary	False	MNXM1364019	UDP-alpha-D-glucose	v3_gof_near	inserted_reaction_product	True	True	True	True
P__3PG__MNXM1364174	P	3PG	MNXM727604	primary	False	MNXM1364174	N-acetyl-beta-D-glucosamine 6-phosphate	v3_gof_near	inserted_reaction_product	True	True	True	True
P__3PG__MNXM1364229	P	3PG	MNXM727604	primary	False	MNXM1364229	beta-D-fructose 1,6-bisphosphate	v3_gof_near	inserted_reaction_product	True	True	True	True
P__3PG__MNXM1364266	P	3PG	MNXM727604	primary	False	MNXM1364266	propanoyl-CoA	v3_gof_near	inserted_reaction_product	True	True	True	True
P__3PG__MNXM1364686	P	3PG	MNXM727604	primary	False	MNXM1364686	1D-myo-inositol 3-phosphate	v3_gof_near	inserted_reaction_product	False	False	True	True
P__3PG__MNXM1365590	P	3PG	MNXM727604	primary	False	MNXM1365590	molybdopterin	v3_gof_near	inserted_reaction_product	True	True	True	True
P__3PG__MNXM162231	P	3PG	MNXM727604	primary	False	MNXM162231	NAD(P)H	v3_gof_near	inserted_reaction_product	False	False	True	True
P__3PG__MNXM258	P	3PG	MNXM727604	primary	False	MNXM258	D-erythrose 4-phosphate	v3_gof_near	inserted_reaction_product	True	True	True	True
P__3PG__MNXM280	P	3PG	MNXM727604	primary	False	MNXM280	acetyl phosphate	v3_gof_near	inserted_reaction_product	True	True	True	True
P__3PG__MNXM5	P	3PG	MNXM727604	primary	False	MNXM5	NADP(+)	v3_gof_near	inserted_reaction_product	True	True	True	True
P__3PG__MNXM622	P	3PG	MNXM727604	primary	False	MNXM622	1-deoxy-D-xylulose 5-phosphate	v1_panel	carried	True	True	True	True
P__3PG__MNXM725992	P	3PG	MNXM727604	primary	False	MNXM725992	Phosphatidylglycerol	v1_panel	carried	False	False	True	True
P__3PG__MNXM728294	P	3PG	MNXM727604	primary	False	MNXM728294	AMP	v1_panel	carried	True	True	True	True
P__3PG__MNXM729216	P	3PG	MNXM727604	primary	False	MNXM729216	N-acetylmuramate 6-phosphate	v3_gof_near	inserted_reaction_product	True	True	True	True
P__3PG__MNXM731760	P	3PG	MNXM727604	primary	False	MNXM731760	lipid IVA (E. coli)	v1_panel	carried	True	True	True	True
P__3PG__MNXM732166	P	3PG	MNXM727604	primary	False	MNXM732166	UDP-N-acetyl-alpha-D-muramoyl-L-alanyl-gamma-D-glutamyl-meso-2,6-diaminopimeloyl-D-alanyl-D-alanine	v1_panel	carried	True	True	True	True
P__3PG__MNXM734041	P	3PG	MNXM727604	primary	False	MNXM734041	dipalmitoyl phosphatidylglycerol	v1_panel	carried	True	True	True	True
P__3PG__MNXM736425	P	3PG	MNXM727604	primary	False	MNXM736425	Cardiolipin (tetrahexadecanoyl, n-C16:0)	v1_panel	carried	True	True	False	False
P__3PG__MNXM738702	P	3PG	MNXM727604	primary	False	MNXM738702	NADPH	v3_gof_target	exact_name_in_X	True	True	True	True
P__3PG__MNXM8	P	3PG	MNXM727604	primary	False	MNXM8	NAD(+)	v3_gof_near	inserted_reaction_product	True	True	True	True
P__3PG__MNXM83	P	3PG	MNXM727604	primary	False	MNXM83	isopentenyl diphosphate	v1_panel	carried	True	True	True	True
P__E4P__MNXM1101868	P	E4P	MNXM258	primary	False	MNXM1101868	IMP	v1_panel,v3_gof_target	carried,exact_name_in_X	True	True	True	True
P__E4P__MNXM1104266	P	E4P	MNXM258	primary	False	MNXM1104266	acetyl-CoA	v3_gof_near,v3_gof_target	exact_name_in_X,inserted_reaction_product	True	True	True	True
P__E4P__MNXM1104529	P	E4P	MNXM258	primary	False	MNXM1104529	UDP-N-acetyl-alpha-D-glucosamine	v1_panel	carried	True	True	True	True
P__E4P__MNXM1104774	P	E4P	MNXM258	primary	False	MNXM1104774	succinyl-CoA	v3_gof_target	exact_name_in_X	True	True	True	True
P__E4P__MNXM1104823	P	E4P	MNXM258	primary	False	MNXM1104823	UMP	v1_panel	carried	True	True	True	True
P__E4P__MNXM1106093	P	E4P	MNXM258	primary	False	MNXM1106093	malonyl-CoA	v3_gof_near,v3_gof_target	exact_name_in_X,inserted_reaction_product	True	True	True	True
P__E4P__MNXM1107904	P	E4P	MNXM258	primary	False	MNXM1107904	(S)-methylmalonyl-CoA	v3_gof_near	inserted_reaction_product	True	True	True	True
P__E4P__MNXM1108016	P	E4P	MNXM258	primary	False	MNXM1108016	nicotinate beta-D-ribonucleotide	v3_gof_near	inserted_reaction_product	True	True	True	True
P__E4P__MNXM115	P	E4P	MNXM258	primary	False	MNXM115	phosphatidylethanolamine	v1_panel,v3_gof_target	carried,exact_name_in_X	False	False	True	True
P__E4P__MNXM1364019	P	E4P	MNXM258	primary	False	MNXM1364019	UDP-alpha-D-glucose	v3_gof_near	inserted_reaction_product	True	True	True	True
P__E4P__MNXM1364174	P	E4P	MNXM258	primary	False	MNXM1364174	N-acetyl-beta-D-glucosamine 6-phosphate	v3_gof_near	inserted_reaction_product	True	True	True	True
P__E4P__MNXM1364229	P	E4P	MNXM258	primary	False	MNXM1364229	beta-D-fructose 1,6-bisphosphate	v3_gof_near	inserted_reaction_product	True	True	True	True
P__E4P__MNXM1364266	P	E4P	MNXM258	primary	False	MNXM1364266	propanoyl-CoA	v3_gof_near	inserted_reaction_product	True	True	True	True
P__E4P__MNXM1364686	P	E4P	MNXM258	primary	False	MNXM1364686	1D-myo-inositol 3-phosphate	v3_gof_near	inserted_reaction_product	False	False	True	True
P__E4P__MNXM1365590	P	E4P	MNXM258	primary	False	MNXM1365590	molybdopterin	v3_gof_near	inserted_reaction_product	True	True	True	True
P__E4P__MNXM162231	P	E4P	MNXM258	primary	False	MNXM162231	NAD(P)H	v3_gof_near	inserted_reaction_product	False	False	True	True
P__E4P__MNXM280	P	E4P	MNXM258	primary	False	MNXM280	acetyl phosphate	v3_gof_near	inserted_reaction_product	True	True	True	True
P__E4P__MNXM5	P	E4P	MNXM258	primary	False	MNXM5	NADP(+)	v3_gof_near	inserted_reaction_product	True	True	True	True
P__E4P__MNXM622	P	E4P	MNXM258	primary	False	MNXM622	1-deoxy-D-xylulose 5-phosphate	v1_panel	carried	True	True	True	True
P__E4P__MNXM725992	P	E4P	MNXM258	primary	False	MNXM725992	Phosphatidylglycerol	v1_panel	carried	False	False	True	True
P__E4P__MNXM727604	P	E4P	MNXM258	primary	False	MNXM727604	(2R)-3-phosphoglycerate	v1_panel	carried	True	True	True	True
P__E4P__MNXM728294	P	E4P	MNXM258	primary	False	MNXM728294	AMP	v1_panel	carried	True	True	True	True
P__E4P__MNXM729216	P	E4P	MNXM258	primary	False	MNXM729216	N-acetylmuramate 6-phosphate	v3_gof_near	inserted_reaction_product	True	True	True	True
P__E4P__MNXM731760	P	E4P	MNXM258	primary	False	MNXM731760	lipid IVA (E. coli)	v1_panel	carried	True	True	True	True
P__E4P__MNXM732166	P	E4P	MNXM258	primary	False	MNXM732166	UDP-N-acetyl-alpha-D-muramoyl-L-alanyl-gamma-D-glutamyl-meso-2,6-diaminopimeloyl-D-alanyl-D-alanine	v1_panel	carried	True	True	True	True
P__E4P__MNXM734041	P	E4P	MNXM258	primary	False	MNXM734041	dipalmitoyl phosphatidylglycerol	v1_panel	carried	True	True	True	True
P__E4P__MNXM736425	P	E4P	MNXM258	primary	False	MNXM736425	Cardiolipin (tetrahexadecanoyl, n-C16:0)	v1_panel	carried	True	True	False	False
P__E4P__MNXM738702	P	E4P	MNXM258	primary	False	MNXM738702	NADPH	v3_gof_target	exact_name_in_X	True	True	True	True
P__E4P__MNXM8	P	E4P	MNXM258	primary	False	MNXM8	NAD(+)	v3_gof_near	inserted_reaction_product	True	True	True	True
P__E4P__MNXM83	P	E4P	MNXM258	primary	False	MNXM83	isopentenyl diphosphate	v1_panel	carried	True	True	True	True
P__G6P__MNXM1101868	P	G6P	MNXM1364111	gradient	False	MNXM1101868	IMP	v1_panel,v3_gof_target	carried,exact_name_in_X	True	True	True	True
P__G6P__MNXM1104266	P	G6P	MNXM1364111	gradient	False	MNXM1104266	acetyl-CoA	v3_gof_near,v3_gof_target	exact_name_in_X,inserted_reaction_product	True	True	True	True
P__G6P__MNXM1104529	P	G6P	MNXM1364111	gradient	False	MNXM1104529	UDP-N-acetyl-alpha-D-glucosamine	v1_panel	carried	True	True	True	True
P__G6P__MNXM1104774	P	G6P	MNXM1364111	gradient	False	MNXM1104774	succinyl-CoA	v3_gof_target	exact_name_in_X	True	True	True	True
P__G6P__MNXM1104823	P	G6P	MNXM1364111	gradient	False	MNXM1104823	UMP	v1_panel	carried	True	True	True	True
P__G6P__MNXM1106093	P	G6P	MNXM1364111	gradient	False	MNXM1106093	malonyl-CoA	v3_gof_near,v3_gof_target	exact_name_in_X,inserted_reaction_product	True	True	True	True
P__G6P__MNXM1107904	P	G6P	MNXM1364111	gradient	False	MNXM1107904	(S)-methylmalonyl-CoA	v3_gof_near	inserted_reaction_product	True	True	True	True
P__G6P__MNXM1108016	P	G6P	MNXM1364111	gradient	False	MNXM1108016	nicotinate beta-D-ribonucleotide	v3_gof_near	inserted_reaction_product	True	True	True	True
P__G6P__MNXM115	P	G6P	MNXM1364111	gradient	False	MNXM115	phosphatidylethanolamine	v1_panel,v3_gof_target	carried,exact_name_in_X	False	False	True	True
P__G6P__MNXM1364019	P	G6P	MNXM1364111	gradient	False	MNXM1364019	UDP-alpha-D-glucose	v3_gof_near	inserted_reaction_product	True	True	True	True
P__G6P__MNXM1364174	P	G6P	MNXM1364111	gradient	False	MNXM1364174	N-acetyl-beta-D-glucosamine 6-phosphate	v3_gof_near	inserted_reaction_product	True	True	True	True
P__G6P__MNXM1364229	P	G6P	MNXM1364111	gradient	False	MNXM1364229	beta-D-fructose 1,6-bisphosphate	v3_gof_near	inserted_reaction_product	True	True	True	True
P__G6P__MNXM1364266	P	G6P	MNXM1364111	gradient	False	MNXM1364266	propanoyl-CoA	v3_gof_near	inserted_reaction_product	True	True	True	True
P__G6P__MNXM1364686	P	G6P	MNXM1364111	gradient	False	MNXM1364686	1D-myo-inositol 3-phosphate	v3_gof_near	inserted_reaction_product	False	False	True	True
P__G6P__MNXM1365590	P	G6P	MNXM1364111	gradient	False	MNXM1365590	molybdopterin	v3_gof_near	inserted_reaction_product	True	True	True	True
P__G6P__MNXM162231	P	G6P	MNXM1364111	gradient	False	MNXM162231	NAD(P)H	v3_gof_near	inserted_reaction_product	False	False	True	True
P__G6P__MNXM258	P	G6P	MNXM1364111	gradient	False	MNXM258	D-erythrose 4-phosphate	v3_gof_near	inserted_reaction_product	True	True	True	True
P__G6P__MNXM280	P	G6P	MNXM1364111	gradient	False	MNXM280	acetyl phosphate	v3_gof_near	inserted_reaction_product	True	True	True	True
P__G6P__MNXM5	P	G6P	MNXM1364111	gradient	False	MNXM5	NADP(+)	v3_gof_near	inserted_reaction_product	True	True	True	True
P__G6P__MNXM622	P	G6P	MNXM1364111	gradient	False	MNXM622	1-deoxy-D-xylulose 5-phosphate	v1_panel	carried	True	True	True	True
P__G6P__MNXM725992	P	G6P	MNXM1364111	gradient	False	MNXM725992	Phosphatidylglycerol	v1_panel	carried	False	False	True	True
P__G6P__MNXM727604	P	G6P	MNXM1364111	gradient	False	MNXM727604	(2R)-3-phosphoglycerate	v1_panel	carried	True	True	True	True
P__G6P__MNXM728294	P	G6P	MNXM1364111	gradient	False	MNXM728294	AMP	v1_panel	carried	True	True	True	True
P__G6P__MNXM729216	P	G6P	MNXM1364111	gradient	False	MNXM729216	N-acetylmuramate 6-phosphate	v3_gof_near	inserted_reaction_product	True	True	True	True
P__G6P__MNXM731760	P	G6P	MNXM1364111	gradient	False	MNXM731760	lipid IVA (E. coli)	v1_panel	carried	True	True	True	True
P__G6P__MNXM732166	P	G6P	MNXM1364111	gradient	False	MNXM732166	UDP-N-acetyl-alpha-D-muramoyl-L-alanyl-gamma-D-glutamyl-meso-2,6-diaminopimeloyl-D-alanyl-D-alanine	v1_panel	carried	True	True	True	True
P__G6P__MNXM734041	P	G6P	MNXM1364111	gradient	False	MNXM734041	dipalmitoyl phosphatidylglycerol	v1_panel	carried	True	True	True	True
P__G6P__MNXM736425	P	G6P	MNXM1364111	gradient	False	MNXM736425	Cardiolipin (tetrahexadecanoyl, n-C16:0)	v1_panel	carried	True	True	False	False
P__G6P__MNXM738702	P	G6P	MNXM1364111	gradient	False	MNXM738702	NADPH	v3_gof_target	exact_name_in_X	True	True	True	True
P__G6P__MNXM8	P	G6P	MNXM1364111	gradient	False	MNXM8	NAD(+)	v3_gof_near	inserted_reaction_product	True	True	True	True
P__G6P__MNXM83	P	G6P	MNXM1364111	gradient	False	MNXM83	isopentenyl diphosphate	v1_panel	carried	True	True	True	True
P__R5P__MNXM1101868	P	R5P	MNXM1363910	gradient	False	MNXM1101868	IMP	v1_panel,v3_gof_target	carried,exact_name_in_X	True	True	True	True
P__R5P__MNXM1104266	P	R5P	MNXM1363910	gradient	False	MNXM1104266	acetyl-CoA	v3_gof_near,v3_gof_target	exact_name_in_X,inserted_reaction_product	True	True	True	True
P__R5P__MNXM1104529	P	R5P	MNXM1363910	gradient	False	MNXM1104529	UDP-N-acetyl-alpha-D-glucosamine	v1_panel	carried	True	True	True	True
P__R5P__MNXM1104774	P	R5P	MNXM1363910	gradient	False	MNXM1104774	succinyl-CoA	v3_gof_target	exact_name_in_X	True	True	True	True
P__R5P__MNXM1104823	P	R5P	MNXM1363910	gradient	False	MNXM1104823	UMP	v1_panel	carried	True	True	True	True
P__R5P__MNXM1106093	P	R5P	MNXM1363910	gradient	False	MNXM1106093	malonyl-CoA	v3_gof_near,v3_gof_target	exact_name_in_X,inserted_reaction_product	True	True	True	True
P__R5P__MNXM1107904	P	R5P	MNXM1363910	gradient	False	MNXM1107904	(S)-methylmalonyl-CoA	v3_gof_near	inserted_reaction_product	True	True	True	True
P__R5P__MNXM1108016	P	R5P	MNXM1363910	gradient	False	MNXM1108016	nicotinate beta-D-ribonucleotide	v3_gof_near	inserted_reaction_product	True	True	True	True
P__R5P__MNXM115	P	R5P	MNXM1363910	gradient	False	MNXM115	phosphatidylethanolamine	v1_panel,v3_gof_target	carried,exact_name_in_X	False	False	True	True
P__R5P__MNXM1364019	P	R5P	MNXM1363910	gradient	False	MNXM1364019	UDP-alpha-D-glucose	v3_gof_near	inserted_reaction_product	True	True	True	True
P__R5P__MNXM1364174	P	R5P	MNXM1363910	gradient	False	MNXM1364174	N-acetyl-beta-D-glucosamine 6-phosphate	v3_gof_near	inserted_reaction_product	True	True	True	True
P__R5P__MNXM1364229	P	R5P	MNXM1363910	gradient	False	MNXM1364229	beta-D-fructose 1,6-bisphosphate	v3_gof_near	inserted_reaction_product	True	True	True	True
P__R5P__MNXM1364266	P	R5P	MNXM1363910	gradient	False	MNXM1364266	propanoyl-CoA	v3_gof_near	inserted_reaction_product	True	True	True	True
P__R5P__MNXM1364686	P	R5P	MNXM1363910	gradient	False	MNXM1364686	1D-myo-inositol 3-phosphate	v3_gof_near	inserted_reaction_product	False	False	True	True
P__R5P__MNXM1365590	P	R5P	MNXM1363910	gradient	False	MNXM1365590	molybdopterin	v3_gof_near	inserted_reaction_product	True	True	True	True
P__R5P__MNXM162231	P	R5P	MNXM1363910	gradient	False	MNXM162231	NAD(P)H	v3_gof_near	inserted_reaction_product	False	False	True	True
P__R5P__MNXM258	P	R5P	MNXM1363910	gradient	False	MNXM258	D-erythrose 4-phosphate	v3_gof_near	inserted_reaction_product	True	True	True	True
P__R5P__MNXM280	P	R5P	MNXM1363910	gradient	False	MNXM280	acetyl phosphate	v3_gof_near	inserted_reaction_product	True	True	True	True
P__R5P__MNXM5	P	R5P	MNXM1363910	gradient	False	MNXM5	NADP(+)	v3_gof_near	inserted_reaction_product	True	True	True	True
P__R5P__MNXM622	P	R5P	MNXM1363910	gradient	False	MNXM622	1-deoxy-D-xylulose 5-phosphate	v1_panel	carried	True	True	True	True
P__R5P__MNXM725992	P	R5P	MNXM1363910	gradient	False	MNXM725992	Phosphatidylglycerol	v1_panel	carried	False	False	True	True
P__R5P__MNXM727604	P	R5P	MNXM1363910	gradient	False	MNXM727604	(2R)-3-phosphoglycerate	v1_panel	carried	True	True	True	True
P__R5P__MNXM728294	P	R5P	MNXM1363910	gradient	False	MNXM728294	AMP	v1_panel	carried	True	True	True	True
P__R5P__MNXM729216	P	R5P	MNXM1363910	gradient	False	MNXM729216	N-acetylmuramate 6-phosphate	v3_gof_near	inserted_reaction_product	True	True	True	True
P__R5P__MNXM731760	P	R5P	MNXM1363910	gradient	False	MNXM731760	lipid IVA (E. coli)	v1_panel	carried	True	True	True	True
P__R5P__MNXM732166	P	R5P	MNXM1363910	gradient	False	MNXM732166	UDP-N-acetyl-alpha-D-muramoyl-L-alanyl-gamma-D-glutamyl-meso-2,6-diaminopimeloyl-D-alanyl-D-alanine	v1_panel	carried	True	True	True	True
P__R5P__MNXM734041	P	R5P	MNXM1363910	gradient	False	MNXM734041	dipalmitoyl phosphatidylglycerol	v1_panel	carried	True	True	True	True
P__R5P__MNXM736425	P	R5P	MNXM1363910	gradient	False	MNXM736425	Cardiolipin (tetrahexadecanoyl, n-C16:0)	v1_panel	carried	True	True	False	False
P__R5P__MNXM738702	P	R5P	MNXM1363910	gradient	False	MNXM738702	NADPH	v3_gof_target	exact_name_in_X	True	True	True	True
P__R5P__MNXM8	P	R5P	MNXM1363910	gradient	False	MNXM8	NAD(+)	v3_gof_near	inserted_reaction_product	True	True	True	True
P__R5P__MNXM83	P	R5P	MNXM1363910	gradient	False	MNXM83	isopentenyl diphosphate	v1_panel	carried	True	True	True	True
P__F6P__MNXM1101868	P	F6P	MNXM1107898	gradient	False	MNXM1101868	IMP	v1_panel,v3_gof_target	carried,exact_name_in_X	True	True	True	True
P__F6P__MNXM1104266	P	F6P	MNXM1107898	gradient	False	MNXM1104266	acetyl-CoA	v3_gof_near,v3_gof_target	exact_name_in_X,inserted_reaction_product	True	True	True	True
P__F6P__MNXM1104529	P	F6P	MNXM1107898	gradient	False	MNXM1104529	UDP-N-acetyl-alpha-D-glucosamine	v1_panel	carried	True	True	True	True
P__F6P__MNXM1104774	P	F6P	MNXM1107898	gradient	False	MNXM1104774	succinyl-CoA	v3_gof_target	exact_name_in_X	True	True	True	True
P__F6P__MNXM1104823	P	F6P	MNXM1107898	gradient	False	MNXM1104823	UMP	v1_panel	carried	True	True	True	True
P__F6P__MNXM1106093	P	F6P	MNXM1107898	gradient	False	MNXM1106093	malonyl-CoA	v3_gof_near,v3_gof_target	exact_name_in_X,inserted_reaction_product	True	True	True	True
P__F6P__MNXM1107904	P	F6P	MNXM1107898	gradient	False	MNXM1107904	(S)-methylmalonyl-CoA	v3_gof_near	inserted_reaction_product	True	True	True	True
P__F6P__MNXM1108016	P	F6P	MNXM1107898	gradient	False	MNXM1108016	nicotinate beta-D-ribonucleotide	v3_gof_near	inserted_reaction_product	True	True	True	True
P__F6P__MNXM115	P	F6P	MNXM1107898	gradient	False	MNXM115	phosphatidylethanolamine	v1_panel,v3_gof_target	carried,exact_name_in_X	False	False	True	True
P__F6P__MNXM1364019	P	F6P	MNXM1107898	gradient	False	MNXM1364019	UDP-alpha-D-glucose	v3_gof_near	inserted_reaction_product	True	True	True	True
P__F6P__MNXM1364174	P	F6P	MNXM1107898	gradient	False	MNXM1364174	N-acetyl-beta-D-glucosamine 6-phosphate	v3_gof_near	inserted_reaction_product	True	True	True	True
P__F6P__MNXM1364229	P	F6P	MNXM1107898	gradient	False	MNXM1364229	beta-D-fructose 1,6-bisphosphate	v3_gof_near	inserted_reaction_product	True	True	True	True
P__F6P__MNXM1364266	P	F6P	MNXM1107898	gradient	False	MNXM1364266	propanoyl-CoA	v3_gof_near	inserted_reaction_product	True	True	True	True
P__F6P__MNXM1364686	P	F6P	MNXM1107898	gradient	False	MNXM1364686	1D-myo-inositol 3-phosphate	v3_gof_near	inserted_reaction_product	False	False	True	True
P__F6P__MNXM1365590	P	F6P	MNXM1107898	gradient	False	MNXM1365590	molybdopterin	v3_gof_near	inserted_reaction_product	True	True	True	True
P__F6P__MNXM162231	P	F6P	MNXM1107898	gradient	False	MNXM162231	NAD(P)H	v3_gof_near	inserted_reaction_product	False	False	True	True
P__F6P__MNXM258	P	F6P	MNXM1107898	gradient	False	MNXM258	D-erythrose 4-phosphate	v3_gof_near	inserted_reaction_product	True	True	True	True
P__F6P__MNXM280	P	F6P	MNXM1107898	gradient	False	MNXM280	acetyl phosphate	v3_gof_near	inserted_reaction_product	True	True	True	True
P__F6P__MNXM5	P	F6P	MNXM1107898	gradient	False	MNXM5	NADP(+)	v3_gof_near	inserted_reaction_product	True	True	True	True
P__F6P__MNXM622	P	F6P	MNXM1107898	gradient	False	MNXM622	1-deoxy-D-xylulose 5-phosphate	v1_panel	carried	True	True	True	True
P__F6P__MNXM725992	P	F6P	MNXM1107898	gradient	False	MNXM725992	Phosphatidylglycerol	v1_panel	carried	False	False	True	True
P__F6P__MNXM727604	P	F6P	MNXM1107898	gradient	False	MNXM727604	(2R)-3-phosphoglycerate	v1_panel	carried	True	True	True	True
P__F6P__MNXM728294	P	F6P	MNXM1107898	gradient	False	MNXM728294	AMP	v1_panel	carried	True	True	True	True
P__F6P__MNXM729216	P	F6P	MNXM1107898	gradient	False	MNXM729216	N-acetylmuramate 6-phosphate	v3_gof_near	inserted_reaction_product	True	True	True	True
P__F6P__MNXM731760	P	F6P	MNXM1107898	gradient	False	MNXM731760	lipid IVA (E. coli)	v1_panel	carried	True	True	True	True
P__F6P__MNXM732166	P	F6P	MNXM1107898	gradient	False	MNXM732166	UDP-N-acetyl-alpha-D-muramoyl-L-alanyl-gamma-D-glutamyl-meso-2,6-diaminopimeloyl-D-alanyl-D-alanine	v1_panel	carried	True	True	True	True
P__F6P__MNXM734041	P	F6P	MNXM1107898	gradient	False	MNXM734041	dipalmitoyl phosphatidylglycerol	v1_panel	carried	True	True	True	True
P__F6P__MNXM736425	P	F6P	MNXM1107898	gradient	False	MNXM736425	Cardiolipin (tetrahexadecanoyl, n-C16:0)	v1_panel	carried	True	True	False	False
P__F6P__MNXM738702	P	F6P	MNXM1107898	gradient	False	MNXM738702	NADPH	v3_gof_target	exact_name_in_X	True	True	True	True
P__F6P__MNXM8	P	F6P	MNXM1107898	gradient	False	MNXM8	NAD(+)	v3_gof_near	inserted_reaction_product	True	True	True	True
P__F6P__MNXM83	P	F6P	MNXM1107898	gradient	False	MNXM83	isopentenyl diphosphate	v1_panel	carried	True	True	True	True
P__PEP__MNXM1101868	P	PEP	MNXM73	gradient	False	MNXM1101868	IMP	v1_panel,v3_gof_target	carried,exact_name_in_X	True	True	True	True
P__PEP__MNXM1104266	P	PEP	MNXM73	gradient	False	MNXM1104266	acetyl-CoA	v3_gof_near,v3_gof_target	exact_name_in_X,inserted_reaction_product	True	True	True	True
P__PEP__MNXM1104529	P	PEP	MNXM73	gradient	False	MNXM1104529	UDP-N-acetyl-alpha-D-glucosamine	v1_panel	carried	True	True	True	True
P__PEP__MNXM1104774	P	PEP	MNXM73	gradient	False	MNXM1104774	succinyl-CoA	v3_gof_target	exact_name_in_X	True	True	True	True
P__PEP__MNXM1104823	P	PEP	MNXM73	gradient	False	MNXM1104823	UMP	v1_panel	carried	True	True	True	True
P__PEP__MNXM1106093	P	PEP	MNXM73	gradient	False	MNXM1106093	malonyl-CoA	v3_gof_near,v3_gof_target	exact_name_in_X,inserted_reaction_product	True	True	True	True
P__PEP__MNXM1107904	P	PEP	MNXM73	gradient	False	MNXM1107904	(S)-methylmalonyl-CoA	v3_gof_near	inserted_reaction_product	True	True	True	True
P__PEP__MNXM1108016	P	PEP	MNXM73	gradient	False	MNXM1108016	nicotinate beta-D-ribonucleotide	v3_gof_near	inserted_reaction_product	True	True	True	True
P__PEP__MNXM115	P	PEP	MNXM73	gradient	False	MNXM115	phosphatidylethanolamine	v1_panel,v3_gof_target	carried,exact_name_in_X	False	False	True	True
P__PEP__MNXM1364019	P	PEP	MNXM73	gradient	False	MNXM1364019	UDP-alpha-D-glucose	v3_gof_near	inserted_reaction_product	True	True	True	True
P__PEP__MNXM1364174	P	PEP	MNXM73	gradient	False	MNXM1364174	N-acetyl-beta-D-glucosamine 6-phosphate	v3_gof_near	inserted_reaction_product	True	True	True	True
P__PEP__MNXM1364229	P	PEP	MNXM73	gradient	False	MNXM1364229	beta-D-fructose 1,6-bisphosphate	v3_gof_near	inserted_reaction_product	True	True	True	True
P__PEP__MNXM1364266	P	PEP	MNXM73	gradient	False	MNXM1364266	propanoyl-CoA	v3_gof_near	inserted_reaction_product	True	True	True	True
P__PEP__MNXM1364686	P	PEP	MNXM73	gradient	False	MNXM1364686	1D-myo-inositol 3-phosphate	v3_gof_near	inserted_reaction_product	False	False	True	True
P__PEP__MNXM1365590	P	PEP	MNXM73	gradient	False	MNXM1365590	molybdopterin	v3_gof_near	inserted_reaction_product	True	True	True	True
P__PEP__MNXM162231	P	PEP	MNXM73	gradient	False	MNXM162231	NAD(P)H	v3_gof_near	inserted_reaction_product	False	False	True	True
P__PEP__MNXM258	P	PEP	MNXM73	gradient	False	MNXM258	D-erythrose 4-phosphate	v3_gof_near	inserted_reaction_product	True	True	True	True
P__PEP__MNXM280	P	PEP	MNXM73	gradient	False	MNXM280	acetyl phosphate	v3_gof_near	inserted_reaction_product	True	True	True	True
P__PEP__MNXM5	P	PEP	MNXM73	gradient	False	MNXM5	NADP(+)	v3_gof_near	inserted_reaction_product	True	True	True	True
P__PEP__MNXM622	P	PEP	MNXM73	gradient	False	MNXM622	1-deoxy-D-xylulose 5-phosphate	v1_panel	carried	True	True	True	True
P__PEP__MNXM725992	P	PEP	MNXM73	gradient	False	MNXM725992	Phosphatidylglycerol	v1_panel	carried	False	False	True	True
P__PEP__MNXM727604	P	PEP	MNXM73	gradient	False	MNXM727604	(2R)-3-phosphoglycerate	v1_panel	carried	True	True	True	True
P__PEP__MNXM728294	P	PEP	MNXM73	gradient	False	MNXM728294	AMP	v1_panel	carried	True	True	True	True
P__PEP__MNXM729216	P	PEP	MNXM73	gradient	False	MNXM729216	N-acetylmuramate 6-phosphate	v3_gof_near	inserted_reaction_product	True	True	True	True
P__PEP__MNXM731760	P	PEP	MNXM73	gradient	False	MNXM731760	lipid IVA (E. coli)	v1_panel	carried	True	True	True	True
P__PEP__MNXM732166	P	PEP	MNXM73	gradient	False	MNXM732166	UDP-N-acetyl-alpha-D-muramoyl-L-alanyl-gamma-D-glutamyl-meso-2,6-diaminopimeloyl-D-alanyl-D-alanine	v1_panel	carried	True	True	True	True
P__PEP__MNXM734041	P	PEP	MNXM73	gradient	False	MNXM734041	dipalmitoyl phosphatidylglycerol	v1_panel	carried	True	True	True	True
P__PEP__MNXM736425	P	PEP	MNXM73	gradient	False	MNXM736425	Cardiolipin (tetrahexadecanoyl, n-C16:0)	v1_panel	carried	True	True	False	False
P__PEP__MNXM738702	P	PEP	MNXM73	gradient	False	MNXM738702	NADPH	v3_gof_target	exact_name_in_X	True	True	True	True
P__PEP__MNXM8	P	PEP	MNXM73	gradient	False	MNXM8	NAD(+)	v3_gof_near	inserted_reaction_product	True	True	True	True
P__PEP__MNXM83	P	PEP	MNXM73	gradient	False	MNXM83	isopentenyl diphosphate	v1_panel	carried	True	True	True	True
P__G3Pglyc__MNXM1101868	P	G3Pglyc	MNXM66	gradient	False	MNXM1101868	IMP	v1_panel,v3_gof_target	carried,exact_name_in_X	True	True	True	True
P__G3Pglyc__MNXM1104266	P	G3Pglyc	MNXM66	gradient	False	MNXM1104266	acetyl-CoA	v3_gof_near,v3_gof_target	exact_name_in_X,inserted_reaction_product	True	True	True	True
P__G3Pglyc__MNXM1104529	P	G3Pglyc	MNXM66	gradient	False	MNXM1104529	UDP-N-acetyl-alpha-D-glucosamine	v1_panel	carried	True	True	True	True
P__G3Pglyc__MNXM1104774	P	G3Pglyc	MNXM66	gradient	False	MNXM1104774	succinyl-CoA	v3_gof_target	exact_name_in_X	True	True	True	True
P__G3Pglyc__MNXM1104823	P	G3Pglyc	MNXM66	gradient	False	MNXM1104823	UMP	v1_panel	carried	True	True	True	True
P__G3Pglyc__MNXM1106093	P	G3Pglyc	MNXM66	gradient	False	MNXM1106093	malonyl-CoA	v3_gof_near,v3_gof_target	exact_name_in_X,inserted_reaction_product	True	True	True	True
P__G3Pglyc__MNXM1107904	P	G3Pglyc	MNXM66	gradient	False	MNXM1107904	(S)-methylmalonyl-CoA	v3_gof_near	inserted_reaction_product	True	True	True	True
P__G3Pglyc__MNXM1108016	P	G3Pglyc	MNXM66	gradient	False	MNXM1108016	nicotinate beta-D-ribonucleotide	v3_gof_near	inserted_reaction_product	True	True	True	True
P__G3Pglyc__MNXM115	P	G3Pglyc	MNXM66	gradient	False	MNXM115	phosphatidylethanolamine	v1_panel,v3_gof_target	carried,exact_name_in_X	False	False	True	True
P__G3Pglyc__MNXM1364019	P	G3Pglyc	MNXM66	gradient	False	MNXM1364019	UDP-alpha-D-glucose	v3_gof_near	inserted_reaction_product	True	True	True	True
P__G3Pglyc__MNXM1364174	P	G3Pglyc	MNXM66	gradient	False	MNXM1364174	N-acetyl-beta-D-glucosamine 6-phosphate	v3_gof_near	inserted_reaction_product	True	True	True	True
P__G3Pglyc__MNXM1364229	P	G3Pglyc	MNXM66	gradient	False	MNXM1364229	beta-D-fructose 1,6-bisphosphate	v3_gof_near	inserted_reaction_product	True	True	True	True
P__G3Pglyc__MNXM1364266	P	G3Pglyc	MNXM66	gradient	False	MNXM1364266	propanoyl-CoA	v3_gof_near	inserted_reaction_product	True	True	True	True
P__G3Pglyc__MNXM1364686	P	G3Pglyc	MNXM66	gradient	False	MNXM1364686	1D-myo-inositol 3-phosphate	v3_gof_near	inserted_reaction_product	False	False	True	True
P__G3Pglyc__MNXM1365590	P	G3Pglyc	MNXM66	gradient	False	MNXM1365590	molybdopterin	v3_gof_near	inserted_reaction_product	True	True	True	True
P__G3Pglyc__MNXM162231	P	G3Pglyc	MNXM66	gradient	False	MNXM162231	NAD(P)H	v3_gof_near	inserted_reaction_product	False	False	True	True
P__G3Pglyc__MNXM258	P	G3Pglyc	MNXM66	gradient	False	MNXM258	D-erythrose 4-phosphate	v3_gof_near	inserted_reaction_product	True	True	True	True
P__G3Pglyc__MNXM280	P	G3Pglyc	MNXM66	gradient	False	MNXM280	acetyl phosphate	v3_gof_near	inserted_reaction_product	True	True	True	True
P__G3Pglyc__MNXM5	P	G3Pglyc	MNXM66	gradient	False	MNXM5	NADP(+)	v3_gof_near	inserted_reaction_product	True	True	True	True
P__G3Pglyc__MNXM622	P	G3Pglyc	MNXM66	gradient	False	MNXM622	1-deoxy-D-xylulose 5-phosphate	v1_panel	carried	True	True	True	True
P__G3Pglyc__MNXM725992	P	G3Pglyc	MNXM66	gradient	False	MNXM725992	Phosphatidylglycerol	v1_panel	carried	False	False	True	True
P__G3Pglyc__MNXM727604	P	G3Pglyc	MNXM66	gradient	False	MNXM727604	(2R)-3-phosphoglycerate	v1_panel	carried	True	True	True	True
P__G3Pglyc__MNXM728294	P	G3Pglyc	MNXM66	gradient	False	MNXM728294	AMP	v1_panel	carried	True	True	True	True
P__G3Pglyc__MNXM729216	P	G3Pglyc	MNXM66	gradient	False	MNXM729216	N-acetylmuramate 6-phosphate	v3_gof_near	inserted_reaction_product	True	True	True	True
P__G3Pglyc__MNXM731760	P	G3Pglyc	MNXM66	gradient	False	MNXM731760	lipid IVA (E. coli)	v1_panel	carried	True	True	True	True
P__G3Pglyc__MNXM732166	P	G3Pglyc	MNXM66	gradient	False	MNXM732166	UDP-N-acetyl-alpha-D-muramoyl-L-alanyl-gamma-D-glutamyl-meso-2,6-diaminopimeloyl-D-alanyl-D-alanine	v1_panel	carried	True	True	True	True
P__G3Pglyc__MNXM734041	P	G3Pglyc	MNXM66	gradient	False	MNXM734041	dipalmitoyl phosphatidylglycerol	v1_panel	carried	True	True	True	True
P__G3Pglyc__MNXM736425	P	G3Pglyc	MNXM66	gradient	False	MNXM736425	Cardiolipin (tetrahexadecanoyl, n-C16:0)	v1_panel	carried	True	True	False	False
P__G3Pglyc__MNXM738702	P	G3Pglyc	MNXM66	gradient	False	MNXM738702	NADPH	v3_gof_target	exact_name_in_X	True	True	True	True
P__G3Pglyc__MNXM8	P	G3Pglyc	MNXM66	gradient	False	MNXM8	NAD(+)	v3_gof_near	inserted_reaction_product	True	True	True	True
P__G3Pglyc__MNXM83	P	G3Pglyc	MNXM66	gradient	False	MNXM83	isopentenyl diphosphate	v1_panel	carried	True	True	True	True
P__AMP__MNXM1101868	P	AMP	MNXM728294	hub	False	MNXM1101868	IMP	v1_panel,v3_gof_target	carried,exact_name_in_X	True	True	True	True
P__AMP__MNXM1104266	P	AMP	MNXM728294	hub	False	MNXM1104266	acetyl-CoA	v3_gof_near,v3_gof_target	exact_name_in_X,inserted_reaction_product	True	True	True	True
P__AMP__MNXM1104529	P	AMP	MNXM728294	hub	False	MNXM1104529	UDP-N-acetyl-alpha-D-glucosamine	v1_panel	carried	True	True	True	True
P__AMP__MNXM1104774	P	AMP	MNXM728294	hub	False	MNXM1104774	succinyl-CoA	v3_gof_target	exact_name_in_X	True	True	True	True
P__AMP__MNXM1104823	P	AMP	MNXM728294	hub	False	MNXM1104823	UMP	v1_panel	carried	True	True	True	True
P__AMP__MNXM1106093	P	AMP	MNXM728294	hub	False	MNXM1106093	malonyl-CoA	v3_gof_near,v3_gof_target	exact_name_in_X,inserted_reaction_product	True	True	True	True
P__AMP__MNXM1107904	P	AMP	MNXM728294	hub	False	MNXM1107904	(S)-methylmalonyl-CoA	v3_gof_near	inserted_reaction_product	True	True	True	True
P__AMP__MNXM1108016	P	AMP	MNXM728294	hub	False	MNXM1108016	nicotinate beta-D-ribonucleotide	v3_gof_near	inserted_reaction_product	True	True	True	True
P__AMP__MNXM115	P	AMP	MNXM728294	hub	False	MNXM115	phosphatidylethanolamine	v1_panel,v3_gof_target	carried,exact_name_in_X	False	False	True	True
P__AMP__MNXM1364019	P	AMP	MNXM728294	hub	False	MNXM1364019	UDP-alpha-D-glucose	v3_gof_near	inserted_reaction_product	True	True	True	True
P__AMP__MNXM1364174	P	AMP	MNXM728294	hub	False	MNXM1364174	N-acetyl-beta-D-glucosamine 6-phosphate	v3_gof_near	inserted_reaction_product	True	True	True	True
P__AMP__MNXM1364229	P	AMP	MNXM728294	hub	False	MNXM1364229	beta-D-fructose 1,6-bisphosphate	v3_gof_near	inserted_reaction_product	True	True	True	True
P__AMP__MNXM1364266	P	AMP	MNXM728294	hub	False	MNXM1364266	propanoyl-CoA	v3_gof_near	inserted_reaction_product	True	True	True	True
P__AMP__MNXM1364686	P	AMP	MNXM728294	hub	False	MNXM1364686	1D-myo-inositol 3-phosphate	v3_gof_near	inserted_reaction_product	False	False	True	True
P__AMP__MNXM1365590	P	AMP	MNXM728294	hub	False	MNXM1365590	molybdopterin	v3_gof_near	inserted_reaction_product	True	True	True	True
P__AMP__MNXM162231	P	AMP	MNXM728294	hub	False	MNXM162231	NAD(P)H	v3_gof_near	inserted_reaction_product	False	False	True	True
P__AMP__MNXM258	P	AMP	MNXM728294	hub	False	MNXM258	D-erythrose 4-phosphate	v3_gof_near	inserted_reaction_product	True	True	True	True
P__AMP__MNXM280	P	AMP	MNXM728294	hub	False	MNXM280	acetyl phosphate	v3_gof_near	inserted_reaction_product	True	True	True	True
P__AMP__MNXM5	P	AMP	MNXM728294	hub	False	MNXM5	NADP(+)	v3_gof_near	inserted_reaction_product	True	True	True	True
P__AMP__MNXM622	P	AMP	MNXM728294	hub	False	MNXM622	1-deoxy-D-xylulose 5-phosphate	v1_panel	carried	True	True	True	True
P__AMP__MNXM725992	P	AMP	MNXM728294	hub	False	MNXM725992	Phosphatidylglycerol	v1_panel	carried	False	False	True	True
P__AMP__MNXM727604	P	AMP	MNXM728294	hub	False	MNXM727604	(2R)-3-phosphoglycerate	v1_panel	carried	True	True	True	True
P__AMP__MNXM729216	P	AMP	MNXM728294	hub	False	MNXM729216	N-acetylmuramate 6-phosphate	v3_gof_near	inserted_reaction_product	True	True	True	True
P__AMP__MNXM731760	P	AMP	MNXM728294	hub	False	MNXM731760	lipid IVA (E. coli)	v1_panel	carried	True	True	True	True
P__AMP__MNXM732166	P	AMP	MNXM728294	hub	False	MNXM732166	UDP-N-acetyl-alpha-D-muramoyl-L-alanyl-gamma-D-glutamyl-meso-2,6-diaminopimeloyl-D-alanyl-D-alanine	v1_panel	carried	True	True	True	True
P__AMP__MNXM734041	P	AMP	MNXM728294	hub	False	MNXM734041	dipalmitoyl phosphatidylglycerol	v1_panel	carried	True	True	True	True
P__AMP__MNXM736425	P	AMP	MNXM728294	hub	False	MNXM736425	Cardiolipin (tetrahexadecanoyl, n-C16:0)	v1_panel	carried	True	True	False	False
P__AMP__MNXM738702	P	AMP	MNXM728294	hub	False	MNXM738702	NADPH	v3_gof_target	exact_name_in_X	True	True	True	True
P__AMP__MNXM8	P	AMP	MNXM728294	hub	False	MNXM8	NAD(+)	v3_gof_near	inserted_reaction_product	True	True	True	True
P__AMP__MNXM83	P	AMP	MNXM728294	hub	False	MNXM83	isopentenyl diphosphate	v1_panel	carried	True	True	True	True
P__PPi__MNXM1101868	P	PPi	MNXM11	hub	False	MNXM1101868	IMP	v1_panel,v3_gof_target	carried,exact_name_in_X	True	True	True	True
P__PPi__MNXM1104266	P	PPi	MNXM11	hub	False	MNXM1104266	acetyl-CoA	v3_gof_near,v3_gof_target	exact_name_in_X,inserted_reaction_product	True	True	True	True
P__PPi__MNXM1104529	P	PPi	MNXM11	hub	False	MNXM1104529	UDP-N-acetyl-alpha-D-glucosamine	v1_panel	carried	True	True	True	True
P__PPi__MNXM1104774	P	PPi	MNXM11	hub	False	MNXM1104774	succinyl-CoA	v3_gof_target	exact_name_in_X	True	True	True	True
P__PPi__MNXM1104823	P	PPi	MNXM11	hub	False	MNXM1104823	UMP	v1_panel	carried	True	True	True	True
P__PPi__MNXM1106093	P	PPi	MNXM11	hub	False	MNXM1106093	malonyl-CoA	v3_gof_near,v3_gof_target	exact_name_in_X,inserted_reaction_product	True	True	True	True
P__PPi__MNXM1107904	P	PPi	MNXM11	hub	False	MNXM1107904	(S)-methylmalonyl-CoA	v3_gof_near	inserted_reaction_product	True	True	True	True
P__PPi__MNXM1108016	P	PPi	MNXM11	hub	False	MNXM1108016	nicotinate beta-D-ribonucleotide	v3_gof_near	inserted_reaction_product	True	True	True	True
P__PPi__MNXM115	P	PPi	MNXM11	hub	False	MNXM115	phosphatidylethanolamine	v1_panel,v3_gof_target	carried,exact_name_in_X	False	False	True	True
P__PPi__MNXM1364019	P	PPi	MNXM11	hub	False	MNXM1364019	UDP-alpha-D-glucose	v3_gof_near	inserted_reaction_product	True	True	True	True
P__PPi__MNXM1364174	P	PPi	MNXM11	hub	False	MNXM1364174	N-acetyl-beta-D-glucosamine 6-phosphate	v3_gof_near	inserted_reaction_product	True	True	True	True
P__PPi__MNXM1364229	P	PPi	MNXM11	hub	False	MNXM1364229	beta-D-fructose 1,6-bisphosphate	v3_gof_near	inserted_reaction_product	True	True	True	True
P__PPi__MNXM1364266	P	PPi	MNXM11	hub	False	MNXM1364266	propanoyl-CoA	v3_gof_near	inserted_reaction_product	True	True	True	True
P__PPi__MNXM1364686	P	PPi	MNXM11	hub	False	MNXM1364686	1D-myo-inositol 3-phosphate	v3_gof_near	inserted_reaction_product	False	False	True	True
P__PPi__MNXM1365590	P	PPi	MNXM11	hub	False	MNXM1365590	molybdopterin	v3_gof_near	inserted_reaction_product	True	True	True	True
P__PPi__MNXM162231	P	PPi	MNXM11	hub	False	MNXM162231	NAD(P)H	v3_gof_near	inserted_reaction_product	False	False	True	True
P__PPi__MNXM258	P	PPi	MNXM11	hub	False	MNXM258	D-erythrose 4-phosphate	v3_gof_near	inserted_reaction_product	True	True	True	True
P__PPi__MNXM280	P	PPi	MNXM11	hub	False	MNXM280	acetyl phosphate	v3_gof_near	inserted_reaction_product	True	True	True	True
P__PPi__MNXM5	P	PPi	MNXM11	hub	False	MNXM5	NADP(+)	v3_gof_near	inserted_reaction_product	True	True	True	True
P__PPi__MNXM622	P	PPi	MNXM11	hub	False	MNXM622	1-deoxy-D-xylulose 5-phosphate	v1_panel	carried	True	True	True	True
P__PPi__MNXM725992	P	PPi	MNXM11	hub	False	MNXM725992	Phosphatidylglycerol	v1_panel	carried	False	False	True	True
P__PPi__MNXM727604	P	PPi	MNXM11	hub	False	MNXM727604	(2R)-3-phosphoglycerate	v1_panel	carried	True	True	True	True
P__PPi__MNXM728294	P	PPi	MNXM11	hub	False	MNXM728294	AMP	v1_panel	carried	True	True	True	True
P__PPi__MNXM729216	P	PPi	MNXM11	hub	False	MNXM729216	N-acetylmuramate 6-phosphate	v3_gof_near	inserted_reaction_product	True	True	True	True
P__PPi__MNXM731760	P	PPi	MNXM11	hub	False	MNXM731760	lipid IVA (E. coli)	v1_panel	carried	True	True	True	True
P__PPi__MNXM732166	P	PPi	MNXM11	hub	False	MNXM732166	UDP-N-acetyl-alpha-D-muramoyl-L-alanyl-gamma-D-glutamyl-meso-2,6-diaminopimeloyl-D-alanyl-D-alanine	v1_panel	carried	True	True	True	True
P__PPi__MNXM734041	P	PPi	MNXM11	hub	False	MNXM734041	dipalmitoyl phosphatidylglycerol	v1_panel	carried	True	True	True	True
P__PPi__MNXM736425	P	PPi	MNXM11	hub	False	MNXM736425	Cardiolipin (tetrahexadecanoyl, n-C16:0)	v1_panel	carried	True	True	False	False
P__PPi__MNXM738702	P	PPi	MNXM11	hub	False	MNXM738702	NADPH	v3_gof_target	exact_name_in_X	True	True	True	True
P__PPi__MNXM8	P	PPi	MNXM11	hub	False	MNXM8	NAD(+)	v3_gof_near	inserted_reaction_product	True	True	True	True
P__PPi__MNXM83	P	PPi	MNXM11	hub	False	MNXM83	isopentenyl diphosphate	v1_panel	carried	True	True	True	True
P__ADP__MNXM1101868	P	ADP	MNXM40333	hub	False	MNXM1101868	IMP	v1_panel,v3_gof_target	carried,exact_name_in_X	True	True	True	True
P__ADP__MNXM1104266	P	ADP	MNXM40333	hub	False	MNXM1104266	acetyl-CoA	v3_gof_near,v3_gof_target	exact_name_in_X,inserted_reaction_product	True	True	True	True
P__ADP__MNXM1104529	P	ADP	MNXM40333	hub	False	MNXM1104529	UDP-N-acetyl-alpha-D-glucosamine	v1_panel	carried	True	True	True	True
P__ADP__MNXM1104774	P	ADP	MNXM40333	hub	False	MNXM1104774	succinyl-CoA	v3_gof_target	exact_name_in_X	True	True	True	True
P__ADP__MNXM1104823	P	ADP	MNXM40333	hub	False	MNXM1104823	UMP	v1_panel	carried	True	True	True	True
P__ADP__MNXM1106093	P	ADP	MNXM40333	hub	False	MNXM1106093	malonyl-CoA	v3_gof_near,v3_gof_target	exact_name_in_X,inserted_reaction_product	True	True	True	True
P__ADP__MNXM1107904	P	ADP	MNXM40333	hub	False	MNXM1107904	(S)-methylmalonyl-CoA	v3_gof_near	inserted_reaction_product	True	True	True	True
P__ADP__MNXM1108016	P	ADP	MNXM40333	hub	False	MNXM1108016	nicotinate beta-D-ribonucleotide	v3_gof_near	inserted_reaction_product	True	True	True	True
P__ADP__MNXM115	P	ADP	MNXM40333	hub	False	MNXM115	phosphatidylethanolamine	v1_panel,v3_gof_target	carried,exact_name_in_X	False	False	True	True
P__ADP__MNXM1364019	P	ADP	MNXM40333	hub	False	MNXM1364019	UDP-alpha-D-glucose	v3_gof_near	inserted_reaction_product	True	True	True	True
P__ADP__MNXM1364174	P	ADP	MNXM40333	hub	False	MNXM1364174	N-acetyl-beta-D-glucosamine 6-phosphate	v3_gof_near	inserted_reaction_product	True	True	True	True
P__ADP__MNXM1364229	P	ADP	MNXM40333	hub	False	MNXM1364229	beta-D-fructose 1,6-bisphosphate	v3_gof_near	inserted_reaction_product	True	True	True	True
P__ADP__MNXM1364266	P	ADP	MNXM40333	hub	False	MNXM1364266	propanoyl-CoA	v3_gof_near	inserted_reaction_product	True	True	True	True
P__ADP__MNXM1364686	P	ADP	MNXM40333	hub	False	MNXM1364686	1D-myo-inositol 3-phosphate	v3_gof_near	inserted_reaction_product	False	False	True	True
P__ADP__MNXM1365590	P	ADP	MNXM40333	hub	False	MNXM1365590	molybdopterin	v3_gof_near	inserted_reaction_product	True	True	True	True
P__ADP__MNXM162231	P	ADP	MNXM40333	hub	False	MNXM162231	NAD(P)H	v3_gof_near	inserted_reaction_product	False	False	True	True
P__ADP__MNXM258	P	ADP	MNXM40333	hub	False	MNXM258	D-erythrose 4-phosphate	v3_gof_near	inserted_reaction_product	True	True	True	True
P__ADP__MNXM280	P	ADP	MNXM40333	hub	False	MNXM280	acetyl phosphate	v3_gof_near	inserted_reaction_product	True	True	True	True
P__ADP__MNXM5	P	ADP	MNXM40333	hub	False	MNXM5	NADP(+)	v3_gof_near	inserted_reaction_product	True	True	True	True
P__ADP__MNXM622	P	ADP	MNXM40333	hub	False	MNXM622	1-deoxy-D-xylulose 5-phosphate	v1_panel	carried	True	True	True	True
P__ADP__MNXM725992	P	ADP	MNXM40333	hub	False	MNXM725992	Phosphatidylglycerol	v1_panel	carried	False	False	True	True
P__ADP__MNXM727604	P	ADP	MNXM40333	hub	False	MNXM727604	(2R)-3-phosphoglycerate	v1_panel	carried	True	True	True	True
P__ADP__MNXM728294	P	ADP	MNXM40333	hub	False	MNXM728294	AMP	v1_panel	carried	True	True	True	True
P__ADP__MNXM729216	P	ADP	MNXM40333	hub	False	MNXM729216	N-acetylmuramate 6-phosphate	v3_gof_near	inserted_reaction_product	True	True	True	True
P__ADP__MNXM731760	P	ADP	MNXM40333	hub	False	MNXM731760	lipid IVA (E. coli)	v1_panel	carried	True	True	True	True
P__ADP__MNXM732166	P	ADP	MNXM40333	hub	False	MNXM732166	UDP-N-acetyl-alpha-D-muramoyl-L-alanyl-gamma-D-glutamyl-meso-2,6-diaminopimeloyl-D-alanyl-D-alanine	v1_panel	carried	True	True	True	True
P__ADP__MNXM734041	P	ADP	MNXM40333	hub	False	MNXM734041	dipalmitoyl phosphatidylglycerol	v1_panel	carried	True	True	True	True
P__ADP__MNXM736425	P	ADP	MNXM40333	hub	False	MNXM736425	Cardiolipin (tetrahexadecanoyl, n-C16:0)	v1_panel	carried	True	True	False	False
P__ADP__MNXM738702	P	ADP	MNXM40333	hub	False	MNXM738702	NADPH	v3_gof_target	exact_name_in_X	True	True	True	True
P__ADP__MNXM8	P	ADP	MNXM40333	hub	False	MNXM8	NAD(+)	v3_gof_near	inserted_reaction_product	True	True	True	True
P__ADP__MNXM83	P	ADP	MNXM40333	hub	False	MNXM83	isopentenyl diphosphate	v1_panel	carried	True	True	True	True
P__phosphate__MNXM1101868	P	phosphate	MNXM9	hub	False	MNXM1101868	IMP	v1_panel,v3_gof_target	carried,exact_name_in_X	True	True	True	True
P__phosphate__MNXM1104266	P	phosphate	MNXM9	hub	False	MNXM1104266	acetyl-CoA	v3_gof_near,v3_gof_target	exact_name_in_X,inserted_reaction_product	True	True	True	True
P__phosphate__MNXM1104529	P	phosphate	MNXM9	hub	False	MNXM1104529	UDP-N-acetyl-alpha-D-glucosamine	v1_panel	carried	True	True	True	True
P__phosphate__MNXM1104774	P	phosphate	MNXM9	hub	False	MNXM1104774	succinyl-CoA	v3_gof_target	exact_name_in_X	True	True	True	True
P__phosphate__MNXM1104823	P	phosphate	MNXM9	hub	False	MNXM1104823	UMP	v1_panel	carried	True	True	True	True
P__phosphate__MNXM1106093	P	phosphate	MNXM9	hub	False	MNXM1106093	malonyl-CoA	v3_gof_near,v3_gof_target	exact_name_in_X,inserted_reaction_product	True	True	True	True
P__phosphate__MNXM1107904	P	phosphate	MNXM9	hub	False	MNXM1107904	(S)-methylmalonyl-CoA	v3_gof_near	inserted_reaction_product	True	True	True	True
P__phosphate__MNXM1108016	P	phosphate	MNXM9	hub	False	MNXM1108016	nicotinate beta-D-ribonucleotide	v3_gof_near	inserted_reaction_product	True	True	True	True
P__phosphate__MNXM115	P	phosphate	MNXM9	hub	False	MNXM115	phosphatidylethanolamine	v1_panel,v3_gof_target	carried,exact_name_in_X	False	False	True	True
P__phosphate__MNXM1364019	P	phosphate	MNXM9	hub	False	MNXM1364019	UDP-alpha-D-glucose	v3_gof_near	inserted_reaction_product	True	True	True	True
P__phosphate__MNXM1364174	P	phosphate	MNXM9	hub	False	MNXM1364174	N-acetyl-beta-D-glucosamine 6-phosphate	v3_gof_near	inserted_reaction_product	True	True	True	True
P__phosphate__MNXM1364229	P	phosphate	MNXM9	hub	False	MNXM1364229	beta-D-fructose 1,6-bisphosphate	v3_gof_near	inserted_reaction_product	True	True	True	True
P__phosphate__MNXM1364266	P	phosphate	MNXM9	hub	False	MNXM1364266	propanoyl-CoA	v3_gof_near	inserted_reaction_product	True	True	True	True
P__phosphate__MNXM1364686	P	phosphate	MNXM9	hub	False	MNXM1364686	1D-myo-inositol 3-phosphate	v3_gof_near	inserted_reaction_product	False	False	True	True
P__phosphate__MNXM1365590	P	phosphate	MNXM9	hub	False	MNXM1365590	molybdopterin	v3_gof_near	inserted_reaction_product	True	True	True	True
P__phosphate__MNXM162231	P	phosphate	MNXM9	hub	False	MNXM162231	NAD(P)H	v3_gof_near	inserted_reaction_product	False	False	True	True
P__phosphate__MNXM258	P	phosphate	MNXM9	hub	False	MNXM258	D-erythrose 4-phosphate	v3_gof_near	inserted_reaction_product	True	True	True	True
P__phosphate__MNXM280	P	phosphate	MNXM9	hub	False	MNXM280	acetyl phosphate	v3_gof_near	inserted_reaction_product	True	True	True	True
P__phosphate__MNXM5	P	phosphate	MNXM9	hub	False	MNXM5	NADP(+)	v3_gof_near	inserted_reaction_product	True	True	True	True
P__phosphate__MNXM622	P	phosphate	MNXM9	hub	False	MNXM622	1-deoxy-D-xylulose 5-phosphate	v1_panel	carried	True	True	True	True
P__phosphate__MNXM725992	P	phosphate	MNXM9	hub	False	MNXM725992	Phosphatidylglycerol	v1_panel	carried	False	False	True	True
P__phosphate__MNXM727604	P	phosphate	MNXM9	hub	False	MNXM727604	(2R)-3-phosphoglycerate	v1_panel	carried	True	True	True	True
P__phosphate__MNXM728294	P	phosphate	MNXM9	hub	False	MNXM728294	AMP	v1_panel	carried	True	True	True	True
P__phosphate__MNXM729216	P	phosphate	MNXM9	hub	False	MNXM729216	N-acetylmuramate 6-phosphate	v3_gof_near	inserted_reaction_product	True	True	True	True
P__phosphate__MNXM731760	P	phosphate	MNXM9	hub	False	MNXM731760	lipid IVA (E. coli)	v1_panel	carried	True	True	True	True
P__phosphate__MNXM732166	P	phosphate	MNXM9	hub	False	MNXM732166	UDP-N-acetyl-alpha-D-muramoyl-L-alanyl-gamma-D-glutamyl-meso-2,6-diaminopimeloyl-D-alanyl-D-alanine	v1_panel	carried	True	True	True	True
P__phosphate__MNXM734041	P	phosphate	MNXM9	hub	False	MNXM734041	dipalmitoyl phosphatidylglycerol	v1_panel	carried	True	True	True	True
P__phosphate__MNXM736425	P	phosphate	MNXM9	hub	False	MNXM736425	Cardiolipin (tetrahexadecanoyl, n-C16:0)	v1_panel	carried	True	True	False	False
P__phosphate__MNXM738702	P	phosphate	MNXM9	hub	False	MNXM738702	NADPH	v3_gof_target	exact_name_in_X	True	True	True	True
P__phosphate__MNXM8	P	phosphate	MNXM9	hub	False	MNXM8	NAD(+)	v3_gof_near	inserted_reaction_product	True	True	True	True
P__phosphate__MNXM83	P	phosphate	MNXM9	hub	False	MNXM83	isopentenyl diphosphate	v1_panel	carried	True	True	True	True
P__ATP__MNXM1101868	P	ATP	MNXM3	hub	False	MNXM1101868	IMP	v1_panel,v3_gof_target	carried,exact_name_in_X	True	True	True	True
P__ATP__MNXM1104266	P	ATP	MNXM3	hub	False	MNXM1104266	acetyl-CoA	v3_gof_near,v3_gof_target	exact_name_in_X,inserted_reaction_product	True	True	True	True
P__ATP__MNXM1104529	P	ATP	MNXM3	hub	False	MNXM1104529	UDP-N-acetyl-alpha-D-glucosamine	v1_panel	carried	True	True	True	True
P__ATP__MNXM1104774	P	ATP	MNXM3	hub	False	MNXM1104774	succinyl-CoA	v3_gof_target	exact_name_in_X	True	True	True	True
P__ATP__MNXM1104823	P	ATP	MNXM3	hub	False	MNXM1104823	UMP	v1_panel	carried	True	True	True	True
P__ATP__MNXM1106093	P	ATP	MNXM3	hub	False	MNXM1106093	malonyl-CoA	v3_gof_near,v3_gof_target	exact_name_in_X,inserted_reaction_product	True	True	True	True
P__ATP__MNXM1107904	P	ATP	MNXM3	hub	False	MNXM1107904	(S)-methylmalonyl-CoA	v3_gof_near	inserted_reaction_product	True	True	True	True
P__ATP__MNXM1108016	P	ATP	MNXM3	hub	False	MNXM1108016	nicotinate beta-D-ribonucleotide	v3_gof_near	inserted_reaction_product	True	True	True	True
P__ATP__MNXM115	P	ATP	MNXM3	hub	False	MNXM115	phosphatidylethanolamine	v1_panel,v3_gof_target	carried,exact_name_in_X	False	False	True	True
P__ATP__MNXM1364019	P	ATP	MNXM3	hub	False	MNXM1364019	UDP-alpha-D-glucose	v3_gof_near	inserted_reaction_product	True	True	True	True
P__ATP__MNXM1364174	P	ATP	MNXM3	hub	False	MNXM1364174	N-acetyl-beta-D-glucosamine 6-phosphate	v3_gof_near	inserted_reaction_product	True	True	True	True
P__ATP__MNXM1364229	P	ATP	MNXM3	hub	False	MNXM1364229	beta-D-fructose 1,6-bisphosphate	v3_gof_near	inserted_reaction_product	True	True	True	True
P__ATP__MNXM1364266	P	ATP	MNXM3	hub	False	MNXM1364266	propanoyl-CoA	v3_gof_near	inserted_reaction_product	True	True	True	True
P__ATP__MNXM1364686	P	ATP	MNXM3	hub	False	MNXM1364686	1D-myo-inositol 3-phosphate	v3_gof_near	inserted_reaction_product	False	False	True	True
P__ATP__MNXM1365590	P	ATP	MNXM3	hub	False	MNXM1365590	molybdopterin	v3_gof_near	inserted_reaction_product	True	True	True	True
P__ATP__MNXM162231	P	ATP	MNXM3	hub	False	MNXM162231	NAD(P)H	v3_gof_near	inserted_reaction_product	False	False	True	True
P__ATP__MNXM258	P	ATP	MNXM3	hub	False	MNXM258	D-erythrose 4-phosphate	v3_gof_near	inserted_reaction_product	True	True	True	True
P__ATP__MNXM280	P	ATP	MNXM3	hub	False	MNXM280	acetyl phosphate	v3_gof_near	inserted_reaction_product	True	True	True	True
P__ATP__MNXM5	P	ATP	MNXM3	hub	False	MNXM5	NADP(+)	v3_gof_near	inserted_reaction_product	True	True	True	True
P__ATP__MNXM622	P	ATP	MNXM3	hub	False	MNXM622	1-deoxy-D-xylulose 5-phosphate	v1_panel	carried	True	True	True	True
P__ATP__MNXM725992	P	ATP	MNXM3	hub	False	MNXM725992	Phosphatidylglycerol	v1_panel	carried	False	False	True	True
P__ATP__MNXM727604	P	ATP	MNXM3	hub	False	MNXM727604	(2R)-3-phosphoglycerate	v1_panel	carried	True	True	True	True
P__ATP__MNXM728294	P	ATP	MNXM3	hub	False	MNXM728294	AMP	v1_panel	carried	True	True	True	True
P__ATP__MNXM729216	P	ATP	MNXM3	hub	False	MNXM729216	N-acetylmuramate 6-phosphate	v3_gof_near	inserted_reaction_product	True	True	True	True
P__ATP__MNXM731760	P	ATP	MNXM3	hub	False	MNXM731760	lipid IVA (E. coli)	v1_panel	carried	True	True	True	True
P__ATP__MNXM732166	P	ATP	MNXM3	hub	False	MNXM732166	UDP-N-acetyl-alpha-D-muramoyl-L-alanyl-gamma-D-glutamyl-meso-2,6-diaminopimeloyl-D-alanyl-D-alanine	v1_panel	carried	True	True	True	True
P__ATP__MNXM734041	P	ATP	MNXM3	hub	False	MNXM734041	dipalmitoyl phosphatidylglycerol	v1_panel	carried	True	True	True	True
P__ATP__MNXM736425	P	ATP	MNXM3	hub	False	MNXM736425	Cardiolipin (tetrahexadecanoyl, n-C16:0)	v1_panel	carried	True	True	False	False
P__ATP__MNXM738702	P	ATP	MNXM3	hub	False	MNXM738702	NADPH	v3_gof_target	exact_name_in_X	True	True	True	True
P__ATP__MNXM8	P	ATP	MNXM3	hub	False	MNXM8	NAD(+)	v3_gof_near	inserted_reaction_product	True	True	True	True
P__ATP__MNXM83	P	ATP	MNXM3	hub	False	MNXM83	isopentenyl diphosphate	v1_panel	carried	True	True	True	True
P__AcCoA__MNXM1101868	P	AcCoA	MNXM1104266	carrier	True	MNXM1101868	IMP	v1_panel,v3_gof_target	carried,exact_name_in_X	True	True	True	True
P__AcCoA__MNXM1104529	P	AcCoA	MNXM1104266	carrier	True	MNXM1104529	UDP-N-acetyl-alpha-D-glucosamine	v1_panel	carried	True	True	True	True
P__AcCoA__MNXM1104774	P	AcCoA	MNXM1104266	carrier	True	MNXM1104774	succinyl-CoA	v3_gof_target	exact_name_in_X	True	True	True	True
P__AcCoA__MNXM1104823	P	AcCoA	MNXM1104266	carrier	True	MNXM1104823	UMP	v1_panel	carried	True	True	True	True
P__AcCoA__MNXM1106093	P	AcCoA	MNXM1104266	carrier	True	MNXM1106093	malonyl-CoA	v3_gof_near,v3_gof_target	exact_name_in_X,inserted_reaction_product	True	True	True	True
P__AcCoA__MNXM1107904	P	AcCoA	MNXM1104266	carrier	True	MNXM1107904	(S)-methylmalonyl-CoA	v3_gof_near	inserted_reaction_product	True	True	True	True
P__AcCoA__MNXM1108016	P	AcCoA	MNXM1104266	carrier	True	MNXM1108016	nicotinate beta-D-ribonucleotide	v3_gof_near	inserted_reaction_product	True	True	True	True
P__AcCoA__MNXM115	P	AcCoA	MNXM1104266	carrier	True	MNXM115	phosphatidylethanolamine	v1_panel,v3_gof_target	carried,exact_name_in_X	False	False	True	True
P__AcCoA__MNXM1364019	P	AcCoA	MNXM1104266	carrier	True	MNXM1364019	UDP-alpha-D-glucose	v3_gof_near	inserted_reaction_product	True	True	True	True
P__AcCoA__MNXM1364174	P	AcCoA	MNXM1104266	carrier	True	MNXM1364174	N-acetyl-beta-D-glucosamine 6-phosphate	v3_gof_near	inserted_reaction_product	True	True	True	True
P__AcCoA__MNXM1364229	P	AcCoA	MNXM1104266	carrier	True	MNXM1364229	beta-D-fructose 1,6-bisphosphate	v3_gof_near	inserted_reaction_product	True	True	True	True
P__AcCoA__MNXM1364266	P	AcCoA	MNXM1104266	carrier	True	MNXM1364266	propanoyl-CoA	v3_gof_near	inserted_reaction_product	True	True	True	True
P__AcCoA__MNXM1364686	P	AcCoA	MNXM1104266	carrier	True	MNXM1364686	1D-myo-inositol 3-phosphate	v3_gof_near	inserted_reaction_product	False	False	True	True
P__AcCoA__MNXM1365590	P	AcCoA	MNXM1104266	carrier	True	MNXM1365590	molybdopterin	v3_gof_near	inserted_reaction_product	True	True	True	True
P__AcCoA__MNXM162231	P	AcCoA	MNXM1104266	carrier	True	MNXM162231	NAD(P)H	v3_gof_near	inserted_reaction_product	False	False	True	True
P__AcCoA__MNXM258	P	AcCoA	MNXM1104266	carrier	True	MNXM258	D-erythrose 4-phosphate	v3_gof_near	inserted_reaction_product	True	True	True	True
P__AcCoA__MNXM280	P	AcCoA	MNXM1104266	carrier	True	MNXM280	acetyl phosphate	v3_gof_near	inserted_reaction_product	True	True	True	True
P__AcCoA__MNXM5	P	AcCoA	MNXM1104266	carrier	True	MNXM5	NADP(+)	v3_gof_near	inserted_reaction_product	True	True	True	True
P__AcCoA__MNXM622	P	AcCoA	MNXM1104266	carrier	True	MNXM622	1-deoxy-D-xylulose 5-phosphate	v1_panel	carried	True	True	True	True
P__AcCoA__MNXM725992	P	AcCoA	MNXM1104266	carrier	True	MNXM725992	Phosphatidylglycerol	v1_panel	carried	False	False	True	True
P__AcCoA__MNXM727604	P	AcCoA	MNXM1104266	carrier	True	MNXM727604	(2R)-3-phosphoglycerate	v1_panel	carried	True	True	True	True
P__AcCoA__MNXM728294	P	AcCoA	MNXM1104266	carrier	True	MNXM728294	AMP	v1_panel	carried	True	True	True	True
P__AcCoA__MNXM729216	P	AcCoA	MNXM1104266	carrier	True	MNXM729216	N-acetylmuramate 6-phosphate	v3_gof_near	inserted_reaction_product	True	True	True	True
P__AcCoA__MNXM731760	P	AcCoA	MNXM1104266	carrier	True	MNXM731760	lipid IVA (E. coli)	v1_panel	carried	True	True	True	True
P__AcCoA__MNXM732166	P	AcCoA	MNXM1104266	carrier	True	MNXM732166	UDP-N-acetyl-alpha-D-muramoyl-L-alanyl-gamma-D-glutamyl-meso-2,6-diaminopimeloyl-D-alanyl-D-alanine	v1_panel	carried	True	True	True	True
P__AcCoA__MNXM734041	P	AcCoA	MNXM1104266	carrier	True	MNXM734041	dipalmitoyl phosphatidylglycerol	v1_panel	carried	True	True	True	True
P__AcCoA__MNXM736425	P	AcCoA	MNXM1104266	carrier	True	MNXM736425	Cardiolipin (tetrahexadecanoyl, n-C16:0)	v1_panel	carried	True	True	False	False
P__AcCoA__MNXM738702	P	AcCoA	MNXM1104266	carrier	True	MNXM738702	NADPH	v3_gof_target	exact_name_in_X	True	True	True	True
P__AcCoA__MNXM8	P	AcCoA	MNXM1104266	carrier	True	MNXM8	NAD(+)	v3_gof_near	inserted_reaction_product	True	True	True	True
P__AcCoA__MNXM83	P	AcCoA	MNXM1104266	carrier	True	MNXM83	isopentenyl diphosphate	v1_panel	carried	True	True	True	True
P__CoA__MNXM1101868	P	CoA	MNXM727276	carrier	True	MNXM1101868	IMP	v1_panel,v3_gof_target	carried,exact_name_in_X	True	True	True	True
P__CoA__MNXM1104266	P	CoA	MNXM727276	carrier	True	MNXM1104266	acetyl-CoA	v3_gof_near,v3_gof_target	exact_name_in_X,inserted_reaction_product	True	True	True	True
P__CoA__MNXM1104529	P	CoA	MNXM727276	carrier	True	MNXM1104529	UDP-N-acetyl-alpha-D-glucosamine	v1_panel	carried	True	True	True	True
P__CoA__MNXM1104774	P	CoA	MNXM727276	carrier	True	MNXM1104774	succinyl-CoA	v3_gof_target	exact_name_in_X	True	True	True	True
P__CoA__MNXM1104823	P	CoA	MNXM727276	carrier	True	MNXM1104823	UMP	v1_panel	carried	True	True	True	True
P__CoA__MNXM1106093	P	CoA	MNXM727276	carrier	True	MNXM1106093	malonyl-CoA	v3_gof_near,v3_gof_target	exact_name_in_X,inserted_reaction_product	True	True	True	True
P__CoA__MNXM1107904	P	CoA	MNXM727276	carrier	True	MNXM1107904	(S)-methylmalonyl-CoA	v3_gof_near	inserted_reaction_product	True	True	True	True
P__CoA__MNXM1108016	P	CoA	MNXM727276	carrier	True	MNXM1108016	nicotinate beta-D-ribonucleotide	v3_gof_near	inserted_reaction_product	True	True	True	True
P__CoA__MNXM115	P	CoA	MNXM727276	carrier	True	MNXM115	phosphatidylethanolamine	v1_panel,v3_gof_target	carried,exact_name_in_X	False	False	True	True
P__CoA__MNXM1364019	P	CoA	MNXM727276	carrier	True	MNXM1364019	UDP-alpha-D-glucose	v3_gof_near	inserted_reaction_product	True	True	True	True
P__CoA__MNXM1364174	P	CoA	MNXM727276	carrier	True	MNXM1364174	N-acetyl-beta-D-glucosamine 6-phosphate	v3_gof_near	inserted_reaction_product	True	True	True	True
P__CoA__MNXM1364229	P	CoA	MNXM727276	carrier	True	MNXM1364229	beta-D-fructose 1,6-bisphosphate	v3_gof_near	inserted_reaction_product	True	True	True	True
P__CoA__MNXM1364266	P	CoA	MNXM727276	carrier	True	MNXM1364266	propanoyl-CoA	v3_gof_near	inserted_reaction_product	True	True	True	True
P__CoA__MNXM1364686	P	CoA	MNXM727276	carrier	True	MNXM1364686	1D-myo-inositol 3-phosphate	v3_gof_near	inserted_reaction_product	False	False	True	True
P__CoA__MNXM1365590	P	CoA	MNXM727276	carrier	True	MNXM1365590	molybdopterin	v3_gof_near	inserted_reaction_product	True	True	True	True
P__CoA__MNXM162231	P	CoA	MNXM727276	carrier	True	MNXM162231	NAD(P)H	v3_gof_near	inserted_reaction_product	False	False	True	True
P__CoA__MNXM258	P	CoA	MNXM727276	carrier	True	MNXM258	D-erythrose 4-phosphate	v3_gof_near	inserted_reaction_product	True	True	True	True
P__CoA__MNXM280	P	CoA	MNXM727276	carrier	True	MNXM280	acetyl phosphate	v3_gof_near	inserted_reaction_product	True	True	True	True
P__CoA__MNXM5	P	CoA	MNXM727276	carrier	True	MNXM5	NADP(+)	v3_gof_near	inserted_reaction_product	True	True	True	True
P__CoA__MNXM622	P	CoA	MNXM727276	carrier	True	MNXM622	1-deoxy-D-xylulose 5-phosphate	v1_panel	carried	True	True	True	True
P__CoA__MNXM725992	P	CoA	MNXM727276	carrier	True	MNXM725992	Phosphatidylglycerol	v1_panel	carried	False	False	True	True
P__CoA__MNXM727604	P	CoA	MNXM727276	carrier	True	MNXM727604	(2R)-3-phosphoglycerate	v1_panel	carried	True	True	True	True
P__CoA__MNXM728294	P	CoA	MNXM727276	carrier	True	MNXM728294	AMP	v1_panel	carried	True	True	True	True
P__CoA__MNXM729216	P	CoA	MNXM727276	carrier	True	MNXM729216	N-acetylmuramate 6-phosphate	v3_gof_near	inserted_reaction_product	True	True	True	True
P__CoA__MNXM731760	P	CoA	MNXM727276	carrier	True	MNXM731760	lipid IVA (E. coli)	v1_panel	carried	True	True	True	True
P__CoA__MNXM732166	P	CoA	MNXM727276	carrier	True	MNXM732166	UDP-N-acetyl-alpha-D-muramoyl-L-alanyl-gamma-D-glutamyl-meso-2,6-diaminopimeloyl-D-alanyl-D-alanine	v1_panel	carried	True	True	True	True
P__CoA__MNXM734041	P	CoA	MNXM727276	carrier	True	MNXM734041	dipalmitoyl phosphatidylglycerol	v1_panel	carried	True	True	True	True
P__CoA__MNXM736425	P	CoA	MNXM727276	carrier	True	MNXM736425	Cardiolipin (tetrahexadecanoyl, n-C16:0)	v1_panel	carried	True	True	False	False
P__CoA__MNXM738702	P	CoA	MNXM727276	carrier	True	MNXM738702	NADPH	v3_gof_target	exact_name_in_X	True	True	True	True
P__CoA__MNXM8	P	CoA	MNXM727276	carrier	True	MNXM8	NAD(+)	v3_gof_near	inserted_reaction_product	True	True	True	True
P__CoA__MNXM83	P	CoA	MNXM727276	carrier	True	MNXM83	isopentenyl diphosphate	v1_panel	carried	True	True	True	True
